{"type":"FeatureCollection","metadata":{"source":"Natural Earth 1:50m country boundaries derived from worldmap-location-ned-50m.svg","license":"Public domain"},"features":[{"type":"Feature","properties":{"iso3":"ABW","name":"Aruba"},"geometry":{"type":"MultiPolygon","coordinates":[[[[-69.364,11.945],[-69.364,11.815],[-69.364,11.945],[-69.495,11.945],[-69.495,12.076],[-69.364,12.076],[-69.364,11.945]]]]}},{"type":"Feature","properties":{"iso3":"AFG","name":"Afghanistan"},"geometry":{"type":"MultiPolygon","coordinates":[[[[75.291,36.687],[75.029,36.687],[74.767,36.556],[74.898,36.556],[74.898,36.425],[75.029,36.425],[74.898,36.425],[74.636,36.295],[72.935,36.295],[72.804,36.164],[72.542,36.164],[72.542,36.033],[72.411,36.033],[72.28,35.902],[72.018,35.902],[72.018,35.771],[71.887,35.771],[71.625,35.509],[71.756,35.378],[71.887,35.378],[71.887,34.985],[72.018,34.985],[72.018,34.593],[71.495,34.069],[71.495,33.938],[71.364,33.938],[71.495,33.938],[71.495,33.545],[71.233,33.415],[70.709,33.415],[70.447,33.545],[70.316,33.415],[70.316,33.284],[70.709,32.891],[70.709,32.76],[70.316,32.498],[69.924,32.498],[69.924,32.236],[69.793,32.236],[69.793,31.975],[69.662,31.975],[69.662,31.32],[69.4,31.058],[69.269,31.058],[69.138,31.189],[68.615,31.189],[68.222,30.927],[67.96,30.927],[68.091,30.796],[68.222,30.796],[68.091,30.796],[67.96,30.665],[67.567,30.665],[67.436,30.796],[67.305,30.796],[67.305,30.665],[67.175,30.665],[67.044,30.535],[67.044,30.404],[66.782,30.404],[66.782,30.273],[66.651,30.011],[66.782,30.011],[66.782,29.749],[66.651,29.618],[66.651,29.487],[66.782,29.356],[66.651,29.356],[66.651,29.225],[66.389,29.225],[66.127,29.095],[65.865,29.095],[65.604,28.964],[64.556,28.964],[64.556,28.833],[64.033,28.964],[62.855,28.833],[61.938,29.095],[61.284,29.356],[61.545,29.618],[61.807,29.749],[61.938,30.011],[62.2,30.273],[62.2,30.665],[62.069,30.796],[61.807,30.927],[61.284,30.927],[61.153,31.058],[61.284,31.189],[61.153,31.32],[61.153,31.451],[61.284,31.582],[61.284,31.713],[61.153,32.105],[61.022,32.236],[61.022,32.629],[61.284,32.891],[61.284,33.022],[60.891,33.022],[60.891,33.545],[61.022,33.676],[61.022,33.807],[61.284,33.807],[61.153,33.938],[61.284,33.938],[61.284,34.069],[61.415,34.069],[61.415,34.2],[61.545,34.331],[61.545,34.724],[61.676,34.724],[61.676,35.116],[61.807,35.116],[61.807,34.985],[61.938,34.855],[62.462,34.855],[62.593,34.724],[62.724,34.724],[62.724,34.593],[62.855,34.724],[63.116,34.724],[63.247,34.855],[63.509,34.855],[63.509,35.116],[63.64,35.116],[63.509,35.247],[63.771,35.247],[63.902,35.378],[64.164,35.378],[64.295,35.509],[64.556,35.509],[64.556,35.64],[64.818,35.64],[65.08,36.033],[65.211,36.556],[65.342,36.687],[65.996,36.687],[65.996,36.818],[66.127,36.949],[66.389,36.949],[66.52,36.818],[67.436,36.818],[67.567,36.687],[68.222,36.687],[68.222,36.556],[68.353,36.425],[68.745,36.425],[68.745,36.556],[68.876,36.556],[69.007,36.687],[69.269,36.687],[69.269,36.818],[69.4,36.818],[69.662,36.556],[69.793,36.556],[69.793,36.949],[69.924,36.949],[70.055,37.08],[70.316,37.08],[70.447,36.949],[70.578,36.949],[70.578,37.08],[70.709,37.08],[70.709,37.211],[70.578,37.342],[70.709,37.342],[70.709,37.473],[70.84,37.473],[71.102,37.735],[71.102,37.865],[71.495,37.865],[71.756,37.604],[71.756,37.342],[72.018,37.342],[72.018,37.211],[71.887,37.08],[71.887,36.425],[72.018,36.295],[72.018,36.164],[72.411,36.164],[72.804,36.425],[73.065,36.425],[73.327,36.687],[73.851,36.949],[73.982,36.949],[74.113,36.818],[74.113,36.687],[74.375,36.687],[74.505,36.818],[75.16,36.818],[75.291,36.687]]]]}},{"type":"Feature","properties":{"iso3":"AGO","name":"Angola"},"geometry":{"type":"MultiPolygon","coordinates":[[[[14.68,-6.251],[14.811,-6.382],[15.073,-6.251],[16.775,-6.251],[17.167,-6.644],[17.167,-7.036],[17.429,-7.429],[17.429,-7.822],[17.56,-7.822],[17.822,-8.345],[17.953,-8.476],[18.738,-8.476],[18.869,-8.345],[19.131,-8.345],[19.262,-8.476],[19.524,-8.476],[19.785,-8.345],[19.785,-7.953],[19.916,-7.953],[19.916,-7.56],[20.047,-7.429],[20.571,-7.429],[20.964,-7.298],[20.964,-7.691],[22.273,-7.691],[22.273,-8.084],[22.142,-8.345],[22.273,-8.476],[22.273,-10.047],[22.665,-10.44],[22.665,-10.964],[22.796,-11.095],[22.665,-11.225],[22.665,-11.618],[22.796,-11.618],[22.927,-11.487],[23.582,-11.487],[23.844,-11.356],[23.975,-11.356],[24.105,-11.487],[24.236,-11.487],[24.367,-11.356],[24.367,-11.487],[24.498,-11.618],[24.498,-11.88],[24.367,-12.011],[24.367,-13.451],[22.404,-13.451],[22.404,-16.724],[22.535,-16.985],[22.927,-17.247],[22.927,-17.378],[23.189,-17.509],[23.32,-17.771],[23.844,-18.033],[23.451,-18.164],[23.058,-18.164],[22.796,-18.295],[22.404,-18.295],[22.142,-18.425],[20.964,-18.425],[20.833,-18.295],[19.524,-18.295],[19.393,-18.164],[19.131,-18.164],[18.869,-17.902],[18.869,-17.771],[14.156,-17.771],[14.156,-17.64],[14.025,-17.509],[13.895,-17.509],[13.895,-17.378],[13.371,-17.378],[13.109,-17.64],[12.193,-17.64],[12.193,-16.2],[12.324,-16.2],[12.455,-16.069],[12.455,-15.676],[12.978,-14.236],[12.978,-13.844],[13.371,-13.451],[13.371,-13.189],[13.895,-12.927],[14.156,-12.535],[14.156,-11.88],[14.287,-11.487],[14.287,-11.356],[14.156,-11.225],[14.156,-11.095],[14.025,-10.964],[14.025,-10.833],[13.895,-10.702],[13.764,-10.44],[13.764,-10.309],[13.633,-10.178],[13.633,-9.785],[13.371,-9.524],[13.371,-9.393],[13.502,-9.393],[13.502,-9.262],[13.502,-9.393],[13.764,-9.131],[13.764,-8.738],[13.24,-7.691],[13.24,-7.429],[12.716,-6.644],[12.716,-6.513],[12.978,-6.513],[13.24,-6.382],[13.371,-6.382],[13.502,-6.251],[14.68,-6.251]]],[[[12.716,-6.12],[12.585,-6.12],[12.585,-5.596],[12.455,-5.465],[12.455,-5.335],[12.847,-5.073],[12.978,-5.073],[13.24,-4.811],[13.371,-4.811],[13.371,-4.942],[13.502,-5.073],[13.371,-5.073],[12.978,-5.465],[12.847,-5.465],[12.978,-5.596],[12.978,-6.12],[12.716,-6.12]]]]}},{"type":"Feature","properties":{"iso3":"AIA","name":"Anguilla"},"geometry":{"type":"MultiPolygon","coordinates":[[[[-62.425,17.705],[-62.556,17.575],[-62.556,17.705],[-62.425,17.705]]]]}},{"type":"Feature","properties":{"iso3":"ALB","name":"Albania"},"geometry":{"type":"MultiPolygon","coordinates":[[[[20.44,42.055],[20.702,41.793],[20.833,41.793],[20.833,41.662],[20.964,41.662],[20.964,41.007],[20.833,41.007],[20.964,40.876],[20.964,40.615],[21.095,40.484],[21.095,40.353],[21.356,40.353],[21.356,40.222],[21.487,40.091],[21.487,39.96],[21.356,39.96],[21.095,39.698],[21.095,39.567],[20.833,39.567],[20.833,39.436],[20.702,39.436],[20.833,39.305],[20.833,39.175],[20.702,39.305],[20.702,39.175],[20.571,39.044],[20.309,39.436],[19.916,39.698],[19.785,39.698],[19.785,39.829],[19.916,39.829],[19.916,39.96],[19.785,40.091],[19.785,40.222],[19.916,40.353],[19.916,41.007],[20.047,41.138],[20.047,41.269],[19.785,41.269],[19.785,41.531],[19.655,41.662],[19.785,41.662],[19.785,41.793],[20.047,42.055],[20.178,42.055],[20.178,41.924],[20.309,41.924],[20.44,42.055]]]]}},{"type":"Feature","properties":{"iso3":"AND","name":"Andorra"},"geometry":{"type":"MultiPolygon","coordinates":[[[[2.244,41.924],[1.982,41.924],[1.982,42.055],[2.244,42.055],[2.244,41.924]]]]}},{"type":"Feature","properties":{"iso3":"ARE","name":"United Arab Emirates"},"geometry":{"type":"MultiPolygon","coordinates":[[[[54.345,23.596],[54.084,23.596],[54.215,23.727],[54.345,23.596]]],[[[53.822,23.727],[53.56,23.727],[53.822,23.727],[53.822,23.858],[53.822,23.727]]],[[[54.869,23.858],[54.738,23.858],[54.869,23.989],[54.869,23.858]]],[[[56.571,25.036],[56.833,25.036],[56.833,24.382],[56.702,24.382],[56.702,24.251],[56.571,24.251],[56.44,24.12],[56.44,24.382],[56.309,24.382],[56.178,24.251],[56.178,23.727],[56.309,23.596],[56.44,23.596],[56.44,23.465],[55.916,23.465],[55.916,23.073],[55.655,22.68],[55.655,22.156],[55.524,22.025],[55.393,22.025],[55.262,22.156],[54.215,22.156],[54.084,22.287],[53.298,22.287],[53.167,22.418],[52.905,22.418],[52.905,22.549],[52.775,22.549],[52.775,22.68],[52.382,23.073],[52.382,23.204],[52.251,23.204],[52.251,23.335],[52.12,23.335],[52.12,23.465],[51.989,23.465],[51.989,23.727],[52.251,23.727],[52.251,23.465],[52.644,23.465],[52.905,23.596],[53.691,23.596],[54.345,23.465],[54.738,23.727],[54.869,23.727],[54.869,23.858],[55.0,23.989],[55.0,24.12],[55.131,24.12],[55.131,24.251],[55.785,24.644],[55.785,24.775],[55.916,24.775],[55.916,24.905],[56.309,25.298],[56.44,25.298],[56.44,25.56],[56.571,25.56],[56.571,25.036]]],[[[56.571,24.644],[56.702,24.644],[56.702,24.775],[56.571,24.644]]]]}},{"type":"Feature","properties":{"iso3":"ARG","name":"Argentina"},"geometry":{"type":"MultiPolygon","coordinates":[[[[-63.996,-55.08],[-63.865,-55.211],[-63.211,-55.211],[-63.996,-55.211],[-64.127,-55.342],[-64.258,-55.211],[-63.996,-55.211],[-63.996,-55.08]]],[[[-67.662,-53.378],[-67.662,-53.509],[-67.924,-53.509],[-67.924,-53.64],[-67.793,-53.771],[-67.531,-53.771],[-67.4,-54.033],[-67.269,-54.033],[-67.007,-54.295],[-66.484,-54.556],[-66.353,-54.687],[-66.091,-54.687],[-65.96,-54.818],[-65.436,-55.08],[-64.651,-55.08],[-64.651,-55.211],[-64.782,-55.342],[-65.698,-55.342],[-65.829,-55.473],[-66.091,-55.473],[-66.353,-55.342],[-67.269,-55.342],[-67.4,-55.211],[-68.055,-55.211],[-68.055,-55.342],[-68.055,-53.116],[-67.793,-53.378],[-67.662,-53.378]]],[[[-61.378,-39.633],[-61.247,-39.633],[-61.509,-39.633],[-61.509,-39.502],[-61.378,-39.502],[-61.378,-39.633]]],[[[-65.175,-22.484],[-64.389,-22.484],[-64.258,-22.615],[-63.996,-22.615],[-63.996,-22.745],[-63.865,-22.876],[-63.865,-23.138],[-63.735,-23.269],[-63.735,-23.007],[-63.604,-22.876],[-63.604,-22.745],[-63.473,-22.484],[-62.295,-22.484],[-62.164,-22.615],[-62.033,-22.615],[-62.033,-22.745],[-61.64,-23.007],[-61.378,-23.531],[-61.247,-23.662],[-61.116,-23.662],[-60.855,-23.924],[-60.593,-23.924],[-60.593,-24.055],[-60.331,-24.316],[-59.938,-24.447],[-59.545,-24.447],[-58.105,-25.233],[-57.975,-25.233],[-57.844,-25.364],[-57.582,-25.364],[-57.32,-25.625],[-57.058,-25.756],[-57.058,-26.018],[-57.32,-26.28],[-57.32,-26.411],[-57.451,-26.542],[-57.582,-26.542],[-57.582,-26.804],[-57.713,-26.935],[-57.582,-27.065],[-57.713,-27.065],[-57.713,-27.196],[-57.844,-27.196],[-57.713,-27.327],[-57.844,-27.327],[-58.105,-27.589],[-58.105,-27.72],[-57.32,-27.72],[-56.796,-27.851],[-56.273,-27.851],[-56.142,-27.982],[-56.011,-27.851],[-55.88,-27.982],[-55.749,-27.982],[-55.749,-27.851],[-55.618,-27.72],[-55.356,-27.72],[-55.356,-27.851],[-55.095,-27.851],[-55.095,-27.589],[-54.964,-27.589],[-54.702,-27.327],[-54.571,-27.327],[-54.44,-27.196],[-54.44,-27.065],[-54.309,-27.065],[-54.178,-26.935],[-54.178,-26.673],[-54.047,-26.411],[-54.047,-26.018],[-53.655,-26.018],[-53.655,-25.887],[-53.524,-26.018],[-53.393,-26.018],[-53.393,-26.149],[-53.262,-26.149],[-53.262,-26.411],[-53.131,-26.542],[-53.131,-27.065],[-53.262,-27.196],[-53.131,-27.196],[-53.131,-27.327],[-53.262,-27.458],[-53.262,-27.589],[-53.393,-27.589],[-53.524,-27.72],[-53.655,-27.72],[-53.655,-27.851],[-54.047,-27.851],[-54.047,-27.982],[-54.309,-27.982],[-54.309,-28.113],[-54.44,-28.113],[-54.44,-28.244],[-54.571,-28.244],[-54.702,-28.375],[-54.833,-28.375],[-54.833,-28.505],[-54.964,-28.505],[-55.225,-28.636],[-55.095,-28.767],[-55.356,-28.767],[-55.356,-28.898],[-55.487,-28.898],[-55.487,-29.029],[-55.88,-29.422],[-55.88,-29.553],[-56.011,-29.553],[-56.273,-29.815],[-56.404,-30.076],[-56.535,-30.076],[-56.796,-30.338],[-56.796,-30.469],[-57.058,-30.6],[-57.058,-30.731],[-57.189,-30.862],[-57.32,-30.862],[-57.32,-31.124],[-57.189,-31.255],[-57.32,-31.385],[-57.32,-31.647],[-57.451,-31.778],[-57.451,-32.171],[-57.582,-32.302],[-57.582,-32.956],[-57.713,-32.956],[-57.582,-33.48],[-57.844,-33.48],[-57.844,-33.742],[-57.975,-34.135],[-57.844,-34.265],[-57.844,-34.658],[-57.975,-34.658],[-57.975,-34.92],[-57.844,-34.92],[-57.713,-35.051],[-56.927,-35.444],[-56.796,-35.575],[-56.665,-35.836],[-56.665,-35.967],[-56.796,-36.098],[-56.796,-36.491],[-56.535,-36.753],[-56.142,-36.753],[-56.142,-37.407],[-56.535,-37.931],[-56.927,-38.324],[-56.927,-38.455],[-57.058,-38.585],[-57.582,-38.847],[-59.153,-39.24],[-60.331,-39.371],[-61.509,-39.371],[-61.64,-39.24],[-61.771,-39.24],[-61.771,-39.633],[-61.64,-39.633],[-61.509,-39.764],[-61.64,-39.764],[-61.509,-39.895],[-61.509,-40.025],[-61.64,-40.287],[-61.771,-40.287],[-61.771,-40.418],[-61.902,-40.68],[-61.902,-40.942],[-61.64,-41.073],[-61.902,-41.335],[-62.295,-41.465],[-62.425,-41.596],[-63.211,-41.596],[-63.865,-41.335],[-64.127,-41.335],[-64.258,-41.204],[-64.52,-41.204],[-64.52,-41.335],[-64.651,-41.335],[-64.651,-41.596],[-64.52,-41.727],[-64.52,-41.989],[-64.389,-42.12],[-64.52,-42.382],[-64.389,-42.513],[-64.389,-42.644],[-63.996,-42.644],[-63.996,-42.905],[-63.735,-42.905],[-63.604,-42.775],[-63.473,-42.775],[-63.473,-42.644],[-63.735,-42.644],[-63.473,-42.644],[-63.342,-42.513],[-63.211,-42.513],[-63.211,-42.644],[-63.08,-42.644],[-63.08,-43.167],[-63.604,-43.298],[-63.604,-43.167],[-63.996,-42.905],[-64.127,-42.905],[-64.258,-43.036],[-64.389,-43.036],[-64.52,-43.167],[-63.865,-43.429],[-63.735,-43.429],[-64.258,-43.56],[-64.782,-44.084],[-64.782,-44.215],[-64.651,-44.476],[-64.782,-44.607],[-64.651,-44.738],[-64.782,-44.738],[-64.782,-44.869],[-65.175,-45.262],[-65.044,-45.262],[-65.044,-45.393],[-65.698,-45.393],[-66.091,-45.655],[-66.353,-45.655],[-66.876,-46.178],[-67.007,-46.44],[-67.007,-46.833],[-66.876,-46.964],[-66.222,-47.487],[-65.436,-47.487],[-65.305,-47.618],[-65.175,-47.618],[-65.175,-48.011],[-65.305,-48.011],[-65.305,-48.142],[-65.436,-48.273],[-65.698,-48.273],[-65.305,-48.273],[-65.305,-48.404],[-65.436,-48.404],[-65.436,-48.535],[-65.829,-48.796],[-66.091,-48.796],[-66.484,-49.058],[-66.615,-49.058],[-66.876,-49.32],[-67.138,-49.713],[-67.269,-50.367],[-67.4,-50.367],[-67.531,-50.498],[-67.793,-50.498],[-68.055,-50.236],[-68.055,-50.367],[-68.447,-50.367],[-68.185,-50.367],[-68.055,-50.498],[-67.924,-50.498],[-67.924,-50.629],[-68.055,-50.629],[-68.185,-50.76],[-68.447,-50.76],[-68.447,-50.891],[-68.578,-51.022],[-68.578,-51.284],[-68.709,-51.415],[-68.84,-51.415],[-68.709,-51.415],[-68.447,-51.676],[-68.447,-51.938],[-68.84,-51.938],[-68.971,-52.069],[-68.447,-52.069],[-68.185,-52.462],[-67.793,-52.724],[-68.185,-52.724],[-68.316,-52.593],[-68.971,-52.593],[-69.102,-52.462],[-71.327,-52.462],[-71.458,-52.331],[-71.458,-52.2],[-71.589,-52.2],[-71.851,-51.938],[-71.72,-51.676],[-71.851,-51.545],[-71.72,-51.415],[-71.72,-51.153],[-71.851,-51.022],[-72.375,-51.022],[-72.375,-51.153],[-72.636,-51.153],[-72.636,-51.022],[-72.767,-50.891],[-72.767,-50.629],[-73.029,-50.367],[-72.898,-50.236],[-72.898,-50.105],[-73.029,-49.975],[-73.029,-49.844],[-72.898,-49.844],[-72.898,-49.713],[-72.636,-49.713],[-72.636,-49.582],[-72.505,-49.582],[-72.505,-49.451],[-72.375,-49.451],[-72.244,-49.32],[-72.113,-49.32],[-72.113,-49.189],[-71.982,-49.189],[-71.982,-49.058],[-72.113,-48.927],[-71.982,-48.927],[-71.982,-48.796],[-71.851,-48.796],[-71.72,-48.665],[-71.72,-48.535],[-71.851,-48.404],[-71.982,-48.404],[-71.982,-48.273],[-71.851,-48.273],[-71.851,-48.142],[-71.72,-48.011],[-71.851,-47.88],[-71.72,-47.88],[-71.458,-47.618],[-71.327,-47.618],[-71.458,-47.487],[-71.458,-47.356],[-71.196,-47.095],[-71.196,-46.702],[-71.327,-46.571],[-71.196,-46.571],[-71.065,-46.44],[-71.065,-46.309],[-71.196,-46.309],[-71.196,-45.916],[-70.935,-45.916],[-70.804,-45.785],[-70.804,-45.655],[-70.935,-45.655],[-70.935,-45.524],[-71.065,-45.393],[-71.458,-45.393],[-71.458,-45.262],[-71.196,-45.262],[-71.065,-45.131],[-70.935,-45.131],[-70.804,-45.262],[-70.673,-45.131],[-70.673,-45.0],[-70.542,-45.0],[-70.542,-44.869],[-71.327,-44.869],[-71.327,-44.607],[-71.196,-44.607],[-71.196,-44.345],[-71.065,-44.345],[-71.196,-44.345],[-71.196,-43.953],[-71.327,-43.953],[-71.327,-43.691],[-71.196,-43.691],[-71.196,-43.56],[-71.458,-43.56],[-71.589,-43.429],[-71.589,-42.905],[-71.458,-42.905],[-71.458,-42.775],[-71.589,-42.775],[-71.589,-42.644],[-71.458,-42.644],[-71.458,-42.513],[-71.327,-42.644],[-71.327,-42.513],[-71.196,-42.513],[-71.196,-42.382],[-71.327,-42.251],[-71.327,-40.942],[-71.196,-40.811],[-71.196,-40.68],[-71.327,-40.549],[-71.196,-40.549],[-71.065,-40.418],[-71.065,-40.287],[-71.196,-40.156],[-71.196,-40.025],[-70.935,-40.025],[-70.935,-39.764],[-70.804,-39.764],[-70.804,-39.633],[-70.935,-39.371],[-70.804,-39.371],[-70.411,-39.109],[-70.28,-39.109],[-70.28,-38.978],[-70.411,-38.847],[-70.411,-38.455],[-70.673,-38.193],[-70.673,-38.062],[-70.542,-37.931],[-70.673,-37.8],[-70.673,-37.669],[-70.542,-37.669],[-70.542,-37.407],[-70.673,-37.276],[-70.411,-36.884],[-70.28,-36.884],[-70.018,-36.622],[-69.887,-36.622],[-69.887,-35.705],[-70.018,-35.705],[-69.756,-35.313],[-69.756,-35.051],[-69.625,-35.051],[-69.625,-34.92],[-69.495,-34.92],[-69.495,-34.658],[-69.233,-34.658],[-69.364,-34.658],[-69.364,-34.004],[-69.233,-33.873],[-69.233,-33.742],[-69.495,-33.742],[-69.495,-33.218],[-69.625,-33.087],[-69.625,-32.825],[-69.756,-32.695],[-69.756,-32.302],[-69.887,-32.302],[-70.018,-32.04],[-70.018,-31.516],[-69.756,-31.516],[-69.756,-31.124],[-69.625,-30.993],[-69.625,-30.731],[-69.495,-30.862],[-69.364,-30.731],[-69.364,-30.6],[-69.233,-30.6],[-69.364,-30.6],[-69.364,-29.945],[-69.495,-29.815],[-69.495,-29.684],[-69.364,-29.553],[-69.233,-29.553],[-69.233,-29.029],[-69.102,-29.029],[-69.102,-28.898],[-68.971,-28.767],[-68.971,-28.636],[-68.84,-28.636],[-68.84,-28.505],[-68.709,-28.375],[-68.578,-28.375],[-68.578,-28.113],[-68.447,-27.982],[-68.447,-27.851],[-68.316,-27.72],[-68.316,-27.589],[-68.055,-27.589],[-67.924,-27.458],[-67.793,-27.458],[-67.793,-27.196],[-68.055,-26.935],[-68.055,-26.804],[-67.793,-26.542],[-67.924,-26.542],[-67.924,-26.018],[-68.055,-25.887],[-67.793,-25.495],[-67.924,-25.495],[-67.924,-25.364],[-68.055,-25.233],[-67.924,-25.102],[-67.924,-24.971],[-67.793,-24.971],[-67.793,-24.84],[-67.662,-24.84],[-67.531,-24.709],[-67.269,-24.709],[-66.745,-24.447],[-66.745,-24.316],[-66.484,-23.662],[-66.484,-23.4],[-66.615,-23.269],[-66.615,-23.138],[-66.484,-23.138],[-66.484,-22.876],[-66.222,-22.876],[-66.222,-22.745],[-66.091,-22.615],[-65.96,-22.615],[-65.698,-22.353],[-65.698,-22.222],[-65.567,-22.222],[-65.567,-22.353],[-65.305,-22.484],[-65.175,-22.484]]]]}},{"type":"Feature","properties":{"iso3":"ARM","name":"Armenia"},"geometry":{"type":"MultiPolygon","coordinates":[[[[45.575,40.615],[45.444,40.484],[45.836,40.484],[45.836,40.353],[45.967,40.353],[45.967,40.222],[45.836,40.091],[45.836,39.96],[45.967,39.829],[46.098,39.829],[46.36,39.698],[46.36,39.436],[45.967,39.436],[46.098,39.436],[46.36,39.175],[46.491,39.175],[46.491,39.044],[46.884,39.044],[46.884,38.913],[46.753,38.913],[46.753,38.782],[46.884,38.782],[47.015,38.651],[46.884,38.651],[46.884,38.389],[46.753,38.389],[46.622,38.258],[46.491,38.258],[46.491,38.52],[46.36,38.651],[46.36,38.782],[46.229,38.782],[46.229,39.044],[46.098,39.044],[45.836,38.913],[45.705,39.044],[45.575,39.044],[45.575,39.175],[45.182,39.175],[44.789,39.436],[44.396,39.436],[44.265,39.567],[44.135,39.567],[44.135,39.698],[44.004,39.829],[44.004,39.96],[44.135,39.96],[44.135,40.222],[44.004,40.353],[44.004,40.484],[43.873,40.484],[43.873,40.615],[45.313,40.615],[45.182,40.745],[45.444,40.745],[45.575,40.615]]]]}},{"type":"Feature","properties":{"iso3":"ASM","name":"American Samoa"},"geometry":{"type":"MultiPolygon","coordinates":[[[[189.673,-14.76],[189.673,-14.76],[189.673,-14.76],[189.673,-14.629],[190.0,-14.629],[190.0,-14.76],[189.673,-14.76]]]]}},{"type":"Feature","properties":{"iso3":"ATG","name":"Antigua and Barbuda"},"geometry":{"type":"MultiPolygon","coordinates":[[[[-61.116,16.527],[-61.247,16.396],[-61.378,16.527],[-61.247,16.658],[-61.247,16.527],[-61.116,16.527]]]]}},{"type":"Feature","properties":{"iso3":"AUS","name":"Australia"},"geometry":{"type":"MultiPolygon","coordinates":[[[[159.236,-55.08],[159.236,-55.211],[159.236,-55.08],[159.236,-54.949],[159.236,-55.08]]],[[[147.815,-43.822],[147.684,-43.953],[147.553,-43.953],[147.553,-43.822],[147.684,-43.822],[147.684,-43.691],[147.815,-43.822]]],[[[147.815,-43.691],[147.815,-43.56],[147.684,-43.56],[147.815,-43.56],[147.815,-43.691]]],[[[148.469,-43.167],[148.469,-43.036],[148.6,-43.036],[148.469,-43.167]]],[[[145.458,-41.204],[145.72,-41.204],[145.851,-41.335],[146.113,-41.335],[146.505,-41.596],[147.029,-41.596],[147.16,-41.465],[147.16,-41.596],[147.291,-41.596],[147.291,-41.465],[147.684,-41.465],[147.684,-41.335],[147.815,-41.465],[147.945,-41.465],[147.945,-41.335],[148.338,-41.335],[148.338,-41.204],[148.469,-41.204],[148.6,-41.335],[148.731,-41.335],[148.731,-42.644],[148.731,-42.513],[148.6,-42.513],[148.731,-42.513],[148.6,-42.382],[148.6,-42.513],[148.469,-42.644],[148.469,-42.905],[148.338,-42.905],[148.338,-43.429],[148.469,-43.56],[148.207,-43.56],[148.207,-43.691],[148.076,-43.56],[148.076,-43.429],[148.207,-43.429],[148.207,-43.298],[147.945,-43.298],[147.945,-43.429],[147.815,-43.429],[147.815,-43.298],[147.684,-43.167],[147.684,-43.298],[147.815,-43.298],[147.815,-43.429],[147.684,-43.429],[147.684,-43.691],[147.553,-43.691],[147.422,-43.56],[147.422,-43.691],[147.553,-43.691],[147.422,-43.691],[147.422,-43.953],[147.291,-44.084],[147.16,-44.084],[147.029,-43.953],[146.505,-43.953],[146.375,-43.822],[146.636,-43.822],[146.636,-43.691],[146.244,-43.691],[145.851,-43.298],[145.589,-42.644],[145.851,-42.775],[145.851,-42.905],[145.982,-42.775],[145.851,-42.644],[145.72,-42.644],[145.72,-42.382],[145.327,-42.12],[145.196,-41.858],[145.196,-41.727],[145.065,-41.596],[145.196,-41.073],[145.196,-41.204],[145.458,-41.204]]],[[[145.196,-40.942],[145.196,-41.073],[145.196,-40.811],[145.196,-40.942]]],[[[148.731,-40.68],[148.862,-40.811],[148.862,-40.942],[148.731,-40.942],[148.731,-40.811],[148.6,-40.942],[148.469,-40.942],[148.469,-40.811],[148.6,-40.811],[148.731,-40.68]]],[[[148.469,-40.156],[148.6,-40.418],[148.731,-40.418],[148.731,-40.549],[148.6,-40.68],[148.469,-40.68],[148.469,-40.549],[148.338,-40.418],[148.338,-40.287],[148.207,-40.287],[148.338,-40.156],[148.469,-40.156]]],[[[144.411,-40.549],[144.28,-40.549],[144.28,-40.156],[144.411,-40.025],[144.542,-40.025],[144.542,-40.418],[144.411,-40.549]]],[[[145.72,-38.978],[145.589,-38.978],[145.589,-38.847],[145.72,-38.847],[145.72,-38.978]]],[[[145.851,-38.716],[145.72,-38.847],[145.72,-38.716],[145.851,-38.716]]],[[[137.996,-36.229],[138.258,-36.229],[138.389,-36.098],[138.52,-36.229],[138.52,-36.36],[138.389,-36.36],[138.258,-36.229],[138.127,-36.36],[137.996,-36.36],[137.996,-36.491],[137.865,-36.491],[137.604,-36.36],[137.604,-36.491],[137.211,-36.491],[137.08,-36.36],[136.949,-36.36],[136.949,-36.229],[137.473,-36.098],[137.735,-35.967],[137.996,-35.967],[137.996,-36.229]]],[[[153.967,-27.851],[153.836,-28.113],[153.836,-27.851],[153.967,-27.851]]],[[[113.647,-26.542],[113.385,-26.149],[113.385,-25.887],[113.516,-26.411],[113.647,-26.542]]],[[[153.444,-26.149],[153.444,-25.625],[153.575,-25.495],[153.705,-25.495],[153.705,-25.364],[153.575,-25.233],[153.705,-25.102],[153.705,-25.364],[153.836,-25.364],[153.836,-25.495],[153.575,-25.887],[153.575,-26.149],[153.444,-26.149]]],[[[151.611,-23.924],[151.611,-24.055],[151.742,-24.055],[151.742,-24.185],[151.611,-24.185],[151.48,-23.924],[151.611,-23.924]]],[[[150.956,-22.745],[150.825,-22.745],[150.956,-22.745],[150.956,-22.615],[150.956,-22.745]]],[[[115.873,-21.175],[115.873,-21.305],[115.742,-21.305],[115.742,-21.175],[115.873,-21.044],[115.873,-21.175]]],[[[149.516,-20.782],[149.385,-20.782],[149.385,-20.52],[149.385,-20.651],[149.516,-20.651],[149.516,-20.782]]],[[[146.767,-18.687],[146.767,-18.949],[146.505,-18.687],[146.767,-18.687]]],[[[139.829,-17.509],[139.96,-17.378],[139.96,-17.509],[139.829,-17.509]]],[[[139.96,-16.985],[139.829,-17.116],[139.567,-17.116],[139.698,-16.985],[139.698,-16.855],[140.091,-16.855],[140.091,-16.985],[139.96,-16.985]]],[[[137.473,-16.2],[137.342,-16.2],[137.342,-16.069],[137.473,-16.069],[137.473,-16.2]]],[[[137.08,-16.069],[136.949,-16.069],[136.949,-15.938],[137.08,-15.938],[137.08,-16.069]]],[[[137.342,-16.069],[137.211,-16.069],[137.211,-15.938],[137.342,-15.938],[137.342,-16.069]]],[[[125.036,-15.807],[124.905,-15.807],[124.905,-15.676],[125.036,-15.676],[125.036,-15.807]]],[[[137.08,-14.236],[137.342,-14.236],[137.211,-14.367],[137.211,-14.629],[137.342,-14.629],[137.342,-14.76],[137.08,-14.76],[136.949,-14.629],[136.818,-14.629],[136.818,-14.236],[136.949,-14.236],[136.949,-14.105],[137.08,-14.105],[137.08,-14.236]]],[[[136.687,-14.236],[136.556,-14.236],[136.556,-14.105],[136.687,-14.105],[136.687,-14.236]]],[[[136.818,-12.011],[136.556,-12.142],[136.818,-11.88],[136.949,-11.88],[136.818,-12.011]]],[[[130.927,-12.142],[131.058,-12.142],[131.058,-12.273],[130.927,-12.273],[130.796,-12.142],[130.535,-12.273],[130.404,-12.273],[130.535,-12.142],[130.665,-12.142],[130.665,-12.011],[130.535,-11.88],[130.665,-11.749],[130.796,-11.749],[130.796,-12.011],[130.927,-12.142]]],[[[131.058,-11.749],[131.582,-11.749],[131.582,-11.618],[131.713,-11.618],[131.975,-11.88],[131.844,-11.88],[131.844,-12.011],[131.713,-12.142],[131.32,-12.404],[130.796,-11.88],[130.796,-11.618],[130.927,-11.749],[131.058,-11.749]]],[[[137.08,-11.749],[136.949,-11.88],[136.949,-11.749],[137.211,-11.487],[137.211,-11.618],[137.08,-11.749]]],[[[133.022,-11.749],[132.891,-11.618],[132.891,-11.487],[133.022,-11.487],[133.022,-11.356],[133.022,-11.749]]],[[[143.625,-12.404],[143.625,-12.535],[143.495,-12.535],[143.495,-12.665],[143.887,-13.058],[143.887,-13.582],[144.018,-13.713],[144.018,-14.367],[144.149,-14.629],[144.149,-14.76],[144.28,-14.891],[144.411,-14.891],[144.542,-14.76],[144.804,-14.76],[144.935,-14.629],[145.065,-14.76],[145.065,-14.891],[145.327,-15.153],[145.458,-15.153],[145.72,-15.415],[145.72,-16.069],[145.851,-16.331],[145.851,-16.985],[145.982,-16.985],[146.113,-17.116],[146.244,-17.247],[146.244,-17.378],[146.375,-17.378],[146.375,-17.509],[146.505,-17.771],[146.505,-18.687],[146.636,-18.949],[146.767,-18.949],[146.767,-19.342],[147.029,-19.604],[147.291,-19.604],[147.422,-19.735],[147.553,-19.735],[147.553,-19.865],[147.945,-19.865],[148.207,-20.258],[148.469,-20.258],[148.469,-20.389],[148.6,-20.389],[148.731,-20.52],[148.993,-20.52],[149.255,-20.782],[149.255,-20.913],[149.124,-20.913],[149.124,-21.044],[149.647,-21.567],[149.647,-21.698],[149.778,-21.96],[149.909,-21.96],[149.909,-22.484],[150.04,-22.745],[150.433,-23.007],[150.433,-22.615],[150.564,-22.615],[150.564,-22.745],[150.695,-22.745],[150.956,-23.007],[150.956,-22.745],[151.087,-22.745],[151.087,-22.876],[151.218,-23.007],[151.218,-23.924],[151.349,-23.924],[151.349,-24.055],[151.48,-24.185],[151.611,-24.185],[151.873,-24.447],[152.135,-24.447],[152.527,-24.971],[152.92,-25.233],[152.92,-25.364],[153.051,-25.495],[153.051,-25.625],[153.313,-25.887],[153.313,-26.149],[153.575,-26.411],[153.575,-27.851],[153.836,-28.244],[153.836,-28.505],[153.967,-28.636],[153.967,-28.898],[154.098,-29.16],[153.836,-29.422],[153.836,-29.945],[153.705,-30.469],[153.575,-30.6],[153.444,-30.993],[153.444,-31.647],[153.182,-32.171],[152.92,-32.433],[152.92,-32.825],[152.658,-33.087],[152.527,-33.087],[152.658,-33.087],[152.527,-33.218],[152.396,-33.218],[152.004,-33.611],[152.004,-33.742],[151.873,-33.742],[151.873,-34.004],[151.742,-34.004],[151.742,-34.396],[151.611,-34.396],[151.349,-34.658],[151.349,-34.92],[151.218,-35.182],[151.218,-35.444],[151.087,-35.444],[151.087,-35.575],[150.956,-35.575],[150.825,-35.967],[150.564,-36.229],[150.564,-36.753],[150.433,-37.015],[150.433,-37.931],[150.171,-37.931],[150.171,-38.062],[150.04,-38.193],[148.731,-38.193],[148.6,-38.324],[148.338,-38.324],[147.815,-38.585],[147.291,-39.109],[146.636,-39.109],[146.636,-39.24],[146.767,-39.24],[146.767,-39.371],[146.898,-39.24],[146.898,-39.502],[146.767,-39.633],[146.767,-39.502],[146.636,-39.371],[146.636,-39.24],[146.505,-39.24],[146.375,-39.371],[146.244,-39.24],[146.244,-39.109],[145.982,-39.109],[145.982,-38.978],[145.851,-38.978],[145.851,-38.847],[145.982,-38.847],[145.982,-38.716],[145.72,-38.716],[145.327,-38.978],[145.327,-38.847],[145.196,-38.716],[145.458,-38.716],[145.458,-38.585],[145.589,-38.455],[145.458,-38.455],[145.458,-38.324],[144.935,-38.455],[144.935,-38.585],[144.804,-38.585],[145.065,-38.585],[144.935,-38.716],[144.804,-38.716],[144.542,-38.847],[144.149,-39.24],[143.756,-39.24],[143.625,-39.109],[143.495,-39.109],[143.233,-38.978],[143.102,-38.847],[142.578,-38.847],[142.316,-38.716],[142.185,-38.716],[142.055,-38.847],[141.793,-38.847],[141.662,-38.585],[141.4,-38.455],[141.007,-38.455],[140.222,-37.669],[140.222,-37.145],[139.96,-36.491],[139.829,-36.491],[139.698,-36.229],[139.436,-36.098],[139.436,-35.967],[139.698,-35.967],[139.698,-36.098],[139.698,-35.836],[139.436,-35.836],[139.305,-35.967],[139.175,-35.967],[138.913,-36.098],[138.651,-36.098],[138.651,-35.967],[138.782,-35.836],[138.782,-35.705],[138.913,-35.444],[138.913,-35.051],[138.651,-34.92],[138.651,-34.789],[138.52,-34.658],[138.389,-34.789],[138.389,-34.92],[138.127,-35.575],[137.735,-35.575],[137.604,-35.705],[137.342,-35.705],[137.473,-35.313],[137.865,-35.313],[137.865,-34.527],[138.389,-34.004],[138.389,-33.873],[138.258,-33.742],[138.258,-33.611],[138.389,-33.611],[138.389,-33.218],[138.258,-33.087],[138.258,-32.956],[138.258,-33.218],[137.865,-33.611],[137.604,-34.004],[137.604,-34.135],[137.342,-34.135],[136.949,-34.396],[136.818,-34.396],[136.425,-35.051],[136.295,-35.051],[136.295,-35.182],[136.425,-35.182],[136.425,-35.444],[136.295,-35.444],[136.164,-35.313],[136.033,-35.313],[135.771,-35.051],[135.509,-35.051],[135.509,-34.92],[135.771,-34.92],[135.771,-35.051],[135.902,-35.051],[135.771,-34.789],[135.771,-34.527],[135.509,-34.265],[135.247,-33.873],[135.247,-33.742],[135.116,-33.742],[134.985,-33.611],[134.724,-33.611],[134.462,-33.218],[134.593,-33.218],[134.724,-33.087],[134.724,-32.956],[134.331,-32.825],[134.2,-32.695],[134.069,-32.695],[133.938,-32.564],[133.676,-32.564],[133.153,-32.433],[132.629,-32.433],[132.105,-32.171],[131.844,-31.909],[131.451,-31.909],[131.32,-32.04],[129.618,-32.04],[127.785,-32.695],[126.345,-32.695],[125.167,-33.349],[124.775,-33.349],[124.513,-33.611],[123.989,-34.396],[123.727,-34.265],[123.596,-34.396],[123.465,-34.265],[122.549,-34.396],[122.549,-34.265],[121.24,-34.265],[120.978,-34.396],[120.324,-34.396],[120.193,-34.527],[120.062,-34.527],[119.931,-34.789],[119.669,-34.92],[119.276,-34.92],[118.622,-35.444],[118.098,-35.444],[117.967,-35.575],[117.575,-35.444],[116.92,-35.444],[116.396,-35.182],[116.004,-34.789],[115.611,-34.789],[115.48,-34.658],[115.48,-34.527],[115.349,-34.527],[115.349,-34.265],[115.48,-34.004],[116.004,-34.004],[116.004,-33.742],[116.135,-33.611],[116.004,-33.087],[116.135,-33.087],[116.135,-32.171],[115.48,-30.993],[115.48,-30.6],[115.349,-30.469],[115.349,-29.815],[115.087,-29.291],[114.956,-29.16],[114.956,-29.029],[114.825,-28.767],[114.564,-28.505],[114.564,-27.982],[114.171,-27.327],[113.647,-26.673],[113.647,-26.542],[113.647,-26.673],[113.778,-26.673],[113.778,-26.542],[113.909,-26.673],[113.909,-26.804],[114.171,-27.065],[114.171,-26.935],[114.302,-26.935],[114.302,-26.804],[113.778,-26.149],[113.778,-26.018],[113.909,-26.018],[114.171,-26.28],[114.171,-26.542],[114.302,-26.542],[114.302,-26.411],[114.433,-26.673],[114.433,-26.804],[114.564,-26.804],[114.695,-26.673],[114.564,-26.542],[114.695,-26.411],[114.695,-26.28],[114.171,-25.625],[114.04,-25.364],[114.04,-25.102],[113.778,-24.84],[113.778,-24.709],[113.909,-24.578],[113.909,-24.316],[114.04,-24.185],[114.171,-23.793],[114.171,-22.745],[114.564,-22.222],[114.564,-22.876],[114.695,-22.876],[115.087,-22.353],[115.087,-22.222],[115.349,-22.222],[115.873,-21.96],[116.396,-21.436],[117.051,-21.175],[117.182,-21.044],[117.575,-21.044],[117.705,-21.175],[117.836,-21.175],[118.098,-21.044],[118.229,-21.044],[118.491,-20.782],[118.884,-20.782],[119.538,-20.389],[119.8,-20.389],[120.062,-20.52],[120.193,-20.389],[120.585,-20.389],[121.24,-20.127],[121.764,-19.735],[122.025,-19.342],[122.025,-19.211],[122.156,-19.08],[122.156,-18.949],[122.287,-18.949],[122.68,-18.556],[122.811,-18.556],[122.811,-18.425],[122.68,-18.425],[122.68,-18.164],[122.549,-18.033],[122.549,-17.771],[122.68,-17.509],[122.811,-17.509],[122.811,-17.378],[122.942,-17.378],[123.073,-17.247],[123.204,-17.247],[123.204,-17.116],[123.335,-16.985],[123.335,-16.855],[123.858,-17.771],[123.989,-17.902],[123.989,-17.378],[124.12,-17.509],[124.251,-17.509],[124.251,-17.247],[124.12,-17.247],[124.12,-17.116],[123.989,-17.116],[123.989,-16.985],[123.858,-16.855],[123.989,-16.855],[124.12,-16.724],[123.989,-16.593],[124.12,-16.593],[124.251,-16.855],[124.382,-16.724],[124.644,-16.724],[124.775,-16.855],[125.167,-16.855],[125.036,-16.724],[124.775,-16.724],[124.775,-16.593],[125.036,-16.593],[125.036,-16.2],[124.905,-16.462],[124.905,-16.331],[124.775,-16.2],[124.775,-16.069],[124.905,-15.938],[125.036,-15.938],[125.036,-15.807],[125.167,-15.807],[125.167,-15.676],[125.429,-15.807],[125.429,-15.938],[125.429,-15.807],[125.56,-15.807],[125.56,-15.676],[125.429,-15.807],[125.298,-15.676],[125.298,-15.545],[125.429,-15.545],[125.429,-15.415],[125.56,-15.415],[125.691,-15.545],[125.822,-15.545],[125.822,-15.415],[125.691,-15.415],[125.691,-15.284],[125.56,-15.284],[125.56,-15.153],[125.691,-15.022],[125.822,-15.022],[126.084,-14.76],[126.084,-14.629],[126.084,-14.891],[126.215,-14.891],[126.215,-15.022],[126.345,-15.022],[126.345,-14.891],[126.476,-14.891],[126.476,-14.367],[126.607,-14.367],[126.607,-14.498],[126.738,-14.629],[126.738,-14.498],[126.869,-14.498],[127.0,-14.629],[127.262,-14.367],[127.131,-14.236],[127.262,-14.236],[127.393,-14.105],[127.393,-14.236],[127.524,-14.236],[127.916,-14.498],[128.571,-15.153],[128.571,-15.545],[128.44,-15.807],[128.571,-15.676],[128.702,-15.676],[128.571,-15.545],[128.571,-15.415],[128.702,-15.415],[128.964,-15.153],[129.487,-15.284],[129.618,-15.415],[129.618,-15.545],[129.618,-15.284],[129.749,-15.284],[129.88,-15.415],[130.011,-15.415],[130.011,-15.545],[130.011,-15.284],[130.273,-15.284],[130.011,-15.022],[130.142,-15.022],[130.011,-15.022],[129.749,-14.76],[130.142,-14.367],[130.142,-14.236],[130.273,-14.105],[130.273,-13.975],[130.404,-13.975],[130.535,-13.844],[130.665,-13.844],[130.665,-13.713],[130.535,-13.582],[130.535,-13.32],[130.796,-13.32],[130.796,-13.058],[131.058,-13.058],[131.058,-12.796],[131.189,-12.796],[131.189,-12.927],[131.32,-12.927],[131.32,-12.796],[131.451,-12.796],[131.451,-12.665],[131.582,-12.665],[131.713,-12.535],[131.713,-12.665],[132.891,-12.665],[132.891,-12.535],[133.153,-12.535],[133.022,-12.404],[133.022,-12.142],[133.153,-12.011],[132.891,-11.88],[132.498,-11.88],[132.367,-11.749],[132.236,-11.749],[132.367,-11.618],[132.498,-11.618],[132.498,-11.749],[132.629,-11.749],[132.629,-11.618],[132.76,-11.618],[133.153,-11.88],[133.415,-11.88],[133.545,-12.011],[133.545,-12.142],[133.807,-12.142],[133.938,-12.273],[134.331,-12.273],[134.593,-12.404],[134.724,-12.404],[134.855,-12.535],[134.985,-12.535],[135.116,-12.404],[135.509,-12.665],[135.64,-12.665],[135.771,-12.535],[136.033,-12.535],[136.164,-12.404],[136.164,-12.273],[136.295,-12.273],[136.295,-12.535],[136.164,-12.535],[136.164,-12.665],[136.295,-12.665],[136.425,-12.535],[136.425,-12.796],[136.818,-12.796],[136.687,-12.665],[136.687,-12.535],[136.818,-12.404],[136.949,-12.404],[137.08,-12.535],[137.08,-12.665],[137.342,-12.665],[137.342,-12.796],[136.949,-13.189],[136.949,-13.32],[137.08,-13.451],[136.949,-13.713],[136.818,-13.713],[136.818,-13.582],[136.556,-13.582],[136.295,-13.713],[136.295,-14.105],[136.425,-14.236],[136.425,-14.367],[136.295,-14.629],[135.771,-15.153],[135.902,-15.284],[135.902,-15.415],[136.295,-15.545],[136.687,-15.807],[136.687,-15.938],[136.949,-16.069],[137.08,-16.069],[137.08,-16.2],[137.211,-16.331],[137.473,-16.331],[137.604,-16.462],[137.735,-16.462],[137.996,-16.593],[138.651,-17.116],[138.913,-17.247],[139.305,-17.247],[139.436,-17.378],[139.567,-17.378],[139.567,-17.64],[139.698,-17.771],[139.829,-17.771],[140.353,-18.033],[140.484,-18.164],[140.615,-18.164],[140.876,-18.033],[141.138,-18.033],[141.4,-17.64],[141.4,-17.378],[141.662,-17.116],[141.662,-16.855],[141.793,-16.593],[141.793,-16.331],[142.055,-15.676],[142.055,-15.284],[141.924,-14.891],[141.924,-14.76],[142.055,-14.629],[141.924,-14.498],[141.924,-13.975],[142.055,-13.844],[142.055,-13.32],[142.185,-13.32],[142.185,-13.189],[142.316,-13.189],[142.316,-13.058],[142.185,-12.927],[142.055,-12.927],[142.055,-12.796],[142.316,-12.404],[142.447,-12.535],[142.447,-12.404],[142.316,-12.273],[142.578,-11.749],[142.578,-11.356],[142.709,-11.356],[142.84,-11.225],[142.84,-11.095],[142.971,-11.095],[142.971,-11.356],[143.102,-11.487],[143.233,-11.487],[143.233,-12.273],[143.364,-12.273],[143.364,-12.404],[143.625,-12.404]]],[[[142.709,-11.095],[142.578,-11.225],[142.578,-10.964],[142.709,-11.095]]],[[[142.709,-10.571],[142.709,-10.702],[142.578,-10.702],[142.578,-10.571],[142.709,-10.571]]]]}},{"type":"Feature","properties":{"iso3":"AUT","name":"Austria"},"geometry":{"type":"MultiPolygon","coordinates":[[[[17.429,48.076],[17.429,47.945],[17.298,47.945],[17.298,47.815],[17.429,47.684],[17.429,47.553],[17.56,47.422],[17.56,47.291],[17.429,47.291],[17.429,47.16],[16.905,47.16],[17.036,47.029],[17.167,47.029],[17.036,46.898],[16.905,46.898],[16.905,46.505],[16.775,46.505],[16.513,46.244],[16.382,46.244],[16.382,46.113],[15.335,46.113],[15.073,45.851],[14.549,45.851],[14.418,45.982],[13.633,45.982],[13.24,46.113],[12.847,46.113],[12.585,46.375],[12.585,46.505],[12.455,46.505],[12.193,46.375],[12.062,46.375],[12.062,46.505],[11.931,46.505],[11.8,46.375],[11.538,46.375],[11.538,46.244],[10.884,46.244],[10.884,46.375],[10.753,46.375],[10.622,46.244],[10.491,46.375],[10.36,46.375],[10.36,46.505],[10.098,46.505],[10.229,46.505],[10.098,46.636],[10.098,46.767],[10.229,46.898],[10.098,46.898],[10.098,47.029],[10.36,47.029],[10.491,46.898],[10.491,46.767],[10.753,46.767],[10.884,46.898],[10.884,47.029],[11.276,47.029],[11.276,46.898],[11.931,46.898],[12.062,47.029],[12.585,47.029],[12.585,47.16],[12.847,47.16],[12.847,47.029],[12.978,47.029],[12.978,47.16],[13.109,47.16],[13.24,47.029],[13.24,46.898],[13.502,46.898],[13.502,47.16],[13.371,47.16],[13.371,47.291],[13.24,47.422],[13.24,47.553],[13.371,47.684],[13.633,47.684],[13.764,47.815],[13.895,47.815],[13.895,48.076],[14.156,47.945],[14.156,48.076],[14.287,48.076],[14.287,48.207],[14.418,48.076],[15.073,48.076],[15.204,48.207],[15.335,48.207],[15.335,48.469],[15.596,48.469],[15.596,48.338],[15.727,48.469],[15.858,48.338],[16.251,48.338],[16.513,48.207],[17.298,48.207],[17.298,48.076],[17.429,48.076]]]]}},{"type":"Feature","properties":{"iso3":"AZE","name":"Azerbaijan"},"geometry":{"type":"MultiPolygon","coordinates":[[[[45.575,39.044],[45.705,39.044],[45.836,38.913],[46.098,39.044],[46.229,39.044],[46.229,38.782],[46.36,38.782],[46.36,38.651],[46.491,38.52],[46.491,38.258],[46.36,38.389],[45.967,38.389],[45.836,38.52],[45.705,38.52],[45.705,38.651],[45.575,38.651],[45.575,38.782],[45.444,38.782],[45.444,38.913],[45.313,39.044],[45.182,39.044],[45.182,39.175],[45.575,39.175],[45.575,39.044]]],[[[47.015,41.269],[47.145,41.269],[47.276,41.138],[47.407,41.138],[47.407,41.007],[47.538,41.007],[47.669,40.876],[47.669,40.745],[47.8,40.745],[47.931,40.615],[48.324,40.615],[48.455,40.745],[48.455,40.876],[48.585,40.876],[48.716,41.007],[48.847,41.007],[48.847,41.138],[48.978,41.269],[49.109,41.269],[49.502,40.876],[49.502,40.745],[49.633,40.615],[49.633,40.484],[49.895,40.222],[50.025,40.222],[50.287,39.96],[50.68,39.96],[50.68,39.829],[50.811,39.698],[50.549,39.829],[50.287,39.698],[50.025,39.698],[49.895,39.567],[49.895,39.305],[49.764,39.044],[49.764,38.782],[49.633,38.782],[49.633,38.52],[49.502,38.389],[49.502,38.52],[49.371,38.52],[49.371,38.389],[49.24,38.258],[49.24,37.865],[48.978,37.865],[48.847,37.996],[48.716,37.996],[48.716,38.127],[48.585,38.127],[48.455,38.258],[48.455,38.389],[48.716,38.389],[48.716,38.52],[48.585,38.651],[48.585,38.782],[48.716,38.782],[48.716,38.913],[48.455,39.175],[48.324,39.175],[48.193,39.044],[48.062,39.044],[47.931,38.913],[47.8,38.913],[47.538,38.651],[47.276,38.651],[47.015,38.389],[46.884,38.389],[46.884,38.651],[47.015,38.651],[46.884,38.782],[46.753,38.782],[46.753,38.913],[46.884,38.913],[46.884,39.044],[46.491,39.044],[46.491,39.175],[46.36,39.175],[46.098,39.436],[45.967,39.436],[46.36,39.436],[46.36,39.698],[46.098,39.829],[45.967,39.829],[45.836,39.96],[45.836,40.091],[45.967,40.222],[45.967,40.353],[45.836,40.353],[45.836,40.484],[45.444,40.484],[45.575,40.615],[45.444,40.745],[45.705,40.876],[45.836,40.876],[46.229,40.615],[46.753,40.615],[46.753,40.484],[47.015,40.484],[47.015,40.615],[47.145,40.745],[47.015,40.745],[46.884,40.876],[46.753,40.876],[46.753,41.007],[46.622,41.007],[46.622,41.138],[46.753,41.138],[46.753,41.269],[46.884,41.269],[46.884,41.4],[47.015,41.269]]]]}},{"type":"Feature","properties":{"iso3":"BDI","name":"Burundi"},"geometry":{"type":"MultiPolygon","coordinates":[[[[31.044,-2.847],[30.913,-2.847],[30.913,-3.371],[31.175,-3.371],[31.175,-3.764],[31.044,-3.764],[31.044,-3.895],[30.913,-3.895],[30.913,-4.025],[30.782,-4.025],[30.782,-4.156],[30.651,-4.287],[30.651,-4.418],[30.127,-4.942],[29.865,-4.811],[29.865,-4.68],[29.604,-4.287],[29.604,-3.371],[29.473,-3.24],[29.473,-2.978],[29.604,-3.109],[29.735,-3.109],[29.735,-3.24],[30.258,-3.24],[30.258,-3.109],[30.389,-2.978],[30.389,-2.716],[30.52,-2.847],[30.651,-2.847],[30.651,-2.716],[30.782,-2.716],[30.913,-2.847],[31.044,-2.847]]]]}},{"type":"Feature","properties":{"iso3":"BEL","name":"Belgium"},"geometry":{"type":"MultiPolygon","coordinates":[[[[5.385,50.825],[5.516,50.825],[5.647,50.956],[5.647,50.825],[5.778,50.695],[6.171,50.695],[6.302,50.564],[6.433,50.564],[6.171,50.302],[6.302,50.171],[6.433,50.302],[6.433,50.171],[6.695,50.171],[6.695,50.04],[6.825,50.04],[6.695,50.04],[6.695,49.909],[6.956,49.909],[6.956,49.778],[6.695,49.647],[6.695,49.516],[6.695,49.647],[6.564,49.647],[6.302,49.385],[6.302,49.124],[6.433,49.124],[6.433,48.993],[6.04,48.993],[5.909,49.124],[5.647,49.124],[5.647,49.255],[5.385,49.255],[5.385,49.647],[5.255,49.516],[5.255,49.385],[4.731,49.385],[4.731,49.647],[4.6,49.778],[4.207,49.778],[4.207,49.909],[3.815,49.909],[3.815,50.171],[3.291,50.171],[3.291,50.302],[3.16,50.302],[3.16,50.433],[3.029,50.433],[3.029,50.564],[3.553,50.695],[3.815,50.825],[3.945,50.825],[3.945,50.695],[4.731,50.695],[4.731,50.825],[4.993,50.825],[4.993,50.956],[5.124,50.956],[5.124,50.825],[5.255,50.825],[5.255,50.956],[5.385,50.956],[5.385,50.825]]]]}},{"type":"Feature","properties":{"iso3":"BEN","name":"Benin"},"geometry":{"type":"MultiPolygon","coordinates":[[[[4.207,11.16],[4.076,11.029],[4.076,10.898],[4.207,10.636],[4.207,10.505],[4.338,10.505],[4.338,9.851],[4.207,9.851],[4.076,9.72],[4.207,9.589],[4.207,9.458],[4.076,9.327],[3.945,9.327],[3.945,9.065],[3.815,9.065],[3.684,8.935],[3.684,8.673],[3.553,8.542],[3.291,8.542],[3.291,5.793],[2.898,5.793],[2.375,5.662],[2.113,5.662],[2.375,5.793],[2.244,5.924],[2.244,6.055],[2.113,6.055],[2.113,6.447],[2.244,6.447],[2.244,7.756],[2.113,8.018],[2.113,8.542],[1.982,8.673],[1.982,8.935],[1.851,9.065],[1.851,9.458],[1.327,9.851],[1.327,10.244],[1.458,10.375],[1.458,10.505],[1.589,10.505],[1.589,10.636],[1.72,10.636],[1.72,10.767],[1.982,10.767],[1.982,10.898],[2.505,10.898],[2.767,11.029],[3.029,11.422],[2.898,11.684],[3.16,11.684],[3.291,11.815],[3.422,11.815],[3.945,11.291],[4.076,11.291],[4.207,11.16]]]]}},{"type":"Feature","properties":{"iso3":"BFA","name":"Burkina Faso"},"geometry":{"type":"MultiPolygon","coordinates":[[[[0.804,14.302],[0.804,14.04],[0.673,13.909],[0.804,13.778],[0.935,13.778],[0.935,13.385],[1.196,13.124],[1.458,13.124],[1.458,12.993],[1.589,12.993],[1.589,12.862],[1.72,12.862],[1.72,12.731],[1.589,12.731],[1.589,12.862],[1.589,12.469],[1.851,12.338],[2.113,12.076],[2.375,12.076],[2.505,12.207],[2.636,12.207],[2.767,12.076],[2.767,11.815],[2.636,11.815],[2.636,11.684],[2.898,11.422],[2.898,11.16],[2.767,11.029],[2.505,10.898],[1.982,10.898],[1.982,10.767],[1.72,10.767],[1.72,10.636],[1.589,10.636],[1.589,10.505],[1.458,10.505],[1.458,10.375],[1.065,10.375],[0.542,10.505],[0.28,10.636],[0.28,10.505],[0.018,10.505],[0.018,10.375],[-0.375,10.375],[-0.375,10.505],[-1.029,10.505],[-1.291,10.375],[-2.207,10.375],[-2.207,10.505],[-2.338,10.505],[-2.338,9.851],[-2.207,9.851],[-2.207,8.935],[-2.076,8.935],[-2.207,8.935],[-2.207,8.804],[-2.207,8.935],[-2.338,8.935],[-2.338,9.065],[-2.469,9.196],[-2.6,9.196],[-2.6,9.327],[-3.385,9.327],[-3.778,9.065],[-3.909,9.065],[-3.909,9.196],[-4.171,9.196],[-4.302,9.327],[-4.433,9.327],[-4.433,9.589],[-4.564,9.72],[-4.825,9.72],[-4.956,9.851],[-4.956,10.505],[-4.825,10.505],[-4.825,10.636],[-4.695,10.636],[-4.695,11.291],[-4.564,11.422],[-4.302,11.422],[-4.171,11.553],[-4.04,11.553],[-4.04,11.684],[-3.909,11.684],[-3.909,12.076],[-3.647,12.207],[-3.647,12.469],[-3.778,12.469],[-3.778,12.6],[-3.647,12.6],[-3.647,12.731],[-3.516,12.862],[-3.255,12.862],[-2.993,12.6],[-2.862,12.6],[-2.862,12.731],[-2.731,12.731],[-2.731,13.124],[-2.338,13.124],[-2.338,13.385],[-2.076,13.647],[-1.945,13.647],[-1.945,13.778],[-1.553,13.647],[-1.422,13.909],[-1.16,13.909],[-0.636,14.171],[-0.375,14.433],[-0.244,14.433],[-0.113,14.564],[0.149,14.564],[0.149,14.433],[0.28,14.564],[0.804,14.302]]]]}},{"type":"Feature","properties":{"iso3":"BGD","name":"Bangladesh"},"geometry":{"type":"MultiPolygon","coordinates":[[[[92.44,20.978],[92.309,20.978],[92.309,21.109],[92.44,21.109],[92.44,20.978]]],[[[91.524,21.633],[91.524,21.502],[91.524,22.025],[91.524,21.764],[91.655,21.764],[91.524,21.633]]],[[[92.047,21.764],[91.916,21.764],[91.785,21.895],[91.916,22.025],[91.916,21.895],[92.047,21.764]]],[[[91.262,21.502],[91.0,21.502],[91.131,21.764],[91.131,22.025],[91.0,22.025],[91.0,22.156],[90.869,22.287],[91.131,22.287],[91.131,22.025],[91.262,21.895],[91.262,21.502]]],[[[89.167,25.691],[89.429,25.691],[89.429,25.822],[89.298,25.822],[89.429,25.822],[89.56,25.691],[89.56,25.56],[89.691,25.429],[89.953,25.429],[89.953,25.691],[90.084,25.691],[90.084,25.56],[90.215,25.429],[90.215,24.775],[90.345,24.775],[90.476,24.644],[92.44,24.644],[92.571,24.513],[92.833,24.513],[92.833,24.382],[92.964,24.382],[92.964,24.251],[92.833,24.251],[92.702,24.382],[92.702,24.251],[92.571,24.12],[92.571,23.858],[92.44,23.858],[92.309,23.727],[92.309,23.596],[91.785,23.596],[91.785,23.465],[91.524,23.073],[91.655,23.073],[91.655,22.811],[91.785,22.549],[91.785,22.68],[91.916,22.68],[91.916,22.418],[92.178,22.418],[92.178,22.811],[92.309,22.942],[92.309,23.073],[92.44,23.073],[92.571,23.204],[92.571,23.073],[92.702,23.073],[92.702,22.549],[92.833,22.418],[92.833,22.156],[92.964,22.156],[92.964,20.847],[93.095,20.847],[93.095,20.716],[92.964,20.716],[92.833,20.847],[92.571,20.847],[92.571,20.585],[92.702,20.585],[92.702,20.193],[92.702,20.324],[92.44,20.585],[92.44,21.109],[92.309,21.371],[92.309,21.764],[92.178,21.764],[92.178,21.895],[91.916,22.156],[91.916,22.287],[91.785,22.287],[91.785,22.156],[91.655,22.025],[91.393,22.025],[91.0,22.549],[91.131,22.68],[91.0,22.942],[91.0,23.073],[91.0,22.811],[90.869,22.811],[90.738,22.942],[90.869,22.811],[91.0,22.811],[91.0,22.549],[90.869,22.549],[90.869,22.418],[91.0,22.287],[90.869,22.287],[90.869,22.025],[91.0,22.025],[91.0,21.633],[90.869,21.633],[90.738,21.502],[90.738,21.371],[90.607,21.24],[90.476,21.371],[90.476,21.502],[90.607,21.633],[90.476,21.502],[90.345,21.502],[90.345,21.895],[90.215,21.764],[90.345,21.633],[90.215,21.502],[90.215,21.371],[90.084,21.371],[90.084,21.24],[89.953,21.24],[89.953,21.764],[89.953,21.371],[89.822,21.24],[89.822,21.109],[89.691,21.109],[89.56,21.24],[89.56,21.502],[89.429,21.502],[89.429,21.895],[89.298,22.025],[89.298,22.68],[89.167,22.68],[89.167,22.942],[89.036,22.942],[89.036,23.335],[89.167,23.465],[89.167,23.727],[88.905,23.727],[88.513,23.989],[88.513,24.382],[88.775,24.382],[88.905,24.644],[89.429,24.644],[89.429,24.775],[89.298,24.775],[89.167,24.905],[89.036,24.905],[88.644,25.298],[88.513,25.298],[88.513,25.56],[88.644,25.56],[88.905,25.822],[88.775,25.953],[88.905,25.953],[89.036,25.822],[89.167,25.822],[89.167,25.691]]]]}},{"type":"Feature","properties":{"iso3":"BGR","name":"Bulgaria"},"geometry":{"type":"MultiPolygon","coordinates":[[[[28.949,43.233],[28.949,42.84],[28.556,42.84],[28.295,42.578],[28.295,42.185],[28.164,42.185],[27.902,41.924],[28.033,41.793],[28.164,41.793],[28.425,41.531],[28.425,41.4],[27.902,41.4],[27.771,41.531],[27.378,41.531],[27.247,41.4],[26.985,41.4],[26.985,41.269],[26.724,41.269],[26.724,41.138],[26.462,41.138],[26.593,41.007],[26.593,40.876],[26.462,40.745],[25.415,40.745],[25.284,40.876],[25.153,40.745],[24.891,41.007],[24.498,41.007],[24.498,40.876],[23.713,40.876],[23.582,40.745],[23.32,40.745],[23.32,41.007],[23.451,41.138],[23.189,41.531],[23.058,41.531],[22.796,41.793],[22.927,41.793],[22.927,41.924],[22.796,42.055],[22.927,42.185],[22.927,42.316],[23.189,42.316],[23.189,42.447],[23.32,42.447],[23.32,42.578],[23.451,42.578],[23.32,42.709],[23.189,42.709],[23.189,42.84],[22.927,42.84],[22.927,43.102],[22.796,43.102],[22.796,43.495],[23.058,43.495],[23.058,43.625],[23.32,43.625],[23.451,43.495],[23.32,43.495],[23.32,43.233],[23.713,43.364],[23.975,43.233],[25.284,43.233],[25.545,43.102],[26.069,43.102],[26.331,43.364],[26.593,43.495],[26.855,43.495],[27.247,43.625],[27.509,43.625],[28.033,43.495],[28.164,43.364],[28.295,43.495],[28.425,43.364],[28.425,43.233],[28.949,43.233]]]]}},{"type":"Feature","properties":{"iso3":"BHR","name":"Bahrain"},"geometry":{"type":"MultiPolygon","coordinates":[[[[51.073,25.298],[50.942,25.298],[50.942,25.691],[51.073,25.691],[50.942,25.691],[51.073,25.56],[51.073,25.298]]]]}},{"type":"Feature","properties":{"iso3":"BHS","name":"Bahamas, The"},"geometry":{"type":"MultiPolygon","coordinates":[[[[-72.505,20.585],[-72.898,20.324],[-73.16,20.324],[-73.16,20.585],[-72.636,20.585],[-72.505,20.716],[-72.505,20.585]]],[[[-72.375,20.978],[-72.505,20.847],[-72.505,20.978],[-72.375,20.978]]],[[[-72.505,21.895],[-72.244,21.895],[-72.244,21.764],[-72.636,21.764],[-72.636,21.895],[-72.505,21.895]]],[[[-73.684,21.633],[-73.553,21.764],[-73.553,21.895],[-73.422,21.895],[-73.291,22.025],[-73.422,22.025],[-73.422,22.156],[-73.291,22.156],[-73.291,22.025],[-73.422,21.764],[-73.553,21.764],[-73.684,21.633]]],[[[-73.553,22.156],[-73.422,22.156],[-73.684,22.156],[-73.815,22.287],[-73.684,22.287],[-73.684,22.156],[-73.553,22.156]]],[[[-74.338,22.287],[-74.469,22.549],[-74.731,22.549],[-74.6,22.68],[-74.6,22.811],[-74.731,22.942],[-74.731,23.073],[-74.6,22.942],[-74.6,22.811],[-74.469,22.549],[-74.338,22.549],[-74.338,22.287]]],[[[-75.124,22.942],[-75.255,22.942],[-75.385,23.073],[-75.516,23.073],[-75.385,23.073],[-75.255,22.942],[-75.124,22.942]]],[[[-73.815,23.465],[-73.945,23.465],[-73.945,23.596],[-73.815,23.465]]],[[[-77.087,23.727],[-77.218,23.596],[-76.956,23.596],[-76.956,23.204],[-77.218,23.204],[-77.218,23.335],[-77.48,23.727],[-77.087,23.727]]],[[[-74.731,23.596],[-74.993,23.596],[-74.862,23.596],[-74.862,23.727],[-74.993,23.727],[-74.993,23.989],[-75.124,23.989],[-75.124,24.12],[-74.993,23.858],[-74.731,23.596]]],[[[-76.825,24.513],[-76.956,24.382],[-76.956,24.513],[-76.695,24.513],[-76.825,24.513]]],[[[-77.218,24.12],[-77.218,23.858],[-77.349,23.858],[-77.48,23.727],[-77.48,23.858],[-77.611,23.858],[-77.611,23.989],[-77.611,23.858],[-77.742,23.989],[-77.873,23.989],[-77.873,24.12],[-77.742,24.12],[-77.742,23.989],[-77.742,24.251],[-77.611,24.382],[-77.611,24.644],[-77.48,24.644],[-77.48,24.513],[-77.349,24.382],[-77.349,24.251],[-77.218,24.12]]],[[[-76.04,24.905],[-75.909,24.775],[-75.778,24.775],[-75.647,24.644],[-75.516,24.644],[-75.516,24.513],[-75.647,24.382],[-75.647,24.12],[-75.647,24.251],[-75.778,24.251],[-75.647,24.251],[-75.647,24.513],[-75.778,24.644],[-75.778,24.775],[-75.909,24.775],[-76.04,24.905],[-76.171,24.905],[-76.171,25.036],[-76.04,24.905]]],[[[-77.873,26.215],[-77.873,26.084],[-77.742,26.084],[-77.742,26.215],[-77.349,26.215],[-77.349,26.084],[-77.742,26.084],[-78.004,25.953],[-78.265,25.953],[-78.396,26.084],[-78.004,26.084],[-78.135,26.215],[-77.873,26.215]]],[[[-76.695,25.298],[-76.825,25.429],[-76.695,25.56],[-76.695,25.953],[-76.956,26.345],[-77.349,26.345],[-76.956,26.345],[-76.825,26.215],[-76.695,26.215],[-76.695,26.084],[-76.564,26.084],[-76.564,25.953],[-76.433,25.822],[-76.695,25.429],[-76.695,25.298]]]]}},{"type":"Feature","properties":{"iso3":"BIH","name":"Bosnia and Herzegovina"},"geometry":{"type":"MultiPolygon","coordinates":[[[[17.298,44.673],[17.56,44.673],[17.691,44.542],[17.691,44.673],[17.953,44.542],[19.131,44.542],[19.131,44.411],[19.262,44.411],[19.262,44.28],[19.524,44.28],[19.655,44.411],[19.785,44.28],[19.655,44.149],[19.655,44.018],[19.524,44.018],[19.524,43.756],[19.655,43.756],[19.785,43.625],[19.916,43.625],[19.916,43.495],[20.047,43.495],[19.916,43.495],[19.916,43.364],[19.785,43.364],[19.785,43.495],[19.655,43.364],[19.916,43.102],[19.916,42.971],[19.785,42.971],[19.785,43.102],[19.785,42.971],[19.393,42.971],[19.393,42.84],[19.524,42.84],[19.393,42.709],[19.393,42.84],[19.262,42.84],[19.131,42.709],[19.131,42.578],[19.0,42.578],[19.0,42.447],[18.869,42.447],[18.869,42.185],[19.0,42.055],[18.738,42.055],[18.345,42.316],[18.084,42.316],[17.953,42.447],[18.084,42.447],[17.691,42.709],[17.691,42.971],[17.56,42.971],[17.298,43.102],[16.905,43.495],[16.775,43.495],[16.775,43.625],[16.644,43.625],[16.644,43.756],[16.513,43.887],[16.513,44.018],[16.251,44.149],[16.12,44.149],[16.12,44.28],[16.251,44.411],[16.251,44.673],[16.513,44.673],[16.644,44.542],[16.644,44.411],[16.775,44.411],[16.775,44.542],[16.905,44.542],[16.905,44.673],[17.298,44.673]]]]}},{"type":"Feature","properties":{"iso3":"BLR","name":"Belarus"},"geometry":{"type":"MultiPolygon","coordinates":[[[[28.556,55.538],[29.08,55.538],[29.08,55.407],[29.865,55.407],[29.865,55.276],[29.735,55.276],[29.865,55.145],[29.996,55.145],[30.127,55.276],[30.913,55.276],[31.175,55.015],[31.305,55.015],[31.305,54.753],[31.175,54.753],[31.305,54.622],[31.436,54.622],[31.436,54.491],[31.305,54.36],[31.175,54.36],[31.175,54.229],[31.436,54.098],[31.567,54.098],[31.567,53.967],[31.436,53.967],[31.567,53.836],[31.698,53.836],[31.698,53.705],[31.829,53.575],[32.091,53.575],[32.222,53.444],[32.222,53.182],[32.876,53.182],[32.876,53.051],[33.138,52.92],[33.138,52.789],[33.007,52.789],[32.615,52.527],[32.222,52.527],[32.222,52.658],[31.829,52.658],[31.829,52.527],[31.698,52.527],[31.698,52.396],[31.829,52.396],[31.829,52.265],[31.96,52.265],[31.96,52.135],[32.091,52.004],[31.96,52.004],[31.96,51.742],[32.091,51.742],[32.091,51.611],[32.222,51.611],[32.222,51.48],[31.96,51.611],[31.829,51.611],[31.698,51.48],[31.436,51.48],[31.305,51.349],[31.175,51.349],[31.044,51.218],[31.044,51.087],[30.913,51.087],[31.044,50.956],[31.044,50.825],[30.913,50.695],[30.651,50.956],[30.389,50.956],[30.127,50.825],[29.735,50.825],[29.604,50.956],[29.604,51.087],[29.473,51.087],[29.342,50.956],[29.211,50.956],[29.211,50.825],[29.08,50.825],[29.08,50.956],[28.818,50.956],[28.687,51.087],[28.556,51.087],[28.556,50.956],[28.425,50.956],[28.295,51.087],[28.295,50.956],[28.164,50.956],[28.033,51.087],[27.64,51.087],[27.509,51.218],[26.855,51.218],[26.855,51.349],[24.76,51.349],[24.76,51.218],[24.498,51.087],[23.975,51.087],[23.975,50.956],[23.975,51.218],[24.105,51.218],[23.975,51.349],[24.105,51.48],[23.975,51.611],[23.713,51.611],[23.582,51.742],[23.844,52.004],[24.367,52.135],[24.367,52.527],[24.236,52.527],[24.236,52.658],[23.975,53.051],[23.975,53.444],[23.975,53.313],[24.105,53.313],[24.236,53.444],[24.367,53.444],[24.498,53.313],[24.498,53.444],[24.629,53.444],[24.629,53.313],[24.891,53.313],[25.284,53.575],[25.545,53.575],[25.545,53.705],[25.938,53.705],[25.938,53.575],[26.2,53.575],[26.2,53.705],[25.938,53.705],[25.938,53.836],[26.069,53.967],[26.2,53.967],[26.2,54.229],[26.331,54.36],[26.462,54.36],[26.724,54.622],[27.116,54.622],[27.116,54.753],[27.247,54.753],[26.855,54.753],[26.985,54.884],[26.985,55.145],[27.247,55.145],[27.378,55.276],[28.033,55.276],[28.033,55.407],[28.164,55.407],[28.295,55.538],[28.556,55.538]]]]}},{"type":"Feature","properties":{"iso3":"BLZ","name":"Belize"},"geometry":{"type":"MultiPolygon","coordinates":[[[[-87.298,16.92],[-87.429,16.789],[-87.298,16.92],[-87.298,17.051],[-87.167,16.92],[-87.298,16.92]]],[[[-87.429,17.313],[-87.429,17.444],[-87.298,17.575],[-87.429,17.313]]],[[[-87.822,17.836],[-87.56,17.836],[-87.56,17.575],[-87.691,17.313],[-87.691,16.396],[-87.822,16.135],[-87.822,15.873],[-87.953,15.873],[-87.953,15.742],[-88.084,15.742],[-88.345,15.48],[-88.345,15.349],[-88.738,15.349],[-88.607,15.611],[-88.607,17.444],[-88.345,17.444],[-88.345,17.313],[-88.215,17.444],[-88.215,17.575],[-87.953,17.836],[-87.953,17.967],[-87.691,17.967],[-87.822,17.836]]]]}},{"type":"Feature","properties":{"iso3":"BMU","name":"Bermuda"},"geometry":{"type":"MultiPolygon","coordinates":[[[[-64.127,31.713],[-64.258,31.713],[-64.127,31.844],[-64.127,31.713]]]]}},{"type":"Feature","properties":{"iso3":"BOL","name":"Bolivia"},"geometry":{"type":"MultiPolygon","coordinates":[[[[-57.582,-20.651],[-57.582,-20.258],[-57.975,-20.127],[-58.236,-19.865],[-58.498,-19.735],[-59.415,-19.735],[-59.938,-19.865],[-60.331,-19.865],[-60.593,-19.996],[-60.985,-19.996],[-61.247,-20.127],[-61.247,-20.258],[-61.509,-20.651],[-61.509,-20.782],[-61.771,-21.044],[-61.771,-21.829],[-62.033,-22.353],[-62.033,-22.615],[-62.164,-22.615],[-62.295,-22.484],[-63.473,-22.484],[-63.604,-22.745],[-63.604,-22.876],[-63.735,-23.007],[-63.735,-23.269],[-63.865,-23.138],[-63.865,-22.876],[-63.996,-22.745],[-63.996,-22.615],[-64.258,-22.615],[-64.389,-22.484],[-65.305,-22.484],[-65.567,-22.353],[-65.567,-22.222],[-65.698,-22.222],[-65.698,-22.353],[-65.96,-22.615],[-66.091,-22.615],[-66.222,-22.745],[-66.222,-22.876],[-66.484,-22.876],[-66.484,-23.138],[-66.615,-23.138],[-66.615,-23.269],[-67.269,-23.269],[-67.269,-22.876],[-67.4,-22.745],[-67.4,-22.484],[-67.662,-22.091],[-67.662,-21.698],[-67.924,-21.436],[-67.924,-21.305],[-68.055,-21.305],[-68.055,-21.175],[-67.924,-21.044],[-68.185,-20.913],[-68.185,-20.52],[-68.055,-20.52],[-68.055,-20.258],[-68.185,-20.127],[-67.924,-19.865],[-68.447,-19.342],[-68.447,-18.818],[-68.578,-18.818],[-68.578,-18.425],[-68.709,-18.425],[-68.971,-18.033],[-68.971,-17.771],[-69.102,-17.771],[-69.102,-17.64],[-68.971,-17.509],[-68.84,-17.509],[-68.84,-17.378],[-68.709,-17.247],[-68.578,-17.247],[-68.578,-17.116],[-68.447,-17.116],[-68.447,-16.855],[-68.316,-16.855],[-68.316,-16.724],[-68.447,-16.593],[-68.709,-16.593],[-68.84,-16.2],[-68.84,-16.069],[-68.578,-15.676],[-68.709,-15.415],[-68.84,-15.415],[-68.84,-15.284],[-68.709,-15.153],[-68.709,-15.022],[-68.578,-15.022],[-68.578,-14.891],[-68.447,-14.891],[-68.447,-14.629],[-68.316,-14.629],[-68.316,-14.498],[-68.447,-14.367],[-68.447,-14.236],[-68.578,-14.105],[-68.447,-14.105],[-68.447,-13.32],[-68.185,-13.058],[-68.316,-12.535],[-68.84,-11.749],[-68.84,-11.618],[-68.971,-11.356],[-68.447,-11.356],[-68.316,-11.487],[-67.793,-11.487],[-67.793,-11.356],[-67.662,-11.356],[-67.662,-11.225],[-67.531,-11.095],[-67.138,-11.095],[-67.138,-10.964],[-67.007,-10.964],[-66.876,-10.833],[-66.745,-10.833],[-66.745,-10.702],[-66.615,-10.702],[-65.96,-10.309],[-65.698,-10.309],[-65.305,-10.178],[-64.782,-10.178],[-64.782,-10.833],[-64.913,-10.833],[-64.913,-10.964],[-64.782,-11.095],[-64.782,-11.88],[-64.651,-12.011],[-64.651,-12.142],[-64.52,-12.142],[-64.52,-12.273],[-64.389,-12.404],[-64.258,-12.404],[-64.258,-12.535],[-64.127,-12.535],[-63.865,-12.796],[-63.865,-12.927],[-62.949,-12.927],[-62.949,-13.058],[-62.818,-13.058],[-62.687,-13.189],[-62.687,-13.058],[-62.556,-13.058],[-62.425,-13.189],[-62.425,-13.32],[-62.295,-13.32],[-62.164,-13.451],[-62.033,-13.451],[-61.771,-13.582],[-61.509,-13.582],[-61.509,-13.713],[-61.247,-13.975],[-60.331,-13.975],[-60.2,-14.105],[-60.069,-14.105],[-59.807,-14.367],[-59.807,-14.498],[-59.938,-14.498],[-59.938,-14.629],[-59.807,-14.76],[-59.807,-15.022],[-59.676,-15.545],[-60.069,-15.545],[-59.938,-15.545],[-59.676,-15.938],[-59.676,-16.724],[-57.844,-16.724],[-57.844,-16.855],[-57.975,-17.116],[-57.844,-17.378],[-57.844,-17.771],[-57.32,-17.902],[-57.189,-18.033],[-57.058,-18.556],[-56.927,-18.687],[-57.058,-18.687],[-57.058,-18.949],[-57.189,-19.211],[-57.189,-19.473],[-57.32,-19.604],[-57.451,-19.865],[-57.451,-19.996],[-57.582,-20.127],[-57.32,-20.389],[-57.451,-20.52],[-57.582,-20.52],[-57.582,-20.651]]]]}},{"type":"Feature","properties":{"iso3":"BRA","name":"Brazil"},"geometry":{"type":"MultiPolygon","coordinates":[[[[-47.895,-28.244],[-48.025,-28.244],[-48.025,-27.982],[-47.895,-27.982],[-47.895,-27.851],[-47.764,-27.851],[-47.895,-27.982],[-47.895,-28.244]]],[[[-48.025,-26.804],[-48.156,-26.673],[-48.025,-26.542],[-47.895,-26.673],[-48.025,-26.804]]],[[[-44.753,-24.316],[-44.884,-24.316],[-44.753,-24.185],[-44.622,-24.185],[-44.753,-24.316]]],[[[-43.575,-23.531],[-43.705,-23.662],[-43.836,-23.662],[-43.705,-23.531],[-43.575,-23.531]]],[[[-38.338,-13.844],[-38.338,-13.975],[-38.469,-13.975],[-38.469,-13.844],[-38.338,-13.844]]],[[[-38.207,-13.582],[-38.207,-13.451],[-38.076,-13.451],[-38.076,-13.32],[-38.076,-13.451],[-38.207,-13.582]]],[[[-43.967,-3.371],[-44.098,-3.502],[-43.967,-3.371],[-43.967,-3.109],[-43.967,-3.371]]],[[[-44.36,-1.8],[-44.491,-1.8],[-44.36,-1.669],[-44.36,-1.8]]],[[[-51.298,-1.8],[-51.429,-1.931],[-51.167,-1.538],[-51.167,-1.276],[-51.036,-1.015],[-50.644,-1.015],[-50.644,-1.145],[-50.905,-1.669],[-51.036,-1.8],[-51.298,-1.8]]],[[[-49.073,-0.622],[-47.895,-0.622],[-47.895,-0.753],[-47.764,-0.753],[-47.895,-0.884],[-47.895,-1.145],[-48.025,-1.145],[-48.025,-1.407],[-48.156,-1.538],[-48.287,-1.538],[-48.287,-1.8],[-48.418,-1.931],[-48.549,-1.931],[-48.68,-1.8],[-48.68,-2.062],[-48.811,-2.062],[-48.811,-1.931],[-48.942,-1.931],[-48.942,-2.062],[-49.073,-2.193],[-49.989,-2.193],[-49.989,-2.062],[-50.12,-2.062],[-50.12,-1.8],[-50.251,-1.669],[-50.12,-1.538],[-49.989,-1.538],[-50.12,-1.538],[-50.251,-1.407],[-50.251,-1.015],[-50.12,-1.015],[-50.12,-0.753],[-49.727,-0.491],[-49.073,-0.622]]],[[[-50.12,-0.622],[-50.382,-0.753],[-50.513,-0.753],[-50.513,-0.622],[-50.382,-0.491],[-50.12,-0.491],[-50.12,-0.622]]],[[[-48.942,-0.491],[-49.204,-0.622],[-49.335,-0.491],[-48.811,-0.491],[-48.942,-0.491]]],[[[-49.204,-0.229],[-49.204,-0.36],[-49.335,-0.491],[-49.727,-0.491],[-49.727,-0.36],[-49.204,-0.229]]],[[[-49.858,-0.36],[-49.858,-0.491],[-50.12,-0.491],[-49.858,-0.229],[-49.858,0.033],[-49.727,-0.229],[-49.727,-0.36],[-49.858,-0.36]]],[[[-49.596,-0.098],[-49.727,-0.229],[-49.727,0.033],[-49.465,0.033],[-49.465,-0.098],[-49.596,-0.098]]],[[[-49.727,1.342],[-49.858,1.342],[-49.989,1.473],[-49.989,1.604],[-49.727,1.604],[-49.727,1.342]]],[[[-59.676,4.745],[-59.545,4.745],[-59.545,4.615],[-59.415,4.484],[-59.415,4.222],[-59.545,4.091],[-59.545,3.96],[-59.284,3.96],[-59.153,3.829],[-59.153,3.567],[-59.022,3.436],[-59.022,3.305],[-59.284,3.044],[-59.284,2.782],[-59.415,2.52],[-59.415,1.996],[-59.284,1.865],[-59.284,1.735],[-59.153,1.735],[-59.153,1.211],[-59.022,1.211],[-59.022,1.08],[-58.891,1.08],[-58.629,0.818],[-58.498,0.818],[-58.367,0.687],[-57.975,0.687],[-57.975,0.949],[-57.844,0.949],[-57.844,1.08],[-57.713,1.08],[-57.713,0.949],[-57.451,0.949],[-57.451,1.08],[-57.189,1.08],[-57.189,1.211],[-56.927,1.211],[-56.796,1.342],[-56.665,1.342],[-56.665,1.473],[-56.535,1.473],[-56.535,1.342],[-55.356,1.342],[-55.356,1.604],[-55.487,1.604],[-55.487,1.735],[-55.618,1.735],[-55.487,1.735],[-55.487,1.996],[-55.356,1.996],[-55.225,1.865],[-54.833,1.865],[-54.833,1.996],[-54.309,1.996],[-54.309,1.865],[-54.178,1.865],[-54.047,1.735],[-53.916,1.735],[-53.916,1.604],[-53.524,1.604],[-53.393,1.735],[-52.738,1.735],[-52.738,1.604],[-52.345,1.604],[-52.345,1.735],[-52.215,1.735],[-52.084,1.865],[-52.084,1.996],[-51.953,1.996],[-51.953,2.258],[-51.822,2.389],[-51.822,2.651],[-51.691,2.651],[-51.56,2.782],[-51.56,2.913],[-51.429,3.044],[-51.429,3.175],[-51.298,3.305],[-51.298,3.436],[-51.167,3.436],[-51.036,3.567],[-51.036,3.698],[-50.775,3.698],[-50.644,3.567],[-50.513,3.175],[-50.513,2.782],[-50.251,2.127],[-50.251,1.865],[-50.12,1.865],[-50.12,1.604],[-49.989,1.604],[-49.989,1.342],[-49.858,1.211],[-49.465,1.211],[-49.465,1.08],[-49.335,0.818],[-49.335,0.556],[-49.465,0.556],[-49.465,0.425],[-49.727,0.295],[-49.727,0.164],[-50.251,-0.36],[-50.382,-0.36],[-50.382,-0.491],[-50.775,-0.491],[-50.775,-0.622],[-50.905,-0.753],[-50.905,-0.884],[-51.167,-1.145],[-51.167,-1.407],[-51.429,-1.669],[-51.429,-1.8],[-51.691,-1.8],[-51.953,-1.931],[-52.084,-1.931],[-51.691,-1.931],[-51.691,-2.062],[-51.429,-2.062],[-50.775,-1.669],[-50.513,-1.407],[-50.251,-1.407],[-50.382,-1.538],[-50.251,-1.669],[-50.251,-1.931],[-50.12,-2.062],[-50.12,-2.193],[-49.858,-2.455],[-49.465,-2.193],[-49.335,-2.324],[-49.073,-2.324],[-48.811,-2.193],[-48.811,-2.455],[-48.942,-2.585],[-48.942,-2.978],[-49.073,-2.978],[-49.073,-3.109],[-48.811,-2.716],[-48.68,-2.324],[-48.549,-2.324],[-48.156,-1.931],[-48.025,-1.931],[-47.895,-2.062],[-47.895,-1.931],[-47.764,-1.931],[-47.895,-1.8],[-47.895,-1.538],[-47.764,-1.407],[-47.764,-1.276],[-47.633,-1.276],[-47.502,-1.145],[-46.847,-1.145],[-46.847,-1.015],[-46.716,-1.015],[-46.585,-1.145],[-46.193,-1.145],[-46.193,-1.276],[-46.062,-1.407],[-45.669,-1.407],[-45.669,-1.538],[-45.538,-1.538],[-45.145,-1.8],[-44.884,-1.8],[-44.753,-1.931],[-44.753,-2.193],[-44.753,-2.062],[-44.622,-2.062],[-44.622,-1.931],[-44.491,-1.931],[-44.36,-2.062],[-44.229,-2.062],[-44.229,-2.193],[-44.098,-2.193],[-44.098,-2.324],[-43.967,-2.324],[-43.967,-2.585],[-44.098,-2.585],[-44.098,-2.716],[-44.229,-2.716],[-44.098,-2.716],[-44.098,-2.847],[-43.967,-2.716],[-43.967,-2.585],[-43.836,-2.585],[-43.836,-2.847],[-43.967,-2.847],[-43.967,-2.978],[-44.098,-3.109],[-44.229,-3.633],[-43.836,-3.371],[-43.836,-3.109],[-43.705,-2.978],[-43.705,-2.847],[-43.575,-2.847],[-43.575,-3.109],[-43.705,-3.24],[-43.575,-3.24],[-43.313,-2.978],[-42.92,-2.978],[-42.92,-2.847],[-42.396,-2.847],[-42.265,-2.978],[-42.135,-2.978],[-41.742,-3.24],[-41.48,-3.24],[-41.349,-3.109],[-40.956,-3.371],[-40.695,-3.371],[-40.302,-3.24],[-39.385,-3.24],[-39.255,-3.371],[-38.076,-4.025],[-37.684,-4.418],[-37.553,-4.68],[-37.291,-4.811],[-36.636,-5.335],[-36.244,-5.335],[-36.244,-5.465],[-35.458,-5.465],[-34.935,-5.596],[-34.673,-5.989],[-34.542,-6.382],[-34.542,-6.644],[-34.411,-6.775],[-34.411,-7.167],[-34.28,-7.298],[-34.28,-8.476],[-34.542,-9.393],[-35.065,-9.916],[-35.196,-10.178],[-35.327,-10.178],[-35.327,-10.047],[-35.327,-10.309],[-35.72,-10.702],[-35.851,-10.964],[-36.113,-10.964],[-36.244,-11.095],[-36.505,-11.487],[-36.636,-11.487],[-36.636,-11.618],[-36.767,-11.749],[-36.767,-11.88],[-36.767,-11.618],[-36.898,-11.88],[-36.898,-12.142],[-37.422,-12.927],[-37.422,-13.058],[-37.815,-13.451],[-37.945,-13.451],[-37.945,-13.189],[-38.076,-13.058],[-38.207,-13.189],[-38.338,-13.189],[-38.207,-13.32],[-38.338,-13.451],[-38.338,-13.713],[-38.469,-13.844],[-38.469,-14.498],[-38.469,-14.367],[-38.338,-14.498],[-38.469,-15.022],[-38.469,-15.676],[-38.338,-15.938],[-38.338,-16.331],[-38.469,-16.593],[-38.469,-16.985],[-38.6,-17.247],[-38.6,-18.164],[-38.993,-18.425],[-39.124,-18.687],[-39.124,-19.865],[-39.255,-19.996],[-39.255,-20.127],[-39.385,-20.127],[-39.647,-20.389],[-39.647,-20.651],[-39.778,-20.782],[-39.778,-21.044],[-40.04,-21.175],[-40.302,-21.436],[-40.433,-21.698],[-40.433,-22.484],[-41.087,-22.615],[-41.087,-22.745],[-41.48,-23.007],[-41.48,-23.138],[-41.349,-23.269],[-41.48,-23.269],[-41.48,-23.4],[-42.396,-23.4],[-42.527,-23.269],[-42.527,-23.138],[-42.658,-23.138],[-42.658,-23.4],[-42.789,-23.4],[-42.92,-23.531],[-43.444,-23.531],[-43.313,-23.4],[-43.182,-23.531],[-43.182,-23.4],[-43.836,-23.4],[-44.098,-23.531],[-44.098,-23.662],[-43.967,-23.662],[-44.098,-23.793],[-44.36,-23.793],[-44.622,-24.055],[-44.884,-24.055],[-44.884,-24.185],[-45.407,-24.185],[-46.324,-24.709],[-46.978,-25.233],[-47.24,-25.364],[-47.371,-25.364],[-47.371,-25.625],[-47.502,-25.625],[-47.633,-25.887],[-47.633,-25.756],[-47.895,-25.756],[-47.895,-25.887],[-48.025,-25.887],[-48.156,-25.756],[-48.156,-25.887],[-47.895,-25.887],[-47.895,-26.018],[-48.025,-26.28],[-48.156,-26.28],[-48.025,-26.28],[-48.025,-26.542],[-48.156,-26.673],[-48.156,-27.065],[-48.025,-27.327],[-48.025,-28.505],[-48.156,-28.636],[-48.156,-28.767],[-48.287,-28.898],[-48.287,-29.029],[-48.68,-29.291],[-49.204,-29.815],[-49.465,-30.207],[-49.727,-30.862],[-50.12,-31.385],[-50.905,-32.171],[-51.298,-32.302],[-51.429,-32.433],[-51.429,-32.564],[-51.56,-32.433],[-51.429,-32.433],[-51.56,-32.302],[-51.298,-32.302],[-51.298,-32.171],[-51.167,-32.171],[-50.905,-32.04],[-50.644,-31.778],[-50.644,-31.516],[-50.382,-31.516],[-50.382,-31.385],[-50.12,-31.124],[-50.12,-30.862],[-49.989,-30.862],[-49.989,-30.731],[-50.12,-30.6],[-50.382,-30.862],[-50.644,-30.6],[-50.644,-30.469],[-50.775,-30.469],[-50.775,-30.731],[-50.644,-30.731],[-50.644,-30.862],[-50.775,-30.993],[-50.775,-31.255],[-50.905,-31.385],[-50.905,-31.516],[-51.429,-31.778],[-51.429,-32.04],[-51.691,-32.302],[-51.691,-32.433],[-51.56,-32.564],[-51.822,-32.825],[-51.953,-33.349],[-52.084,-33.611],[-52.345,-33.873],[-52.869,-34.135],[-53.0,-34.135],[-53.0,-33.48],[-52.869,-33.48],[-52.607,-33.218],[-52.607,-33.087],[-52.738,-33.087],[-53.131,-32.695],[-53.131,-32.564],[-53.262,-32.433],[-53.393,-32.433],[-53.393,-32.302],[-53.655,-32.302],[-53.916,-32.04],[-53.916,-31.909],[-54.047,-31.909],[-54.44,-31.647],[-54.571,-31.778],[-54.571,-31.647],[-54.702,-31.647],[-54.702,-31.516],[-54.833,-31.516],[-54.833,-31.385],[-54.964,-31.255],[-55.095,-31.255],[-55.095,-31.385],[-55.225,-31.385],[-55.225,-31.516],[-55.487,-31.516],[-55.487,-31.124],[-55.88,-30.862],[-56.273,-30.469],[-56.404,-30.469],[-56.665,-30.731],[-57.058,-30.731],[-57.058,-30.6],[-56.796,-30.469],[-56.796,-30.338],[-56.535,-30.076],[-56.404,-30.076],[-56.142,-29.684],[-56.011,-29.553],[-55.88,-29.553],[-55.88,-29.422],[-55.487,-29.029],[-55.487,-28.898],[-55.356,-28.898],[-55.356,-28.767],[-55.095,-28.767],[-55.225,-28.636],[-54.964,-28.505],[-54.833,-28.505],[-54.833,-28.375],[-54.702,-28.375],[-54.571,-28.244],[-54.44,-28.244],[-54.44,-28.113],[-54.309,-28.113],[-54.309,-27.982],[-54.047,-27.982],[-54.047,-27.851],[-53.655,-27.851],[-53.655,-27.72],[-53.524,-27.72],[-53.393,-27.589],[-53.262,-27.589],[-53.262,-27.458],[-53.131,-27.327],[-53.131,-27.196],[-53.262,-27.196],[-53.131,-27.065],[-53.131,-26.542],[-53.262,-26.411],[-53.262,-26.149],[-53.393,-26.149],[-53.393,-26.018],[-53.524,-26.018],[-53.655,-25.887],[-53.655,-26.018],[-54.047,-26.018],[-54.047,-25.887],[-53.916,-25.625],[-53.916,-25.233],[-53.785,-24.971],[-53.785,-24.578],[-53.655,-24.447],[-53.785,-24.447],[-54.047,-24.185],[-54.44,-24.447],[-54.833,-24.447],[-54.833,-24.185],[-54.964,-24.055],[-54.964,-23.531],[-55.095,-23.531],[-55.095,-23.007],[-55.225,-22.876],[-55.225,-22.745],[-55.749,-22.745],[-55.749,-22.615],[-55.88,-22.484],[-56.011,-22.484],[-56.011,-22.615],[-56.142,-22.615],[-56.273,-22.745],[-56.404,-22.745],[-56.535,-22.615],[-57.058,-22.615],[-57.189,-22.484],[-57.32,-22.615],[-57.451,-22.484],[-57.451,-22.353],[-57.32,-22.353],[-57.451,-22.222],[-57.32,-22.222],[-57.32,-21.96],[-57.451,-21.96],[-57.32,-21.829],[-57.32,-21.175],[-57.451,-21.044],[-57.451,-20.782],[-57.582,-20.782],[-57.582,-20.52],[-57.451,-20.52],[-57.32,-20.389],[-57.582,-20.127],[-57.451,-19.996],[-57.451,-19.865],[-57.32,-19.604],[-57.189,-19.473],[-57.189,-19.211],[-57.058,-18.949],[-57.058,-18.687],[-56.927,-18.687],[-57.058,-18.556],[-57.189,-18.033],[-57.32,-17.902],[-57.844,-17.771],[-57.844,-17.378],[-57.975,-17.116],[-57.844,-16.855],[-57.844,-16.724],[-59.676,-16.724],[-59.676,-15.938],[-59.938,-15.545],[-60.069,-15.545],[-59.676,-15.545],[-59.807,-15.022],[-59.807,-14.76],[-59.938,-14.629],[-59.938,-14.498],[-59.807,-14.498],[-59.807,-14.367],[-60.069,-14.105],[-60.2,-14.105],[-60.331,-13.975],[-61.247,-13.975],[-61.509,-13.713],[-61.509,-13.582],[-61.771,-13.582],[-62.033,-13.451],[-62.164,-13.451],[-62.295,-13.32],[-62.425,-13.32],[-62.425,-13.189],[-62.556,-13.058],[-62.687,-13.058],[-62.687,-13.189],[-62.818,-13.058],[-62.949,-13.058],[-62.949,-12.927],[-63.865,-12.927],[-63.865,-12.796],[-64.127,-12.535],[-64.258,-12.535],[-64.258,-12.404],[-64.389,-12.404],[-64.52,-12.273],[-64.52,-12.142],[-64.651,-12.142],[-64.651,-12.011],[-64.782,-11.88],[-64.782,-11.095],[-64.913,-10.964],[-64.913,-10.833],[-64.782,-10.833],[-64.782,-10.178],[-65.305,-10.178],[-65.698,-10.309],[-65.96,-10.309],[-66.615,-10.702],[-66.745,-10.702],[-66.745,-10.833],[-66.876,-10.833],[-67.007,-10.964],[-67.138,-10.964],[-67.138,-11.095],[-67.531,-11.095],[-67.662,-11.225],[-67.662,-11.356],[-67.793,-11.356],[-67.793,-11.487],[-68.316,-11.487],[-68.447,-11.356],[-69.495,-11.356],[-69.625,-11.487],[-69.887,-11.487],[-70.018,-11.356],[-70.149,-11.487],[-70.149,-10.964],[-70.018,-10.833],[-70.018,-9.916],[-70.149,-9.916],[-70.149,-10.047],[-70.28,-10.047],[-70.673,-10.44],[-71.589,-10.44],[-71.589,-10.309],[-71.851,-9.916],[-72.113,-9.916],[-72.244,-9.785],[-72.636,-9.785],[-72.375,-9.524],[-72.375,-9.393],[-72.636,-9.131],[-72.767,-9.131],[-72.767,-8.869],[-72.898,-8.869],[-73.029,-8.738],[-73.029,-8.476],[-73.16,-8.476],[-73.16,-8.215],[-73.291,-8.215],[-73.291,-8.084],[-73.422,-8.084],[-73.422,-7.822],[-73.16,-7.822],[-73.16,-7.56],[-73.291,-7.56],[-73.16,-7.429],[-73.16,-7.298],[-72.767,-7.036],[-72.636,-7.036],[-72.636,-6.905],[-72.505,-6.775],[-72.636,-6.775],[-72.636,-6.382],[-72.375,-6.12],[-72.375,-5.596],[-72.244,-5.465],[-72.113,-5.465],[-71.851,-5.335],[-71.851,-5.204],[-71.72,-5.204],[-71.458,-4.942],[-70.935,-4.942],[-70.935,-4.811],[-70.411,-4.811],[-70.411,-4.68],[-70.28,-4.68],[-70.28,-4.549],[-69.887,-4.549],[-69.495,-4.811],[-69.364,-4.68],[-69.364,-4.418],[-69.233,-4.025],[-69.233,-3.502],[-69.102,-3.109],[-69.102,-2.716],[-68.971,-2.455],[-68.971,-2.062],[-68.84,-1.8],[-68.84,-1.407],[-68.971,-1.407],[-68.971,-1.276],[-69.102,-1.145],[-68.971,-1.015],[-69.102,-1.015],[-69.102,-0.884],[-69.233,-0.884],[-69.233,-0.753],[-69.364,-0.753],[-69.495,-0.622],[-69.495,0.033],[-69.102,0.033],[-69.102,0.164],[-68.84,0.164],[-68.84,0.033],[-68.709,0.164],[-68.709,0.033],[-68.578,0.033],[-68.578,0.295],[-68.709,0.425],[-68.709,0.556],[-68.84,0.556],[-68.84,0.425],[-68.971,0.556],[-69.233,0.556],[-69.233,1.211],[-67.662,1.211],[-67.662,1.473],[-67.531,1.342],[-67.531,1.211],[-67.269,1.211],[-67.007,1.473],[-67.007,1.604],[-66.876,1.604],[-66.615,1.342],[-66.615,1.211],[-66.484,1.08],[-66.484,0.687],[-66.353,0.687],[-66.091,0.425],[-65.829,0.295],[-65.829,0.164],[-65.567,0.164],[-65.436,0.295],[-65.305,0.295],[-65.305,0.425],[-65.044,0.425],[-64.913,0.295],[-65.044,0.164],[-64.913,0.164],[-64.913,0.295],[-64.782,0.295],[-64.389,0.687],[-64.127,0.687],[-63.865,0.949],[-63.604,0.949],[-63.604,1.08],[-63.342,1.473],[-63.08,1.473],[-62.949,1.604],[-62.818,1.604],[-62.818,1.865],[-63.473,1.865],[-63.473,2.258],[-63.604,2.389],[-63.604,2.651],[-63.735,2.782],[-63.735,2.913],[-63.604,3.044],[-63.735,3.044],[-63.996,3.305],[-64.258,3.698],[-64.127,3.698],[-63.996,3.567],[-63.604,3.567],[-63.473,3.436],[-63.08,3.436],[-63.08,3.305],[-62.949,3.305],[-62.818,3.436],[-62.556,3.175],[-62.425,3.175],[-62.425,3.044],[-62.295,3.044],[-62.164,3.175],[-62.164,3.436],[-62.033,3.436],[-62.033,3.567],[-61.509,3.567],[-61.247,3.698],[-60.985,3.698],[-60.985,3.829],[-60.855,3.829],[-60.724,3.96],[-60.462,3.96],[-60.331,4.091],[-60.331,4.222],[-60.069,4.222],[-60.069,4.615],[-60.2,4.615],[-59.807,4.615],[-59.676,4.745]]]]}},{"type":"Feature","properties":{"iso3":"BRB","name":"Barbados"},"geometry":{"type":"MultiPolygon","coordinates":[[[[-58.891,12.469],[-59.022,12.469],[-59.022,12.6],[-59.153,12.731],[-59.022,12.731],[-58.891,12.6],[-58.891,12.469]]]]}},{"type":"Feature","properties":{"iso3":"BRN","name":"Brunei"},"geometry":{"type":"MultiPolygon","coordinates":[[[[115.48,4.353],[115.611,4.353],[115.611,4.222],[115.742,4.091],[115.742,3.829],[115.48,3.829],[115.48,4.353]]],[[[115.48,4.353],[115.349,4.353],[115.349,4.222],[115.218,4.222],[115.218,3.567],[115.087,3.567],[115.087,3.436],[114.956,3.436],[114.956,3.567],[114.825,3.698],[114.695,3.698],[114.695,3.96],[114.564,3.96],[114.433,4.091],[114.825,4.091],[114.956,4.222],[115.087,4.222],[115.48,4.484],[115.48,4.353]]]]}},{"type":"Feature","properties":{"iso3":"BTN","name":"Bhutan"},"geometry":{"type":"MultiPolygon","coordinates":[[[[92.047,27.262],[92.047,27.0],[92.178,26.869],[92.44,26.869],[92.571,26.738],[92.44,26.607],[92.44,26.345],[92.309,26.345],[92.178,26.215],[91.916,26.215],[91.916,26.345],[91.655,26.215],[91.0,26.215],[90.869,26.345],[90.607,26.345],[90.607,26.215],[90.345,26.215],[90.215,26.084],[90.084,26.215],[89.822,26.215],[89.822,26.345],[89.56,26.215],[89.429,26.345],[89.298,26.345],[89.298,26.607],[89.167,26.607],[89.429,26.869],[89.429,27.0],[89.56,27.0],[89.56,27.131],[89.691,27.262],[90.084,27.655],[90.215,27.655],[90.345,27.785],[90.607,27.785],[90.738,27.655],[90.738,27.524],[91.393,27.524],[91.393,27.393],[91.524,27.393],[91.524,27.524],[91.785,27.524],[91.916,27.393],[92.047,27.393],[92.047,27.262]]]]}},{"type":"Feature","properties":{"iso3":"BWA","name":"Botswana"},"geometry":{"type":"MultiPolygon","coordinates":[[[[25.676,-18.164],[25.676,-18.425],[25.807,-18.556],[25.807,-18.687],[26.2,-19.08],[26.2,-19.211],[26.331,-19.342],[26.331,-19.473],[26.593,-19.996],[26.724,-19.996],[27.509,-20.52],[27.64,-20.52],[27.64,-20.782],[27.771,-20.913],[28.164,-20.913],[28.164,-21.305],[28.033,-21.436],[28.295,-21.698],[28.295,-21.829],[28.425,-21.96],[28.949,-22.091],[29.211,-22.091],[29.342,-22.222],[29.473,-22.222],[29.473,-22.484],[29.604,-22.484],[29.735,-22.615],[29.604,-22.615],[29.342,-22.876],[29.211,-22.876],[29.08,-23.007],[28.818,-23.007],[28.425,-23.269],[28.425,-23.4],[28.295,-23.4],[28.295,-23.531],[28.164,-23.531],[28.164,-23.662],[28.033,-23.662],[28.033,-23.793],[27.771,-23.793],[27.64,-23.924],[27.509,-23.924],[27.509,-24.055],[27.378,-24.185],[27.247,-24.709],[26.985,-24.84],[26.985,-24.971],[26.855,-24.971],[26.855,-25.102],[26.462,-25.102],[26.331,-25.233],[26.331,-25.364],[26.2,-25.625],[26.069,-25.756],[26.069,-26.018],[25.938,-26.149],[25.415,-26.149],[25.284,-26.28],[25.153,-26.28],[25.022,-26.149],[24.76,-26.149],[24.629,-26.018],[24.236,-26.018],[23.975,-25.756],[23.32,-25.756],[23.32,-25.887],[23.189,-26.018],[23.189,-26.28],[23.058,-26.542],[22.927,-26.542],[22.927,-26.673],[22.665,-26.804],[22.535,-27.065],[22.273,-27.065],[22.273,-27.196],[22.142,-27.196],[22.142,-27.327],[21.88,-27.327],[21.88,-27.196],[21.487,-27.327],[21.356,-27.196],[21.225,-27.327],[21.095,-27.196],[21.095,-26.804],[21.225,-26.673],[21.225,-26.28],[21.095,-26.149],[21.095,-25.887],[20.964,-25.625],[20.833,-25.625],[20.833,-25.495],[20.44,-25.233],[20.44,-22.484],[21.356,-22.484],[21.356,-18.687],[22.404,-18.687],[23.713,-18.425],[23.975,-18.818],[23.975,-18.949],[24.236,-18.687],[24.367,-18.687],[24.367,-18.556],[24.498,-18.556],[24.629,-18.425],[24.891,-18.425],[25.153,-18.295],[25.676,-18.164]]]]}},{"type":"Feature","properties":{"iso3":"CAF","name":"Central African Republic"},"geometry":{"type":"MultiPolygon","coordinates":[[[[23.32,10.375],[23.32,10.244],[23.451,10.244],[23.844,9.589],[24.105,9.327],[24.105,8.804],[23.844,8.542],[23.975,8.411],[23.975,8.149],[24.629,8.149],[24.629,7.756],[24.76,7.756],[24.891,7.625],[25.284,7.625],[25.415,7.364],[25.676,7.233],[25.676,7.102],[25.545,6.971],[25.676,6.971],[25.676,6.84],[25.807,6.84],[26.331,6.447],[26.462,6.447],[26.462,6.316],[26.593,6.185],[26.724,6.185],[26.724,5.793],[26.985,5.531],[26.985,5.4],[27.247,5.4],[27.378,5.269],[27.509,5.269],[27.509,5.138],[27.64,5.138],[27.64,4.745],[27.771,4.615],[27.509,4.615],[27.247,4.484],[27.116,4.484],[26.2,4.745],[25.807,4.745],[25.545,4.353],[25.415,4.484],[25.153,4.353],[24.891,4.484],[24.76,4.484],[24.629,4.353],[24.367,4.353],[23.975,4.091],[23.582,4.091],[23.582,4.222],[23.32,4.222],[22.927,3.698],[22.927,3.567],[22.273,3.698],[21.749,3.698],[21.749,3.829],[21.618,3.698],[21.487,3.829],[21.095,3.829],[20.702,4.222],[20.309,4.484],[20.178,4.484],[20.047,4.615],[19.916,4.615],[19.524,4.353],[19.131,3.829],[19.0,3.829],[19.0,2.913],[18.869,3.044],[18.607,3.044],[18.607,2.913],[18.476,3.044],[17.953,3.044],[17.953,3.175],[17.822,3.175],[17.691,3.044],[17.036,3.044],[17.036,2.913],[16.905,2.782],[16.905,2.258],[16.644,1.865],[16.644,1.735],[16.513,1.865],[16.513,2.389],[16.382,2.389],[16.382,2.52],[16.251,2.52],[15.727,3.044],[15.727,3.175],[15.465,3.436],[15.596,3.436],[15.596,3.567],[15.465,3.567],[15.465,3.829],[15.335,3.96],[15.204,3.96],[15.204,4.091],[15.073,4.091],[15.073,4.615],[14.942,4.745],[15.073,4.876],[15.073,5.269],[14.811,5.531],[14.942,5.531],[14.942,5.662],[15.204,5.662],[15.204,5.793],[15.465,6.185],[15.465,6.316],[15.596,6.447],[15.596,6.709],[15.727,6.709],[15.858,6.84],[15.858,6.971],[16.513,6.971],[16.644,7.102],[16.775,7.102],[16.775,7.233],[16.905,7.233],[16.905,7.364],[17.167,6.971],[17.298,6.971],[17.298,7.102],[17.56,7.102],[17.822,7.364],[18.345,7.364],[18.607,7.495],[19.0,7.495],[19.0,7.625],[19.131,7.625],[19.393,7.887],[19.393,8.018],[19.524,8.018],[19.524,8.149],[19.262,8.28],[19.393,8.411],[20.047,8.411],[20.309,8.542],[20.833,8.542],[21.095,8.804],[21.225,8.804],[21.356,8.935],[21.356,9.065],[21.749,9.458],[21.88,9.458],[21.88,9.589],[22.011,9.589],[22.011,9.72],[22.142,9.72],[22.142,10.113],[22.404,10.244],[22.665,10.244],[22.665,10.375],[23.32,10.375]]]]}},{"type":"Feature","properties":{"iso3":"CAN","name":"Canada"},"geometry":{"type":"MultiPolygon","coordinates":[[[[-59.284,43.364],[-59.545,43.364],[-59.284,43.364],[-59.153,43.495],[-59.284,43.364]]],[[[-65.698,43.756],[-65.829,43.756],[-65.698,43.756],[-65.698,43.887],[-65.698,43.756]]],[[[-66.222,44.149],[-66.353,44.018],[-66.353,44.149],[-66.222,44.28],[-66.222,44.149]]],[[[-60.462,44.935],[-60.462,45.065],[-60.331,45.065],[-60.462,44.935]]],[[[-73.16,45.065],[-73.291,45.065],[-73.16,45.065],[-73.029,45.196],[-73.16,45.065]]],[[[-73.029,44.935],[-73.422,44.935],[-73.291,44.935],[-73.029,45.196],[-72.898,45.196],[-73.029,44.935]]],[[[-70.411,46.375],[-70.542,46.244],[-70.542,46.375],[-70.28,46.375],[-70.411,46.375]]],[[[-60.593,45.327],[-60.462,45.327],[-60.331,45.458],[-60.331,45.327],[-60.462,45.327],[-60.462,45.196],[-60.593,45.196],[-60.2,45.196],[-59.938,45.327],[-59.938,45.458],[-60.2,45.327],[-60.2,45.458],[-60.069,45.458],[-60.069,45.589],[-59.938,45.589],[-59.938,45.72],[-59.676,45.72],[-59.676,45.589],[-59.284,45.589],[-59.284,45.458],[-59.415,45.458],[-59.284,45.458],[-59.284,45.327],[-59.545,45.327],[-59.807,45.065],[-60.855,45.065],[-60.855,45.196],[-60.985,45.327],[-60.985,45.458],[-60.462,46.113],[-60.331,46.113],[-60.331,46.244],[-60.2,46.244],[-60.069,46.375],[-60.069,46.505],[-59.807,46.505],[-59.938,46.375],[-59.807,46.375],[-59.807,46.113],[-59.938,45.851],[-59.938,45.72],[-60.069,45.589],[-60.2,45.589],[-60.593,45.327]]],[[[-63.211,45.851],[-63.211,45.982],[-62.818,45.982],[-62.687,45.851],[-62.164,45.851],[-61.902,45.982],[-61.64,45.982],[-61.509,45.851],[-61.64,45.851],[-62.033,45.589],[-62.033,45.458],[-61.902,45.458],[-62.425,45.458],[-62.295,45.589],[-62.425,45.589],[-62.556,45.72],[-62.425,45.72],[-62.687,45.72],[-62.687,45.589],[-62.556,45.589],[-62.949,45.589],[-63.08,45.72],[-63.211,45.72],[-63.211,45.851],[-63.604,45.851],[-63.604,45.982],[-63.735,46.113],[-63.865,46.113],[-63.473,46.505],[-63.473,46.244],[-63.211,45.851]]],[[[-61.378,46.767],[-61.247,46.767],[-61.247,46.636],[-61.509,46.636],[-61.378,46.898],[-61.247,46.898],[-61.116,47.029],[-60.855,47.029],[-60.985,47.029],[-61.378,46.767]]],[[[-53.655,46.898],[-53.785,46.898],[-53.655,46.898],[-53.655,47.029],[-53.524,47.029],[-53.655,47.029],[-53.655,46.898]]],[[[-63.996,47.291],[-64.127,47.16],[-64.127,47.291],[-63.996,47.291]]],[[[-63.865,47.422],[-63.996,47.291],[-63.996,47.422],[-63.865,47.422]]],[[[-122.905,48.207],[-123.036,48.338],[-122.905,48.338],[-122.905,48.207]]],[[[-122.775,48.338],[-123.036,48.338],[-123.036,48.469],[-123.167,48.6],[-122.905,48.338],[-122.775,48.338]]],[[[-74.207,44.411],[-73.684,44.673],[-73.029,44.804],[-72.898,44.935],[-72.898,45.065],[-72.636,45.327],[-72.636,45.458],[-72.375,45.589],[-72.113,45.589],[-71.982,45.851],[-71.72,45.851],[-71.327,46.113],[-70.935,46.113],[-70.673,46.244],[-70.411,46.244],[-70.018,46.505],[-69.887,46.505],[-69.625,46.767],[-69.495,46.767],[-69.495,46.898],[-69.233,47.029],[-68.971,47.291],[-68.971,47.422],[-68.447,47.684],[-68.316,47.815],[-68.185,47.815],[-68.055,47.945],[-67.924,47.945],[-66.615,48.469],[-66.091,48.6],[-65.567,48.6],[-65.305,48.731],[-64.782,48.731],[-64.258,48.6],[-63.996,48.6],[-63.735,48.338],[-63.604,48.338],[-63.604,48.207],[-63.865,48.338],[-63.996,48.338],[-63.735,48.076],[-63.735,47.815],[-64.127,47.815],[-64.389,47.553],[-64.52,47.553],[-64.651,47.422],[-64.913,47.422],[-65.305,47.684],[-65.436,47.553],[-65.829,47.553],[-66.091,47.422],[-65.829,47.553],[-65.698,47.422],[-65.175,47.291],[-65.175,47.16],[-64.782,47.16],[-64.651,47.291],[-64.258,47.291],[-64.127,47.16],[-64.258,47.16],[-64.258,47.029],[-64.389,46.767],[-64.782,46.505],[-64.258,46.505],[-64.258,46.375],[-64.389,46.375],[-64.389,46.244],[-64.258,46.113],[-64.127,46.113],[-64.127,45.851],[-63.996,45.72],[-63.604,45.72],[-63.604,45.589],[-63.211,45.589],[-63.473,45.458],[-63.342,45.458],[-63.211,45.327],[-62.949,45.327],[-62.818,45.196],[-62.164,45.196],[-62.164,45.065],[-61.902,45.065],[-61.378,45.327],[-61.378,45.196],[-61.247,45.065],[-60.855,45.065],[-60.724,44.935],[-60.855,44.804],[-60.462,44.804],[-60.462,44.673],[-60.855,44.673],[-60.985,44.542],[-61.247,44.542],[-61.509,44.411],[-61.771,44.411],[-61.902,44.28],[-62.164,44.28],[-62.425,44.149],[-62.818,44.149],[-62.949,44.018],[-62.949,44.149],[-63.08,44.149],[-62.949,44.018],[-63.08,43.887],[-63.211,43.887],[-63.211,44.018],[-63.342,44.018],[-63.473,44.149],[-63.473,44.018],[-63.604,43.887],[-63.604,44.018],[-63.735,44.018],[-63.735,43.756],[-63.865,43.756],[-63.865,43.625],[-63.996,43.625],[-64.258,43.364],[-64.52,43.233],[-64.651,43.233],[-64.782,43.102],[-64.782,42.971],[-65.175,42.971],[-65.305,43.233],[-65.567,43.233],[-65.698,43.495],[-65.698,43.625],[-65.305,44.018],[-65.436,44.018],[-65.567,43.887],[-65.175,44.149],[-64.913,44.149],[-65.175,44.149],[-65.044,44.149],[-64.258,44.673],[-63.865,44.673],[-63.865,44.804],[-63.735,44.804],[-63.735,44.673],[-63.865,44.673],[-63.604,44.411],[-63.604,44.542],[-63.211,44.804],[-62.818,44.804],[-64.389,44.804],[-63.865,45.196],[-63.735,45.196],[-63.735,45.327],[-63.865,45.327],[-63.865,45.196],[-63.996,45.327],[-64.127,45.327],[-63.996,45.196],[-64.258,45.065],[-64.389,45.065],[-64.52,44.935],[-64.782,44.935],[-65.305,44.673],[-65.436,44.673],[-65.567,44.804],[-65.436,44.804],[-65.567,44.804],[-65.567,44.673],[-65.698,44.673],[-65.829,44.542],[-66.484,44.542],[-66.615,44.673],[-66.745,44.673],[-66.745,44.542],[-66.745,44.673],[-66.876,44.673],[-66.876,45.065],[-67.138,45.065],[-67.269,45.196],[-67.269,46.505],[-67.531,46.767],[-67.924,46.767],[-68.055,46.636],[-68.447,46.636],[-68.447,46.898],[-68.709,46.898],[-69.102,46.505],[-69.102,46.375],[-69.495,46.113],[-69.495,45.851],[-69.625,45.851],[-69.756,45.72],[-69.756,45.327],[-70.149,44.935],[-70.149,44.804],[-70.28,44.804],[-70.28,44.673],[-70.411,44.673],[-70.411,44.804],[-70.542,44.804],[-70.542,44.673],[-70.804,44.673],[-70.935,44.411],[-74.207,44.411]]],[[[-125.524,48.862],[-125.524,48.731],[-125.655,48.731],[-125.655,48.862],[-125.524,48.862]]],[[[-54.047,48.993],[-54.309,48.993],[-54.178,48.993],[-54.047,49.124],[-53.916,49.124],[-54.047,48.993]]],[[[-53.524,49.124],[-53.393,49.124],[-53.655,48.993],[-53.785,48.993],[-53.785,49.124],[-53.655,49.124],[-53.524,49.255],[-53.524,49.124]]],[[[-123.56,48.993],[-123.822,48.993],[-123.953,49.124],[-124.084,49.124],[-124.084,49.255],[-123.953,49.255],[-123.56,48.993]]],[[[-126.047,48.993],[-126.178,48.993],[-126.309,49.124],[-126.44,49.124],[-126.44,49.255],[-126.047,49.255],[-126.047,48.993]]],[[[-61.247,48.6],[-61.64,48.469],[-62.033,48.6],[-62.295,48.6],[-62.425,48.731],[-63.08,48.862],[-63.08,48.993],[-63.211,48.993],[-63.342,49.124],[-63.865,49.255],[-63.865,49.385],[-63.604,49.385],[-63.211,49.255],[-62.556,49.255],[-62.295,49.124],[-62.033,49.124],[-61.64,48.862],[-61.509,48.862],[-61.247,48.731],[-61.116,48.6],[-61.247,48.6]]],[[[-124.476,49.516],[-124.476,49.647],[-124.345,49.647],[-124.345,49.516],[-124.476,49.516]]],[[[-124.607,49.516],[-124.738,49.516],[-124.738,49.909],[-124.476,49.647],[-124.607,49.647],[-124.607,49.516]]],[[[-54.964,50.171],[-55.095,50.171],[-54.964,50.302],[-54.964,50.171]]],[[[-126.702,50.04],[-126.178,49.909],[-125.655,49.909],[-125.262,49.778],[-124.869,49.778],[-124.869,49.647],[-124.084,48.862],[-123.953,48.862],[-123.691,48.731],[-123.429,48.731],[-123.429,48.6],[-123.298,48.6],[-123.298,48.469],[-122.905,48.076],[-122.905,48.207],[-122.775,48.076],[-122.775,47.815],[-123.298,47.815],[-123.56,47.945],[-123.822,47.945],[-124.084,48.076],[-124.345,48.076],[-124.476,48.207],[-124.607,48.207],[-124.345,48.338],[-124.345,48.469],[-124.215,48.469],[-124.215,48.6],[-124.345,48.6],[-124.345,48.469],[-124.869,48.469],[-124.869,48.338],[-125.0,48.338],[-125.262,48.6],[-125.131,48.6],[-125.262,48.731],[-125.393,48.731],[-125.393,48.862],[-126.047,48.862],[-126.047,48.993],[-125.916,49.124],[-125.524,49.124],[-126.047,49.124],[-126.047,49.255],[-126.178,49.385],[-126.44,49.385],[-126.44,49.255],[-126.571,49.385],[-126.702,49.385],[-126.571,49.516],[-126.833,49.516],[-126.964,49.647],[-127.095,49.647],[-127.225,49.516],[-127.356,49.516],[-127.356,49.647],[-127.225,49.647],[-127.225,49.778],[-127.356,49.778],[-127.356,49.909],[-126.964,49.909],[-126.964,50.04],[-127.225,50.04],[-127.356,49.909],[-127.618,49.909],[-127.749,50.04],[-127.749,50.302],[-127.095,50.302],[-126.702,50.04]]],[[[-54.964,50.956],[-54.964,50.825],[-55.487,50.825],[-55.487,50.695],[-55.225,50.695],[-55.225,50.433],[-55.487,50.171],[-55.618,50.171],[-55.618,50.04],[-55.88,49.909],[-55.88,49.778],[-56.142,49.516],[-56.142,49.385],[-56.273,49.255],[-56.273,48.993],[-56.011,49.255],[-55.88,49.255],[-55.88,49.385],[-55.749,49.516],[-55.618,49.516],[-55.618,49.385],[-55.487,49.385],[-55.356,49.516],[-55.225,49.385],[-54.964,49.385],[-55.487,49.124],[-55.618,49.124],[-55.356,49.124],[-55.356,48.993],[-55.487,48.862],[-55.225,48.993],[-55.095,48.862],[-54.964,48.862],[-54.833,48.993],[-54.833,48.862],[-54.702,48.862],[-54.702,48.993],[-54.702,48.731],[-54.833,48.6],[-54.833,48.469],[-54.571,48.731],[-54.309,48.731],[-54.178,48.862],[-54.047,48.862],[-54.047,48.993],[-53.916,48.993],[-53.916,48.731],[-53.785,48.862],[-53.262,48.862],[-53.0,48.731],[-53.0,48.6],[-53.131,48.469],[-53.262,48.469],[-53.262,48.338],[-53.393,48.338],[-53.655,48.207],[-53.262,48.207],[-53.393,48.207],[-53.393,48.076],[-53.131,48.076],[-53.262,48.076],[-53.262,47.945],[-53.393,47.945],[-53.524,47.815],[-53.393,47.945],[-52.869,47.945],[-52.869,48.076],[-52.738,47.945],[-52.607,48.076],[-52.476,48.076],[-52.476,47.945],[-52.607,47.815],[-52.738,47.815],[-52.869,47.684],[-53.0,47.684],[-53.0,47.553],[-53.131,47.553],[-53.262,47.422],[-53.131,47.422],[-53.262,47.291],[-53.262,47.029],[-53.131,47.029],[-52.738,47.422],[-52.476,47.553],[-52.345,47.553],[-52.345,47.422],[-52.476,47.422],[-52.607,47.291],[-52.607,46.898],[-52.476,46.898],[-52.215,47.16],[-52.084,47.16],[-52.084,46.898],[-52.345,46.505],[-52.345,46.244],[-52.476,46.113],[-53.0,46.113],[-53.0,46.636],[-53.131,46.636],[-53.131,46.505],[-53.262,46.505],[-53.262,46.375],[-53.393,46.244],[-53.524,46.244],[-53.655,46.375],[-53.393,46.767],[-53.262,46.767],[-53.262,46.898],[-53.393,46.898],[-53.393,47.16],[-53.524,47.291],[-53.655,47.291],[-53.655,47.16],[-54.047,46.767],[-54.047,46.898],[-53.916,47.029],[-54.047,46.898],[-54.309,46.898],[-54.309,46.767],[-54.571,46.636],[-54.571,46.505],[-54.702,46.375],[-55.356,46.375],[-55.356,46.505],[-55.095,46.505],[-54.964,46.636],[-54.833,46.636],[-54.833,46.767],[-54.571,46.898],[-54.44,46.898],[-54.309,47.029],[-54.178,47.029],[-54.178,47.16],[-54.309,47.029],[-54.44,47.029],[-54.571,47.16],[-54.702,47.029],[-54.833,47.16],[-54.833,46.898],[-55.225,46.898],[-55.356,47.029],[-55.487,46.898],[-55.618,46.898],[-55.487,47.029],[-55.356,47.029],[-55.225,47.291],[-55.356,47.291],[-55.487,47.16],[-55.618,47.291],[-55.618,47.16],[-55.749,47.16],[-55.88,47.029],[-57.058,47.029],[-57.32,47.16],[-57.975,47.16],[-58.105,47.029],[-58.76,47.029],[-58.76,47.422],[-58.367,47.553],[-57.975,47.945],[-57.713,47.945],[-58.629,47.945],[-58.236,48.207],[-58.367,48.076],[-58.105,48.076],[-58.105,48.207],[-57.975,48.338],[-57.975,48.469],[-57.844,48.469],[-57.844,48.6],[-57.713,48.469],[-57.451,48.469],[-57.582,48.469],[-57.451,48.6],[-57.451,48.731],[-57.713,48.731],[-57.713,48.862],[-57.582,48.862],[-57.582,48.993],[-57.451,48.993],[-57.32,48.862],[-57.189,48.993],[-57.32,48.993],[-57.189,49.516],[-56.796,50.04],[-56.665,50.04],[-56.796,50.171],[-56.535,50.171],[-56.535,50.302],[-56.404,50.433],[-56.535,50.433],[-56.404,50.433],[-56.273,50.564],[-56.142,50.695],[-56.142,50.825],[-55.618,50.956],[-55.095,50.956],[-55.095,51.087],[-54.964,51.087],[-54.833,50.956],[-54.964,50.956]]],[[[-127.356,50.956],[-127.487,50.956],[-127.618,51.087],[-127.356,51.087],[-127.356,50.956]]],[[[-54.833,51.349],[-54.833,51.48],[-54.702,51.48],[-54.702,51.349],[-54.833,51.349]]],[[[-78.789,51.349],[-78.92,51.349],[-79.051,51.48],[-78.658,51.48],[-78.789,51.48],[-78.789,51.349]]],[[[-127.749,51.873],[-127.88,51.873],[-127.88,52.135],[-127.749,52.265],[-127.749,51.873]]],[[[-128.404,52.004],[-128.404,51.873],[-128.665,52.135],[-128.665,52.265],[-128.404,52.135],[-128.404,52.004]]],[[[-128.796,52.396],[-128.796,52.527],[-128.927,52.527],[-128.927,52.658],[-128.796,52.527],[-128.796,52.396]]],[[[-80.229,52.135],[-80.491,52.265],[-81.407,52.396],[-81.538,52.527],[-81.407,52.527],[-81.407,52.658],[-80.622,52.658],[-80.36,52.527],[-80.098,52.265],[-80.229,52.135]]],[[[-131.153,52.658],[-131.153,52.527],[-131.022,52.527],[-131.022,52.396],[-131.284,52.265],[-131.284,52.396],[-131.415,52.396],[-131.415,52.265],[-131.153,52.265],[-131.022,52.135],[-130.891,52.135],[-131.022,52.004],[-130.891,51.873],[-130.76,51.873],[-130.76,51.742],[-130.629,51.742],[-130.498,51.611],[-130.629,51.611],[-131.545,52.135],[-131.545,52.265],[-131.676,52.265],[-131.676,52.396],[-131.545,52.396],[-131.938,52.527],[-131.807,52.527],[-131.545,52.658],[-131.153,52.658]]],[[[-128.011,52.396],[-128.011,51.742],[-128.142,51.742],[-128.142,52.004],[-128.273,52.004],[-128.142,52.265],[-128.273,52.135],[-128.404,52.135],[-128.535,52.265],[-128.535,52.396],[-128.665,52.396],[-128.535,52.527],[-128.535,52.658],[-128.142,52.658],[-128.011,52.527],[-128.011,52.396]]],[[[-128.665,52.527],[-128.796,52.527],[-128.796,52.658],[-128.665,52.789],[-128.665,52.527]]],[[[-79.444,52.789],[-79.444,52.658],[-79.444,52.789],[-79.575,52.789],[-79.444,52.789]]],[[[-129.32,52.658],[-129.582,52.789],[-129.713,52.789],[-129.975,53.051],[-129.582,53.051],[-129.189,52.658],[-129.32,52.658]]],[[[-129.713,53.444],[-129.713,53.313],[-129.975,53.313],[-129.975,53.444],[-130.105,53.444],[-130.105,53.313],[-130.105,53.444],[-129.975,53.575],[-129.844,53.575],[-129.713,53.444]]],[[[-132.069,53.575],[-131.676,53.575],[-131.676,53.444],[-131.545,53.444],[-131.545,53.313],[-132.069,53.182],[-132.069,53.051],[-131.938,53.051],[-131.676,53.182],[-131.545,53.313],[-131.545,53.444],[-131.415,53.444],[-131.284,53.575],[-131.153,53.575],[-131.153,53.444],[-131.415,53.051],[-131.415,52.658],[-132.069,52.658],[-132.2,52.789],[-131.807,52.789],[-131.938,52.789],[-132.069,52.92],[-132.331,52.92],[-132.331,53.051],[-132.462,53.182],[-132.462,53.313],[-132.593,53.313],[-132.593,53.444],[-132.462,53.575],[-132.069,53.575]]],[[[-130.367,53.967],[-130.367,54.098],[-130.236,54.098],[-130.236,53.967],[-130.367,53.967]]],[[[-129.844,54.229],[-129.975,54.229],[-129.713,54.36],[-129.713,54.491],[-129.713,54.36],[-129.844,54.229]]],[[[-60.462,55.538],[-60.462,55.407],[-60.593,55.538],[-60.462,55.538]]],[[[-78.265,55.538],[-78.396,55.538],[-78.396,55.669],[-78.265,55.669],[-78.265,55.8],[-78.135,55.931],[-78.135,55.669],[-78.265,55.669],[-78.265,55.538]]],[[[-79.444,55.669],[-79.575,55.669],[-79.444,55.669],[-79.444,55.8],[-79.182,55.8],[-79.051,55.931],[-79.051,55.8],[-79.182,55.8],[-79.444,55.669]]],[[[-78.396,55.669],[-78.658,55.276],[-78.658,55.407],[-78.527,55.538],[-78.527,55.669],[-78.658,55.669],[-78.92,55.276],[-79.182,55.276],[-78.92,55.538],[-79.051,55.538],[-79.313,55.276],[-79.444,55.276],[-79.444,55.407],[-79.182,55.538],[-78.92,55.8],[-78.92,55.931],[-78.92,55.669],[-79.051,55.669],[-78.789,55.669],[-78.789,55.931],[-78.658,56.062],[-78.658,55.931],[-78.396,55.931],[-78.396,55.669]]],[[[-78.92,56.062],[-79.051,56.062],[-79.051,56.193],[-78.92,56.193],[-78.92,56.062]]],[[[-79.313,56.193],[-79.444,56.193],[-79.444,56.324],[-79.313,56.324],[-79.313,56.193]]],[[[-61.247,56.978],[-61.116,56.978],[-61.116,56.847],[-61.247,56.847],[-61.378,56.978],[-61.509,56.978],[-61.247,56.978]]],[[[-79.182,56.978],[-79.182,56.847],[-79.313,56.847],[-79.313,56.978],[-79.182,56.978],[-79.182,57.109],[-79.182,56.978]]],[[[-68.578,58.549],[-68.709,58.418],[-68.84,58.418],[-68.709,58.418],[-68.709,58.549],[-68.578,58.549]]],[[[-79.705,59.073],[-79.705,59.204],[-79.575,59.204],[-79.575,59.073],[-79.705,59.073]]],[[[-79.444,59.204],[-79.575,59.204],[-79.575,59.335],[-79.313,59.335],[-79.444,59.204]]],[[[-63.865,59.858],[-63.865,59.727],[-63.996,59.727],[-64.127,59.858],[-64.258,59.858],[-64.258,59.989],[-64.127,59.989],[-63.996,59.858],[-63.865,59.858]]],[[[-67.662,59.727],[-67.793,59.727],[-67.793,59.858],[-67.662,59.858],[-67.531,59.989],[-67.269,59.989],[-67.269,59.858],[-67.4,59.727],[-67.662,59.727]]],[[[-78.004,60.12],[-78.135,60.12],[-78.004,60.251],[-77.742,60.251],[-77.873,60.251],[-78.004,60.12]]],[[[-64.258,60.775],[-64.389,60.905],[-64.913,61.036],[-64.782,61.167],[-64.258,61.167],[-64.258,61.036],[-64.127,61.036],[-64.127,60.905],[-64.258,60.905],[-64.258,60.775]]],[[[-92.535,61.298],[-92.665,61.298],[-92.535,61.429],[-92.404,61.298],[-92.535,61.298]]],[[[-64.52,61.298],[-64.258,61.298],[-64.258,61.167],[-64.389,61.167],[-64.651,61.298],[-64.651,61.429],[-64.52,61.429],[-64.52,61.298]]],[[[-79.051,61.822],[-78.92,61.822],[-78.789,61.691],[-78.658,61.691],[-78.92,61.298],[-79.051,61.298],[-79.051,61.036],[-79.313,61.036],[-79.444,61.167],[-79.705,61.167],[-79.705,61.56],[-79.444,61.822],[-79.051,61.822]]],[[[-64.258,61.953],[-63.865,61.953],[-63.865,61.822],[-64.389,61.822],[-64.389,61.953],[-64.258,61.953]]],[[[-73.422,62.084],[-73.945,62.084],[-74.076,62.215],[-73.945,62.215],[-73.815,62.084],[-73.422,62.084]]],[[[-69.756,61.953],[-70.149,61.953],[-70.149,62.084],[-70.28,62.084],[-70.673,62.345],[-70.28,62.345],[-70.149,62.215],[-69.887,62.215],[-69.756,62.084],[-69.756,61.953]]],[[[-81.407,62.345],[-81.407,62.215],[-81.538,62.084],[-82.455,61.691],[-82.847,61.691],[-83.109,61.56],[-83.109,61.691],[-83.24,61.691],[-83.371,61.822],[-83.371,61.953],[-83.24,61.953],[-82.847,62.345],[-81.931,62.345],[-81.669,62.476],[-81.538,62.476],[-81.407,62.345]]],[[[-77.349,62.869],[-77.087,62.869],[-76.956,62.738],[-77.087,62.607],[-77.48,62.607],[-77.742,62.738],[-77.873,62.738],[-78.004,62.869],[-77.349,62.869]]],[[[-76.171,62.869],[-76.564,62.869],[-76.825,63.0],[-76.564,63.131],[-76.04,63.0],[-76.171,62.869]]],[[[-77.087,63.393],[-77.349,63.393],[-77.349,63.524],[-76.956,63.524],[-77.087,63.393]]],[[[-84.418,64.702],[-84.156,64.702],[-84.025,64.833],[-84.025,64.964],[-83.895,64.964],[-83.633,64.702],[-83.502,64.702],[-83.371,64.571],[-82.847,64.571],[-82.716,64.44],[-82.585,64.44],[-82.455,64.309],[-82.062,64.178],[-81.538,64.178],[-81.538,64.047],[-81.407,64.047],[-81.145,63.655],[-81.145,63.524],[-81.407,63.524],[-80.098,63.524],[-80.098,63.393],[-79.967,63.393],[-80.098,63.393],[-79.836,63.262],[-79.705,63.262],[-80.36,62.869],[-80.622,62.869],[-80.753,63.0],[-81.407,63.131],[-81.8,63.131],[-81.931,63.393],[-82.324,63.393],[-82.455,63.524],[-82.455,63.655],[-82.585,63.655],[-82.716,63.524],[-82.978,63.524],[-83.109,63.393],[-83.109,63.262],[-83.502,63.131],[-83.633,63.0],[-83.895,63.0],[-83.895,62.869],[-84.025,62.738],[-84.287,62.738],[-84.418,62.607],[-84.942,62.607],[-85.073,62.738],[-85.204,63.131],[-85.989,63.131],[-86.251,63.0],[-86.644,63.0],[-86.644,63.131],[-86.382,63.393],[-85.727,63.524],[-85.727,63.655],[-85.858,63.785],[-85.858,64.047],[-85.727,64.047],[-85.727,64.309],[-85.596,64.44],[-85.596,64.833],[-85.465,64.964],[-85.465,65.095],[-85.204,65.225],[-85.204,65.356],[-84.942,65.356],[-84.942,65.225],[-84.68,65.225],[-84.549,65.095],[-84.68,64.964],[-84.418,64.702]]],[[[-84.156,64.964],[-84.287,64.964],[-84.287,65.095],[-84.418,65.095],[-84.549,65.225],[-84.549,65.356],[-84.68,65.356],[-84.549,65.487],[-84.418,65.487],[-84.287,65.356],[-84.156,65.356],[-84.156,65.225],[-84.025,65.095],[-84.156,64.964]]],[[[-83.109,65.225],[-82.716,65.225],[-82.716,65.095],[-83.24,65.095],[-83.109,65.225],[-83.502,65.225],[-83.764,65.487],[-83.895,65.487],[-83.895,65.618],[-83.371,65.487],[-83.24,65.356],[-83.109,65.356],[-83.24,65.225],[-83.109,65.225]]],[[[-82.585,65.749],[-82.324,65.749],[-82.455,65.618],[-82.585,65.618],[-82.716,65.749],[-82.585,65.749]]],[[[-107.589,66.404],[-107.196,66.404],[-107.327,66.404],[-107.327,66.273],[-107.458,66.273],[-107.458,66.404],[-107.589,66.404]]],[[[-62.164,66.535],[-62.295,66.535],[-62.164,66.535],[-62.033,66.665],[-61.902,66.665],[-61.902,66.535],[-62.164,66.535]]],[[[-107.327,66.796],[-107.458,66.796],[-107.589,66.927],[-107.589,67.058],[-107.458,67.058],[-107.458,66.927],[-107.327,66.927],[-107.327,66.796]]],[[[-108.636,67.451],[-108.375,67.451],[-108.375,67.32],[-108.505,67.32],[-108.636,67.451]]],[[[-73.029,67.189],[-73.945,67.189],[-74.207,67.451],[-73.815,67.582],[-73.553,67.451],[-72.898,67.451],[-72.898,67.189],[-73.029,67.189]]],[[[-108.767,67.451],[-108.898,67.451],[-108.898,67.582],[-108.767,67.451]]],[[[-85.989,67.189],[-86.251,67.189],[-86.382,67.32],[-86.251,67.451],[-86.382,67.451],[-86.382,67.582],[-86.251,67.713],[-85.858,67.713],[-85.858,67.32],[-85.989,67.189]]],[[[-75.124,67.713],[-74.6,67.713],[-74.6,67.582],[-74.469,67.582],[-74.469,67.451],[-74.6,67.451],[-74.469,67.189],[-74.469,67.058],[-74.731,66.796],[-75.255,66.665],[-76.433,66.665],[-76.695,66.927],[-76.695,67.32],[-76.433,67.582],[-76.171,67.713],[-75.385,67.713],[-75.255,67.844],[-75.124,67.713]]],[[[-78.396,67.582],[-78.527,67.582],[-78.658,67.713],[-78.658,67.844],[-78.396,67.844],[-78.265,67.713],[-78.396,67.582]]],[[[-103.924,67.844],[-104.316,67.844],[-104.447,67.975],[-103.924,67.975],[-103.924,67.844]]],[[[-74.338,67.844],[-74.862,67.975],[-74.862,68.105],[-74.469,68.105],[-74.338,67.975],[-74.207,67.975],[-74.207,67.844],[-74.338,67.844]]],[[[-101.305,67.975],[-101.436,68.105],[-101.698,68.105],[-101.567,68.236],[-101.175,68.236],[-101.175,68.105],[-101.305,67.975]]],[[[-99.604,68.236],[-99.865,68.236],[-99.865,68.105],[-99.865,68.236],[-100.127,68.236],[-100.127,68.367],[-99.996,68.367],[-99.996,68.498],[-99.735,68.498],[-99.735,68.367],[-99.604,68.367],[-99.604,68.236]]],[[[-99.473,68.498],[-99.473,68.367],[-99.604,68.367],[-99.604,68.498],[-99.735,68.498],[-99.604,68.498],[-99.604,68.629],[-99.473,68.498]]],[[[-89.916,68.629],[-90.047,68.629],[-90.047,68.76],[-90.178,68.76],[-89.916,68.76],[-89.916,68.629]]],[[[-78.658,68.236],[-78.789,68.236],[-78.789,68.498],[-78.527,68.498],[-78.396,68.629],[-78.265,68.629],[-78.265,68.76],[-78.004,68.76],[-77.873,68.891],[-77.742,68.891],[-77.742,68.76],[-77.611,68.76],[-77.742,68.76],[-77.873,68.629],[-78.004,68.629],[-78.004,68.498],[-78.135,68.498],[-78.265,68.367],[-78.527,68.367],[-78.658,68.236]]],[[[-89.655,68.891],[-89.655,68.76],[-89.916,68.76],[-89.916,68.891],[-89.655,68.891]]],[[[-76.433,68.629],[-76.825,68.629],[-76.825,68.891],[-76.171,68.891],[-76.171,68.76],[-76.302,68.76],[-76.302,68.629],[-76.433,68.629]]],[[[-100.651,68.891],[-100.782,68.891],[-100.651,68.891],[-100.782,69.022],[-100.52,69.022],[-100.52,68.891],[-100.389,68.891],[-100.651,68.891]]],[[[-95.022,69.022],[-94.76,68.891],[-94.891,68.891],[-94.891,68.76],[-95.153,68.76],[-95.153,69.022],[-95.284,69.022],[-95.284,68.76],[-95.415,68.76],[-95.415,69.022],[-95.022,69.022]]],[[[-138.484,69.022],[-138.745,69.022],[-138.615,69.153],[-138.484,69.153],[-138.353,69.022],[-138.484,69.022]]],[[[-67.4,69.022],[-67.662,69.022],[-67.531,69.153],[-67.269,69.153],[-67.138,69.022],[-67.4,69.022]]],[[[-77.48,69.153],[-77.349,69.022],[-77.742,69.022],[-77.873,68.891],[-78.265,68.891],[-78.265,69.022],[-78.004,69.022],[-77.873,69.153],[-77.48,69.153]]],[[[-78.92,69.284],[-78.789,69.153],[-79.051,69.022],[-79.444,69.022],[-79.444,68.891],[-79.444,69.022],[-79.836,69.022],[-79.836,69.153],[-80.229,69.153],[-79.836,69.153],[-79.836,69.284],[-79.575,69.284],[-79.575,69.153],[-79.313,69.153],[-79.182,69.284],[-78.92,69.284]]],[[[-96.855,69.022],[-96.724,69.153],[-96.331,68.891],[-95.676,68.76],[-95.284,68.367],[-95.153,68.367],[-95.022,68.236],[-94.891,68.367],[-94.76,68.367],[-94.76,68.236],[-95.153,68.236],[-95.284,68.105],[-95.415,68.105],[-96.069,67.844],[-96.462,67.975],[-96.855,67.975],[-97.116,68.105],[-97.378,68.105],[-97.64,68.236],[-98.295,68.236],[-98.295,68.367],[-98.949,68.367],[-98.949,68.629],[-98.164,68.629],[-97.902,68.76],[-98.033,68.891],[-97.902,68.891],[-98.033,69.022],[-97.771,69.022],[-97.64,68.891],[-97.509,68.891],[-97.64,68.891],[-97.771,69.022],[-97.771,69.153],[-97.64,69.284],[-96.985,69.284],[-96.855,69.153],[-96.855,69.022]]],[[[-86.382,69.545],[-85.989,69.545],[-85.989,69.415],[-86.644,69.415],[-86.644,69.545],[-86.775,69.545],[-86.382,69.545]]],[[[-99.735,69.938],[-100.127,69.938],[-100.127,70.069],[-99.735,70.069],[-99.735,69.938]]],[[[-74.207,44.411],[-74.469,44.411],[-74.6,44.28],[-74.862,44.28],[-75.255,43.887],[-75.516,43.756],[-75.647,43.756],[-75.647,43.625],[-75.909,43.495],[-76.302,43.102],[-78.135,43.102],[-78.265,42.971],[-78.658,42.971],[-78.527,42.84],[-78.527,42.447],[-78.396,42.447],[-78.396,42.316],[-78.527,42.185],[-78.658,42.185],[-79.182,41.924],[-79.444,41.924],[-79.705,41.793],[-80.098,41.793],[-80.491,41.662],[-80.753,41.662],[-81.407,41.269],[-81.669,41.269],[-81.931,41.138],[-82.324,41.138],[-82.585,41.4],[-82.585,41.662],[-82.455,41.793],[-82.324,41.793],[-82.062,42.055],[-81.931,42.055],[-81.931,42.185],[-81.8,42.447],[-81.8,42.709],[-81.669,42.971],[-81.538,42.971],[-81.669,43.233],[-81.669,43.625],[-81.8,43.887],[-81.8,44.149],[-81.931,44.411],[-81.931,44.804],[-82.847,45.196],[-82.978,45.196],[-82.978,45.458],[-83.109,45.589],[-83.24,45.589],[-83.371,45.458],[-83.371,45.589],[-83.502,45.589],[-83.502,45.851],[-83.633,45.851],[-83.633,45.982],[-83.502,45.982],[-83.895,45.982],[-83.895,45.851],[-84.025,45.851],[-84.287,46.113],[-84.287,46.375],[-84.549,46.375],[-84.942,46.636],[-85.465,46.767],[-85.858,47.029],[-86.12,47.029],[-87.167,47.553],[-87.429,47.553],[-87.56,47.684],[-88.084,47.684],[-88.345,47.553],[-88.607,47.553],[-88.738,47.422],[-89.393,47.422],[-89.524,47.553],[-90.178,47.553],[-90.309,47.684],[-90.44,47.684],[-90.702,47.553],[-91.095,47.553],[-91.356,47.684],[-91.487,47.684],[-91.618,47.815],[-91.749,47.815],[-91.749,47.684],[-91.88,47.684],[-91.88,47.815],[-92.273,48.076],[-92.796,48.076],[-92.927,47.945],[-93.189,47.945],[-93.32,48.076],[-93.844,48.207],[-94.105,48.207],[-94.105,48.338],[-94.236,48.469],[-94.236,48.6],[-94.367,48.731],[-94.236,48.731],[-94.367,48.731],[-94.629,48.862],[-94.629,48.469],[-122.513,48.469],[-122.513,48.6],[-122.644,48.6],[-122.644,48.731],[-122.382,48.731],[-122.382,48.862],[-122.382,48.731],[-122.775,48.731],[-122.775,48.862],[-122.644,48.862],[-122.644,49.124],[-122.775,48.993],[-122.775,48.862],[-123.298,48.862],[-123.298,48.993],[-123.429,48.993],[-123.56,49.124],[-123.298,49.124],[-123.298,48.993],[-123.167,48.993],[-123.036,49.124],[-123.298,49.124],[-123.298,49.516],[-123.167,49.516],[-123.298,49.647],[-123.429,49.647],[-123.298,49.516],[-123.429,49.385],[-123.429,49.255],[-123.953,49.255],[-124.084,49.385],[-124.345,49.647],[-124.345,49.778],[-124.476,49.778],[-124.476,49.909],[-124.345,50.04],[-124.345,50.302],[-124.345,50.171],[-124.476,50.04],[-124.476,49.909],[-125.0,49.909],[-125.0,50.04],[-125.0,49.909],[-125.785,49.909],[-125.916,50.04],[-125.655,50.04],[-125.524,50.171],[-125.393,50.171],[-125.916,50.171],[-125.785,50.302],[-125.916,50.302],[-125.916,50.564],[-126.047,50.433],[-126.047,50.302],[-126.702,50.302],[-127.095,50.564],[-127.095,50.825],[-126.833,51.087],[-126.178,51.087],[-126.44,51.218],[-126.833,51.087],[-126.964,50.956],[-127.225,50.956],[-127.225,51.087],[-127.356,51.087],[-127.356,51.218],[-127.225,51.349],[-127.225,51.48],[-127.356,51.48],[-127.225,51.48],[-127.225,51.611],[-127.095,51.742],[-126.833,51.742],[-126.702,51.873],[-126.571,51.742],[-126.44,51.742],[-126.178,51.48],[-126.178,51.611],[-126.309,51.611],[-126.309,51.742],[-126.44,51.742],[-126.571,51.873],[-126.702,51.873],[-126.702,52.004],[-126.571,52.004],[-126.44,52.135],[-126.44,52.265],[-126.44,52.135],[-126.571,52.135],[-126.964,51.742],[-127.225,51.742],[-127.356,51.611],[-127.487,51.349],[-127.487,51.218],[-127.749,51.611],[-127.487,51.742],[-127.487,51.873],[-127.356,52.004],[-127.487,52.004],[-127.618,51.873],[-127.749,51.873],[-127.749,51.742],[-127.749,51.873],[-127.618,52.004],[-127.618,52.265],[-127.487,52.265],[-127.487,52.396],[-127.749,52.265],[-127.88,52.265],[-128.011,52.527],[-128.273,52.789],[-128.535,52.789],[-128.535,52.92],[-128.665,52.92],[-128.404,53.182],[-128.273,53.182],[-128.273,53.051],[-128.404,53.051],[-128.273,53.051],[-127.88,52.789],[-127.749,52.92],[-127.618,52.92],[-127.356,52.658],[-127.356,52.789],[-127.618,52.92],[-128.011,52.92],[-128.273,53.182],[-128.142,53.182],[-128.142,53.313],[-128.011,53.313],[-128.404,53.313],[-128.404,53.182],[-128.535,53.182],[-128.665,53.051],[-128.665,52.789],[-128.927,52.789],[-129.058,52.658],[-129.32,52.92],[-129.32,53.051],[-129.713,53.051],[-129.844,53.182],[-129.713,53.313],[-129.451,53.575],[-129.189,53.575],[-129.058,53.705],[-129.32,53.705],[-129.582,53.575],[-129.844,53.836],[-129.844,54.098],[-129.713,54.098],[-129.713,54.229],[-129.582,54.229],[-129.582,54.36],[-129.058,54.884],[-129.189,54.884],[-129.189,55.015],[-129.32,55.015],[-129.32,54.753],[-129.451,54.491],[-129.582,54.491],[-129.451,54.622],[-129.451,54.884],[-129.582,55.015],[-129.582,55.145],[-129.451,55.276],[-129.451,55.538],[-129.844,55.538],[-130.236,55.8],[-130.498,55.8],[-130.891,56.062],[-131.284,56.062],[-131.284,56.193],[-131.415,56.324],[-131.545,56.324],[-131.545,56.455],[-131.415,56.455],[-131.545,56.455],[-131.807,56.585],[-131.676,56.585],[-131.938,56.847],[-131.938,56.978],[-132.2,57.109],[-132.2,57.24],[-132.331,57.371],[-132.462,57.371],[-132.593,57.502],[-132.855,57.764],[-132.855,57.895],[-132.985,57.895],[-133.247,58.156],[-133.378,58.156],[-133.509,58.287],[-133.771,58.287],[-133.771,58.418],[-133.902,58.418],[-133.902,58.549],[-134.033,58.549],[-134.164,58.68],[-134.425,58.68],[-134.556,58.942],[-134.425,58.942],[-134.687,59.204],[-135.211,59.204],[-135.342,59.073],[-135.735,59.073],[-135.735,58.942],[-135.865,58.942],[-135.865,58.68],[-135.996,58.549],[-136.52,58.549],[-136.913,58.287],[-136.913,58.418],[-137.044,58.549],[-137.044,58.68],[-137.175,58.68],[-137.436,58.942],[-137.567,58.942],[-137.698,59.073],[-137.96,59.073],[-138.091,59.204],[-138.091,59.335],[-138.353,59.335],[-138.484,59.465],[-138.615,59.465],[-138.615,59.596],[-138.484,59.727],[-139.269,59.727],[-139.4,59.596],[-139.662,59.727],[-140.447,59.727],[-140.447,69.153],[-140.316,69.022],[-138.615,69.022],[-138.091,68.76],[-137.567,68.629],[-137.305,68.498],[-136.651,68.367],[-135.604,68.367],[-135.342,68.236],[-134.687,68.105],[-135.08,68.367],[-135.342,68.367],[-135.342,68.498],[-135.08,68.498],[-135.342,68.498],[-135.08,68.76],[-134.687,68.76],[-134.687,68.891],[-133.902,68.891],[-133.902,69.153],[-133.64,69.153],[-133.64,69.022],[-133.378,69.022],[-133.378,68.891],[-133.509,68.891],[-133.64,68.76],[-133.116,68.76],[-132.855,68.891],[-132.462,68.891],[-132.331,69.022],[-132.331,69.153],[-131.938,69.022],[-131.938,69.153],[-131.807,69.153],[-132.069,69.153],[-131.415,69.153],[-131.022,69.284],[-130.891,69.415],[-130.76,69.415],[-130.629,69.284],[-130.629,69.415],[-130.498,69.415],[-130.367,69.545],[-129.32,69.545],[-129.189,69.676],[-129.058,69.676],[-128.927,69.545],[-129.058,69.415],[-129.844,69.284],[-130.105,69.153],[-130.236,69.153],[-130.367,69.022],[-131.415,69.022],[-131.676,68.76],[-132.069,68.76],[-132.2,68.629],[-132.462,68.498],[-132.593,68.498],[-132.724,68.367],[-132.855,68.367],[-132.855,68.236],[-132.069,68.236],[-131.938,68.367],[-132.2,68.367],[-132.2,68.498],[-131.938,68.629],[-131.545,68.629],[-131.415,68.76],[-131.284,68.76],[-131.284,68.891],[-130.76,68.891],[-130.76,68.76],[-130.629,68.891],[-130.498,68.891],[-130.367,68.76],[-130.367,68.629],[-130.367,68.76],[-130.105,68.891],[-129.844,69.153],[-129.582,69.153],[-129.058,69.284],[-128.535,69.284],[-128.404,69.415],[-128.273,69.415],[-128.404,69.284],[-128.665,69.284],[-128.535,69.153],[-128.273,69.153],[-128.142,69.284],[-127.88,69.415],[-127.749,69.415],[-127.749,69.545],[-127.487,69.545],[-127.225,69.676],[-127.095,69.676],[-127.356,69.676],[-127.487,69.807],[-127.618,69.807],[-127.618,69.938],[-127.487,70.069],[-127.356,69.938],[-126.833,69.807],[-126.702,69.676],[-126.571,69.676],[-126.309,69.545],[-126.309,69.415],[-126.047,69.153],[-125.131,68.76],[-124.869,68.76],[-124.607,68.891],[-124.738,69.022],[-124.738,69.153],[-124.607,69.153],[-124.607,69.284],[-124.476,69.284],[-124.345,69.415],[-124.215,69.415],[-124.476,69.415],[-124.345,69.545],[-123.822,69.545],[-123.953,69.415],[-123.822,69.153],[-123.56,69.153],[-123.822,68.891],[-123.953,68.891],[-123.822,68.76],[-123.036,68.76],[-123.036,68.891],[-122.775,68.891],[-122.644,69.022],[-122.513,69.153],[-122.513,69.284],[-120.942,69.284],[-120.811,69.153],[-120.418,69.153],[-120.287,69.022],[-119.764,68.891],[-119.633,68.76],[-118.324,68.76],[-118.193,68.629],[-117.931,68.629],[-117.8,68.498],[-117.276,68.498],[-116.753,68.367],[-115.836,68.367],[-115.705,68.236],[-115.444,68.236],[-115.705,68.367],[-114.658,68.367],[-114.396,68.236],[-114.004,68.236],[-113.48,67.844],[-113.349,67.844],[-113.48,67.713],[-114.265,67.713],[-114.265,67.582],[-114.658,67.582],[-114.658,67.451],[-114.92,67.32],[-114.527,67.32],[-114.396,67.189],[-114.265,67.32],[-114.135,67.189],[-112.564,67.189],[-112.302,67.058],[-111.909,67.189],[-110.862,67.189],[-110.731,67.32],[-110.6,67.32],[-110.6,67.189],[-110.469,67.189],[-109.815,67.451],[-109.422,67.451],[-109.422,67.32],[-109.16,67.32],[-109.16,67.189],[-108.505,67.189],[-108.375,67.058],[-108.375,66.927],[-108.244,66.927],[-108.113,67.058],[-107.982,67.058],[-107.982,66.927],[-107.851,66.796],[-107.327,66.665],[-107.327,66.535],[-107.982,66.535],[-107.851,66.535],[-107.589,66.273],[-107.458,66.273],[-107.196,66.142],[-106.935,65.88],[-106.673,65.88],[-107.065,66.011],[-107.196,66.142],[-107.196,66.404],[-106.804,66.404],[-106.673,66.273],[-106.542,66.273],[-106.673,66.404],[-106.804,66.404],[-106.804,66.535],[-106.673,66.535],[-106.804,66.535],[-106.935,66.665],[-107.065,66.665],[-107.065,66.927],[-107.458,67.189],[-107.458,67.32],[-107.196,67.32],[-107.196,67.451],[-106.804,67.451],[-106.673,67.582],[-106.28,67.582],[-106.149,67.713],[-106.018,67.713],[-105.887,67.582],[-105.887,67.713],[-105.756,67.844],[-105.364,67.844],[-105.364,67.975],[-105.233,67.975],[-105.233,68.105],[-105.495,68.105],[-105.625,67.975],[-105.887,67.975],[-106.018,67.844],[-106.542,67.844],[-106.542,67.713],[-107.196,67.713],[-107.065,67.582],[-107.851,67.582],[-108.113,67.713],[-108.113,67.844],[-107.851,68.105],[-106.935,68.105],[-106.149,68.236],[-105.756,68.367],[-105.233,68.367],[-104.84,67.975],[-104.84,67.844],[-104.578,67.713],[-104.055,67.713],[-104.055,67.582],[-103.924,67.451],[-103.138,67.451],[-102.876,67.582],[-102.484,67.32],[-102.091,67.32],[-101.829,67.189],[-99.996,67.189],[-99.996,67.32],[-99.211,67.32],[-98.949,67.189],[-97.902,67.189],[-97.902,67.32],[-98.033,67.32],[-98.164,67.451],[-97.902,67.451],[-97.509,67.189],[-97.378,67.189],[-97.116,67.058],[-96.724,67.058],[-96.593,67.189],[-96.593,67.32],[-96.724,67.32],[-96.985,67.451],[-97.378,67.451],[-97.509,67.32],[-97.64,67.32],[-97.902,67.451],[-97.902,67.582],[-97.771,67.582],[-97.902,67.582],[-97.902,67.713],[-98.033,67.713],[-98.033,67.844],[-97.902,67.844],[-97.64,67.713],[-97.509,67.844],[-97.247,67.844],[-97.378,67.844],[-97.378,67.975],[-96.724,67.975],[-96.724,67.844],[-96.593,67.844],[-96.462,67.713],[-95.938,67.713],[-96.2,67.451],[-95.938,67.451],[-95.938,67.582],[-95.415,67.713],[-95.415,67.582],[-95.676,67.32],[-95.676,67.058],[-95.807,67.058],[-95.807,66.927],[-95.545,66.665],[-95.415,66.665],[-95.284,66.796],[-95.153,66.796],[-95.284,66.665],[-95.022,66.665],[-94.891,66.535],[-94.891,66.404],[-95.676,66.404],[-95.807,66.535],[-95.807,66.404],[-95.284,66.142],[-95.284,66.011],[-95.153,66.142],[-95.545,66.404],[-94.76,66.404],[-94.76,66.796],[-94.891,66.927],[-94.891,67.058],[-95.022,67.189],[-95.153,67.189],[-94.891,67.451],[-94.629,67.451],[-94.629,67.582],[-94.367,67.451],[-94.236,67.451],[-93.32,67.975],[-93.058,67.975],[-92.927,68.105],[-93.058,68.105],[-93.058,68.236],[-93.32,68.498],[-93.32,68.367],[-93.451,68.236],[-94.105,68.236],[-93.582,68.629],[-93.713,68.629],[-93.713,68.76],[-93.32,68.76],[-93.058,68.891],[-93.189,68.76],[-93.32,68.76],[-93.189,68.629],[-93.058,68.76],[-92.927,68.76],[-92.927,68.891],[-93.058,69.022],[-93.189,68.891],[-93.844,68.891],[-93.844,69.022],[-93.975,69.022],[-94.105,69.153],[-94.236,69.022],[-94.76,69.153],[-95.022,69.153],[-95.153,69.284],[-95.545,69.284],[-95.938,69.545],[-95.938,69.807],[-95.807,69.938],[-95.676,69.938],[-95.545,70.069],[-95.284,69.938],[-95.415,70.069],[-95.284,70.2],[-95.415,70.2],[-95.676,70.069],[-95.807,70.069],[-95.938,70.2],[-95.938,70.593],[-95.807,70.593],[-95.938,70.724],[-95.676,70.724],[-95.545,70.855],[-95.284,70.855],[-95.153,70.724],[-95.022,70.724],[-94.891,70.855],[-94.891,70.985],[-95.284,70.985],[-94.629,71.378],[-93.975,71.378],[-93.975,71.247],[-93.189,71.247],[-93.189,71.116],[-93.058,70.985],[-92.796,70.985],[-92.535,70.724],[-92.404,70.724],[-92.273,70.593],[-92.273,70.462],[-92.404,70.331],[-92.273,70.2],[-92.011,70.2],[-91.88,70.069],[-91.749,70.069],[-91.487,69.807],[-91.487,69.676],[-91.356,69.676],[-91.356,69.807],[-91.095,69.807],[-91.095,69.676],[-90.964,69.676],[-90.964,69.545],[-91.487,69.545],[-91.618,69.676],[-91.749,69.676],[-91.88,69.545],[-92.011,69.545],[-91.356,69.545],[-91.749,69.284],[-92.273,69.153],[-91.618,69.153],[-91.749,69.022],[-90.964,69.022],[-90.833,69.153],[-90.702,69.153],[-90.571,69.022],[-90.833,69.022],[-90.44,69.022],[-90.178,68.891],[-90.047,69.022],[-90.047,68.891],[-89.916,68.891],[-90.178,68.891],[-90.178,68.76],[-90.702,68.76],[-90.178,68.498],[-90.047,68.367],[-89.916,68.367],[-90.047,68.236],[-89.916,68.105],[-90.047,67.975],[-89.916,67.844],[-89.785,67.844],[-89.785,67.713],[-89.655,67.713],[-89.524,67.844],[-89.393,67.844],[-89.393,67.975],[-89.262,67.975],[-89.393,67.975],[-89.393,68.105],[-89.262,68.236],[-89.131,68.236],[-89.131,68.498],[-89.0,68.498],[-88.738,68.629],[-88.738,68.76],[-88.476,68.76],[-88.345,68.629],[-88.215,68.629],[-87.822,68.367],[-87.691,68.367],[-87.429,68.236],[-87.429,68.105],[-87.298,67.975],[-87.298,67.713],[-87.56,67.713],[-87.691,67.844],[-87.822,67.713],[-87.822,67.451],[-87.691,67.189],[-86.905,66.796],[-86.905,66.665],[-86.513,66.665],[-86.382,66.796],[-86.251,66.796],[-86.12,66.927],[-85.989,66.927],[-85.989,67.058],[-85.858,67.189],[-85.858,67.32],[-85.335,67.451],[-85.204,67.713],[-85.204,68.105],[-85.073,68.105],[-84.942,68.236],[-84.287,68.236],[-84.549,68.236],[-84.549,68.367],[-84.287,68.367],[-84.287,68.498],[-84.549,68.629],[-84.811,68.629],[-84.811,68.891],[-84.942,68.891],[-84.942,69.022],[-84.811,69.022],[-84.942,69.022],[-84.942,69.284],[-83.633,69.284],[-83.371,69.153],[-82.062,69.153],[-81.8,69.022],[-82.062,69.022],[-82.193,68.891],[-81.8,68.891],[-81.669,68.76],[-81.669,68.629],[-81.538,68.629],[-81.407,68.76],[-81.145,68.76],[-80.884,68.629],[-80.753,68.629],[-80.753,68.498],[-81.015,68.498],[-81.145,68.367],[-81.407,68.367],[-80.884,68.367],[-80.884,68.236],[-80.753,68.236],[-80.753,68.105],[-81.015,67.975],[-81.276,67.975],[-81.407,67.844],[-81.538,67.975],[-81.931,67.975],[-81.931,67.844],[-81.8,67.844],[-81.931,67.713],[-81.8,67.713],[-81.669,67.582],[-81.407,67.582],[-81.538,67.451],[-81.538,67.32],[-81.407,67.32],[-81.276,67.189],[-81.145,67.189],[-80.884,67.058],[-80.753,66.927],[-80.753,66.796],[-80.884,66.665],[-80.884,66.535],[-81.015,66.404],[-81.407,66.404],[-81.538,66.273],[-81.669,66.273],[-81.669,66.142],[-81.8,66.142],[-82.062,66.011],[-82.455,66.011],[-82.585,65.88],[-82.847,65.88],[-82.978,65.749],[-82.978,65.88],[-83.109,65.88],[-83.371,66.142],[-83.633,66.142],[-83.895,66.404],[-84.156,66.404],[-84.287,66.535],[-84.549,66.404],[-84.549,66.273],[-84.418,66.273],[-84.287,66.404],[-84.025,66.404],[-84.025,66.273],[-83.764,66.142],[-83.633,66.142],[-83.633,66.011],[-83.502,66.011],[-83.24,65.749],[-83.24,65.618],[-83.502,65.618],[-83.764,65.749],[-83.895,65.749],[-83.895,65.618],[-84.025,65.618],[-84.287,65.749],[-84.68,65.749],[-84.942,66.011],[-86.12,66.011],[-86.12,65.88],[-86.251,65.88],[-86.12,65.749],[-85.727,65.749],[-85.596,65.618],[-85.465,65.618],[-85.465,65.487],[-86.382,64.964],[-86.513,64.833],[-87.56,64.833],[-88.084,65.095],[-88.345,65.095],[-88.476,65.225],[-88.869,65.356],[-90.833,65.356],[-90.702,65.356],[-90.44,65.225],[-90.571,65.356],[-90.047,65.356],[-89.655,65.225],[-89.262,65.225],[-89.0,65.095],[-88.738,64.833],[-87.691,64.702],[-86.513,64.702],[-86.382,64.571],[-86.513,64.571],[-86.644,64.309],[-86.775,64.309],[-87.298,63.785],[-87.429,63.785],[-87.429,63.655],[-87.56,63.655],[-88.084,63.393],[-88.345,63.393],[-88.476,63.524],[-88.607,63.524],[-88.607,63.393],[-88.869,63.524],[-89.0,63.393],[-89.0,63.524],[-89.262,63.524],[-89.262,63.655],[-89.524,63.524],[-89.393,63.524],[-89.262,63.393],[-89.655,63.393],[-89.524,63.262],[-89.393,63.262],[-89.655,63.131],[-90.047,63.131],[-90.178,63.0],[-90.571,63.0],[-91.095,63.131],[-91.356,63.262],[-92.011,63.262],[-92.927,63.524],[-93.189,63.655],[-93.058,63.524],[-93.058,63.262],[-92.665,63.262],[-92.796,63.262],[-92.796,63.393],[-92.011,63.262],[-91.749,63.131],[-91.618,63.131],[-91.88,63.0],[-91.749,63.0],[-91.487,63.131],[-91.095,63.131],[-90.964,63.0],[-90.44,62.869],[-90.178,62.738],[-90.178,62.476],[-90.309,62.345],[-90.571,62.345],[-90.833,62.215],[-91.356,62.215],[-91.487,62.345],[-91.618,62.345],[-91.618,62.215],[-91.88,62.215],[-91.749,62.215],[-91.749,62.084],[-91.356,62.084],[-91.487,61.953],[-91.618,62.084],[-91.749,62.084],[-91.749,61.953],[-92.011,61.953],[-92.142,61.822],[-92.273,61.822],[-92.142,61.822],[-92.011,61.691],[-92.011,61.56],[-92.142,61.691],[-92.665,61.822],[-92.404,61.691],[-92.535,61.56],[-92.404,61.56],[-92.535,61.56],[-92.665,61.429],[-93.058,61.429],[-92.796,61.167],[-92.927,61.167],[-93.189,61.036],[-93.32,60.905],[-93.32,60.775],[-93.582,60.775],[-93.451,60.775],[-93.451,60.644],[-93.713,60.251],[-93.975,59.989],[-94.236,59.989],[-94.105,59.858],[-94.105,59.727],[-94.236,59.596],[-94.236,58.549],[-94.367,58.549],[-94.236,58.549],[-94.236,58.418],[-94.105,58.287],[-93.975,58.287],[-93.844,58.156],[-93.713,58.156],[-93.713,57.764],[-93.713,58.025],[-93.582,58.156],[-92.535,58.156],[-92.535,57.895],[-92.404,57.633],[-91.88,56.847],[-91.88,56.585],[-92.011,56.585],[-92.011,56.455],[-92.142,56.455],[-92.273,56.324],[-92.142,56.324],[-92.142,56.455],[-91.487,56.455],[-90.571,56.716],[-90.047,56.716],[-89.524,56.455],[-89.262,56.455],[-88.738,56.324],[-88.345,56.324],[-88.215,56.193],[-88.084,56.193],[-87.953,56.062],[-87.298,55.8],[-86.905,55.407],[-86.382,55.407],[-85.858,55.276],[-85.596,55.145],[-85.335,55.145],[-85.073,55.015],[-84.942,55.015],[-84.942,54.884],[-84.68,54.884],[-84.68,54.753],[-84.811,54.491],[-84.549,54.753],[-82.978,54.753],[-82.716,54.622],[-82.062,54.622],[-81.669,54.36],[-81.8,53.836],[-81.931,53.705],[-81.8,53.575],[-81.669,53.575],[-81.669,53.313],[-81.538,53.313],[-81.538,53.182],[-81.669,53.051],[-81.669,52.92],[-81.538,52.789],[-81.538,52.658],[-81.669,52.658],[-81.8,52.527],[-81.538,52.265],[-81.407,52.265],[-81.015,51.873],[-81.015,51.742],[-81.276,51.742],[-81.276,51.611],[-81.145,51.742],[-81.015,51.742],[-80.753,51.48],[-80.36,51.48],[-79.967,51.087],[-79.967,50.956],[-79.836,50.825],[-79.967,50.825],[-80.36,50.564],[-80.229,50.564],[-79.836,50.825],[-79.705,50.695],[-79.444,50.695],[-78.789,50.171],[-78.789,50.302],[-78.92,50.302],[-79.182,50.564],[-79.182,50.825],[-79.051,50.825],[-79.051,50.956],[-78.92,50.956],[-78.789,51.087],[-78.658,50.956],[-78.527,50.956],[-78.396,50.825],[-78.396,50.695],[-78.135,50.956],[-78.265,50.956],[-78.396,51.218],[-78.396,51.349],[-78.265,51.349],[-77.873,51.742],[-78.004,51.742],[-78.004,52.004],[-78.265,52.265],[-78.135,52.265],[-78.135,52.396],[-78.265,52.396],[-78.396,52.527],[-78.396,52.789],[-78.527,53.051],[-78.527,53.313],[-78.396,53.313],[-78.527,53.313],[-78.527,53.444],[-78.396,53.444],[-78.527,53.444],[-78.658,53.575],[-78.527,53.575],[-78.658,53.575],[-78.92,53.836],[-78.92,53.967],[-79.051,54.098],[-79.182,54.098],[-79.051,54.098],[-78.396,54.36],[-77.742,54.491],[-77.611,54.622],[-77.349,54.622],[-77.218,54.753],[-77.087,54.753],[-76.825,55.015],[-76.171,55.407],[-76.04,55.538],[-76.04,55.8],[-75.909,55.931],[-75.909,56.324],[-76.04,56.585],[-76.04,56.847],[-76.302,57.109],[-76.302,57.24],[-76.564,57.502],[-76.956,57.633],[-77.087,57.764],[-77.349,57.764],[-77.48,57.895],[-77.742,58.025],[-77.873,58.025],[-78.004,58.156],[-77.349,58.811],[-77.218,58.811],[-77.349,58.942],[-77.218,58.942],[-77.218,59.073],[-76.825,59.073],[-76.956,59.073],[-76.956,59.204],[-76.825,59.204],[-76.825,59.335],[-76.695,59.465],[-76.956,59.465],[-77.087,59.596],[-76.956,59.596],[-77.087,59.858],[-77.087,59.989],[-76.956,59.989],[-77.218,59.989],[-77.218,60.12],[-77.087,60.251],[-77.611,60.251],[-77.218,60.513],[-77.218,60.905],[-77.087,60.905],[-76.956,61.036],[-77.087,61.036],[-77.48,61.298],[-77.48,61.429],[-77.611,61.56],[-77.611,61.822],[-77.349,61.822],[-77.087,61.953],[-76.04,61.953],[-75.255,61.822],[-75.124,61.691],[-75.255,61.691],[-75.255,61.56],[-74.993,61.691],[-74.338,61.691],[-74.076,61.56],[-74.076,61.691],[-73.815,61.691],[-73.684,61.822],[-73.291,61.822],[-73.16,61.953],[-73.029,61.953],[-72.898,61.822],[-72.767,61.822],[-72.375,61.56],[-72.113,61.56],[-72.113,61.429],[-72.244,61.298],[-71.982,61.298],[-71.982,61.429],[-71.851,61.298],[-71.589,61.298],[-71.589,61.167],[-71.458,61.167],[-71.589,61.036],[-71.72,61.036],[-71.458,61.036],[-71.327,61.167],[-71.065,61.036],[-71.196,60.905],[-71.327,60.905],[-71.065,60.905],[-71.196,60.775],[-70.935,60.644],[-70.673,60.644],[-70.542,60.513],[-69.625,60.513],[-69.625,60.382],[-69.495,60.382],[-69.495,60.251],[-69.364,60.251],[-69.233,60.382],[-69.102,60.382],[-69.102,60.513],[-68.971,60.513],[-68.84,60.382],[-68.84,60.251],[-68.971,60.251],[-69.102,60.12],[-69.102,59.989],[-69.233,59.989],[-69.233,59.727],[-69.102,59.727],[-69.102,59.465],[-70.149,59.465],[-69.756,59.465],[-69.102,59.335],[-69.102,59.204],[-68.971,59.204],[-68.971,59.073],[-69.102,59.073],[-69.102,58.811],[-68.84,58.811],[-68.84,58.549],[-68.971,58.418],[-68.971,58.287],[-69.102,58.287],[-69.233,58.418],[-69.233,58.287],[-69.625,58.287],[-69.625,58.156],[-69.102,58.156],[-68.84,58.287],[-67.793,58.287],[-67.793,58.025],[-67.662,58.025],[-67.662,57.895],[-67.793,57.633],[-67.924,57.502],[-68.316,57.502],[-68.447,57.371],[-68.185,57.371],[-67.924,57.502],[-67.793,57.502],[-67.793,57.633],[-67.662,57.895],[-67.4,57.895],[-67.269,57.764],[-67.4,57.764],[-67.531,57.633],[-67.4,57.633],[-67.138,57.895],[-67.138,57.371],[-67.138,57.502],[-66.876,57.764],[-66.615,57.764],[-66.484,57.895],[-66.222,57.895],[-66.091,58.025],[-65.96,58.025],[-65.96,58.156],[-65.829,58.287],[-65.698,58.287],[-65.698,58.156],[-65.567,58.156],[-65.436,58.025],[-65.436,57.895],[-65.436,58.025],[-65.305,58.025],[-65.436,58.025],[-65.436,58.287],[-65.305,58.287],[-65.305,58.418],[-64.782,58.418],[-64.782,58.549],[-65.175,58.549],[-65.175,58.68],[-65.044,58.68],[-65.044,58.811],[-64.913,58.811],[-64.913,58.942],[-64.782,58.942],[-64.52,58.811],[-64.651,58.942],[-64.913,58.942],[-64.913,59.204],[-64.52,59.204],[-64.651,59.335],[-64.389,59.727],[-63.865,59.727],[-63.865,59.596],[-63.996,59.596],[-64.127,59.465],[-64.258,59.465],[-63.604,59.465],[-63.604,59.335],[-63.735,59.204],[-63.473,59.204],[-63.211,58.942],[-63.342,58.942],[-63.473,58.811],[-63.211,58.811],[-63.211,58.68],[-63.08,58.811],[-62.949,58.811],[-62.818,58.68],[-62.949,58.549],[-63.473,58.549],[-63.342,58.418],[-63.211,58.418],[-62.949,58.549],[-62.687,58.549],[-62.687,58.418],[-62.818,58.418],[-62.687,58.418],[-62.687,58.287],[-62.425,58.287],[-62.425,58.156],[-62.295,58.156],[-62.556,58.025],[-62.687,58.025],[-62.949,57.764],[-62.687,57.895],[-62.033,57.895],[-62.295,57.633],[-62.556,57.633],[-62.556,57.502],[-62.687,57.502],[-62.425,57.502],[-62.295,57.633],[-61.902,57.633],[-61.771,57.371],[-61.378,57.371],[-61.378,57.109],[-61.509,56.978],[-61.902,56.978],[-61.902,56.847],[-61.247,56.847],[-61.378,56.847],[-61.378,56.716],[-61.247,56.585],[-60.724,56.455],[-60.855,56.324],[-60.855,56.062],[-61.771,56.193],[-61.771,56.324],[-61.902,56.324],[-61.902,56.193],[-61.509,56.062],[-61.247,56.062],[-61.116,55.931],[-61.509,55.931],[-61.378,55.931],[-61.116,55.8],[-60.855,55.8],[-60.985,55.8],[-61.116,55.669],[-60.855,55.669],[-60.724,55.538],[-60.855,55.407],[-60.593,55.407],[-60.593,55.276],[-60.462,55.276],[-60.331,55.407],[-60.2,55.407],[-60.2,55.276],[-60.069,55.276],[-60.069,55.145],[-59.938,55.276],[-59.807,55.276],[-59.807,55.015],[-59.676,54.884],[-60.069,54.491],[-59.938,54.491],[-59.807,54.622],[-59.676,54.622],[-59.415,54.753],[-59.153,54.753],[-59.153,54.622],[-58.891,54.622],[-59.153,54.36],[-59.284,54.36],[-59.284,54.229],[-58.76,54.622],[-58.498,54.622],[-58.236,54.229],[-57.713,54.229],[-57.582,54.36],[-57.451,54.36],[-57.32,54.229],[-57.32,54.098],[-56.796,54.098],[-56.796,53.967],[-56.927,53.967],[-57.058,53.836],[-57.582,53.836],[-57.582,53.705],[-57.844,53.705],[-58.105,53.444],[-58.498,53.444],[-58.629,53.313],[-59.284,53.313],[-59.415,53.182],[-59.545,53.182],[-59.545,53.051],[-59.807,53.051],[-59.545,52.92],[-59.676,52.789],[-59.807,52.789],[-59.676,52.789],[-59.807,52.789],[-59.807,52.658],[-59.545,52.789],[-59.415,52.789],[-59.284,52.92],[-59.022,52.92],[-58.891,53.051],[-58.76,53.051],[-58.629,53.182],[-58.105,53.444],[-57.713,53.444],[-57.582,53.575],[-57.32,53.575],[-57.844,53.575],[-57.713,53.705],[-56.796,53.575],[-56.665,53.313],[-56.535,53.313],[-56.535,53.182],[-56.665,53.182],[-56.927,53.051],[-56.796,53.051],[-56.796,52.92],[-56.665,52.92],[-56.273,53.182],[-55.88,53.182],[-55.749,53.051],[-55.618,53.051],[-55.356,52.92],[-55.356,52.789],[-55.225,52.658],[-55.225,52.527],[-55.356,52.396],[-55.225,52.265],[-55.356,52.265],[-55.356,52.135],[-55.225,52.135],[-55.356,52.004],[-55.749,52.004],[-55.225,52.004],[-55.225,51.873],[-55.095,51.873],[-55.487,51.873],[-55.225,51.742],[-55.095,51.742],[-55.095,51.611],[-55.749,51.218],[-56.404,50.956],[-56.404,50.825],[-56.927,50.956],[-57.189,50.825],[-57.451,50.825],[-57.582,50.695],[-58.105,50.695],[-58.105,50.564],[-58.629,50.171],[-58.76,50.171],[-59.022,49.909],[-59.284,49.909],[-59.284,49.778],[-59.545,49.647],[-60.724,49.647],[-61.116,49.516],[-61.247,49.647],[-61.64,49.647],[-61.771,49.778],[-62.556,49.778],[-62.687,49.647],[-63.08,49.647],[-63.211,49.778],[-64.651,49.778],[-65.175,49.647],[-65.436,49.778],[-65.567,49.647],[-66.091,49.647],[-66.876,48.731],[-67.531,48.731],[-67.662,48.6],[-67.793,48.6],[-67.924,48.469],[-68.055,48.469],[-68.055,48.338],[-68.709,48.076],[-68.971,47.684],[-69.495,47.684],[-70.411,47.945],[-70.411,47.815],[-69.887,47.815],[-69.625,47.684],[-69.364,47.684],[-69.364,47.553],[-69.233,47.553],[-69.233,47.422],[-69.756,46.898],[-69.887,46.898],[-70.673,46.244],[-71.065,46.113],[-71.458,46.113],[-71.589,45.982],[-71.72,45.982],[-72.113,45.72],[-72.244,45.72],[-72.375,45.589],[-72.505,45.589],[-72.898,45.196],[-73.16,45.196],[-73.422,44.935],[-73.815,44.935],[-73.422,44.935],[-73.422,44.804],[-73.553,44.804],[-74.207,44.411]]],[[[-96.2,72.425],[-96.593,72.425],[-96.593,72.556],[-96.462,72.556],[-96.331,72.687],[-96.2,72.556],[-96.069,72.556],[-96.069,72.425],[-96.2,72.425]]],[[[-114.004,72.033],[-113.349,72.033],[-113.087,72.164],[-113.087,72.033],[-112.956,72.033],[-112.956,72.295],[-112.695,72.425],[-111.909,72.425],[-111.516,72.295],[-110.731,72.164],[-110.993,71.902],[-111.255,71.771],[-111.385,71.771],[-110.993,71.771],[-110.862,71.902],[-110.731,71.902],[-110.731,71.771],[-110.6,71.771],[-110.207,72.033],[-109.945,72.033],[-109.684,72.164],[-109.684,72.295],[-109.945,72.295],[-110.076,72.425],[-109.422,72.425],[-108.898,72.295],[-108.767,72.164],[-108.375,72.164],[-108.375,72.033],[-108.244,72.033],[-107.851,71.64],[-107.589,71.247],[-107.589,71.116],[-107.065,71.116],[-106.804,71.247],[-106.804,71.378],[-107.196,71.64],[-107.196,71.771],[-107.327,71.902],[-107.327,72.033],[-107.458,72.033],[-107.72,72.556],[-107.589,72.687],[-107.327,72.687],[-107.589,72.687],[-107.458,72.818],[-107.196,72.818],[-106.935,72.687],[-105.887,72.687],[-105.233,72.425],[-105.102,72.425],[-104.971,72.295],[-104.84,72.295],[-104.84,72.164],[-104.709,72.033],[-104.709,71.902],[-104.316,71.378],[-103.793,70.985],[-103.793,70.724],[-103.924,70.724],[-104.055,70.593],[-103.924,70.462],[-103.4,70.2],[-103.269,70.2],[-103.007,70.069],[-102.745,70.069],[-102.615,69.938],[-102.484,69.938],[-102.484,70.069],[-101.436,69.676],[-101.044,69.676],[-101.044,69.545],[-100.52,69.545],[-100.389,69.415],[-100.389,69.153],[-100.782,69.153],[-100.913,69.284],[-101.044,69.153],[-101.305,69.153],[-101.567,69.284],[-101.829,69.284],[-101.96,69.153],[-102.091,69.153],[-101.96,69.153],[-101.96,69.022],[-102.484,69.022],[-102.745,69.153],[-102.876,69.153],[-102.876,69.022],[-102.745,69.022],[-102.615,68.891],[-102.484,68.891],[-102.484,68.76],[-102.615,68.629],[-102.484,68.629],[-102.353,68.76],[-102.222,68.76],[-101.96,68.891],[-101.436,68.891],[-101.436,68.76],[-101.567,68.76],[-101.436,68.76],[-101.436,68.629],[-101.175,68.629],[-101.436,68.367],[-102.222,68.367],[-102.222,68.236],[-103.269,68.236],[-103.531,68.367],[-104.578,68.367],[-104.447,68.498],[-104.709,68.498],[-104.971,68.629],[-105.756,68.629],[-105.756,68.76],[-105.887,68.891],[-106.149,68.891],[-106.28,68.76],[-106.804,68.498],[-107.327,68.367],[-107.982,68.367],[-108.113,68.236],[-108.375,68.236],[-108.898,68.105],[-109.945,68.105],[-110.338,67.975],[-112.695,67.975],[-112.956,68.236],[-113.087,68.236],[-113.087,68.629],[-113.48,68.76],[-115.575,68.76],[-116.098,68.891],[-116.098,69.022],[-116.491,69.153],[-116.491,69.284],[-116.622,69.284],[-116.622,69.545],[-115.967,69.676],[-114.92,69.676],[-114.004,69.807],[-113.611,69.807],[-113.349,69.676],[-111.124,69.676],[-111.124,69.807],[-111.516,69.938],[-112.564,70.069],[-113.218,70.069],[-113.349,70.2],[-113.611,70.069],[-117.015,70.069],[-117.669,70.331],[-117.8,70.462],[-117.669,70.462],[-117.407,70.593],[-116.753,70.593],[-116.229,70.724],[-115.836,70.724],[-115.705,70.855],[-115.313,70.855],[-115.444,70.855],[-115.182,70.985],[-114.92,70.855],[-114.789,70.855],[-114.789,70.985],[-116.229,70.855],[-117.669,70.855],[-117.538,70.985],[-117.276,70.985],[-117.145,71.116],[-118.455,71.116],[-118.455,71.378],[-118.324,71.378],[-118.062,71.64],[-117.8,71.64],[-117.669,71.771],[-117.8,71.771],[-117.931,71.902],[-117.8,72.033],[-117.538,72.033],[-117.015,72.295],[-116.753,72.295],[-115.967,72.556],[-114.135,72.818],[-113.742,72.818],[-113.611,72.687],[-113.48,72.687],[-113.48,72.295],[-113.611,72.295],[-114.004,72.033]]],[[[-104.709,72.425],[-104.84,72.295],[-104.84,72.425],[-104.971,72.425],[-105.495,72.687],[-106.018,72.818],[-106.149,72.949],[-106.411,72.949],[-106.28,73.08],[-106.018,73.08],[-105.756,73.211],[-104.578,73.211],[-104.316,73.08],[-104.055,73.08],[-104.055,72.818],[-104.185,72.556],[-104.447,72.556],[-104.447,72.425],[-104.709,72.425]]],[[[-78.92,73.08],[-77.48,73.08],[-76.564,72.949],[-76.433,72.818],[-76.171,72.818],[-76.04,72.687],[-76.04,72.556],[-75.778,72.556],[-75.778,72.425],[-75.647,72.425],[-75.516,72.295],[-78.004,72.295],[-78.527,72.164],[-78.92,72.164],[-79.444,72.295],[-79.444,72.425],[-79.575,72.556],[-79.575,72.687],[-80.229,72.687],[-80.229,72.949],[-80.36,73.08],[-80.229,73.211],[-79.575,73.211],[-79.313,73.08],[-78.92,73.08]]],[[[-85.989,70.462],[-85.596,70.462],[-85.204,70.593],[-84.418,70.593],[-84.549,70.593],[-84.549,70.462],[-84.287,70.462],[-84.287,70.593],[-84.156,70.855],[-84.156,71.116],[-84.811,71.116],[-84.942,71.247],[-85.073,71.247],[-85.204,71.378],[-85.335,71.378],[-85.335,71.509],[-84.942,71.509],[-84.811,71.64],[-84.418,71.64],[-84.025,71.509],[-83.764,71.509],[-84.025,71.64],[-84.156,71.64],[-84.287,71.771],[-84.025,71.771],[-84.287,71.902],[-84.418,71.902],[-84.549,71.771],[-84.811,71.902],[-84.942,71.902],[-84.942,72.033],[-85.073,72.033],[-85.073,72.295],[-84.942,72.425],[-84.418,72.425],[-83.764,72.295],[-84.811,72.425],[-84.942,72.556],[-84.418,72.818],[-84.025,72.818],[-83.895,72.949],[-83.502,72.949],[-83.24,72.818],[-83.371,72.949],[-83.109,73.08],[-82.324,73.08],[-82.324,73.211],[-81.407,73.211],[-81.015,73.08],[-80.753,73.08],[-80.491,72.687],[-80.229,72.687],[-80.098,72.556],[-79.967,72.556],[-80.098,72.425],[-79.705,72.164],[-79.836,72.164],[-80.491,71.902],[-80.622,71.771],[-80.098,71.902],[-80.098,71.771],[-80.229,71.64],[-80.36,71.64],[-80.098,71.509],[-80.36,71.509],[-80.36,71.378],[-80.098,71.378],[-79.836,71.64],[-79.313,71.64],[-79.575,71.771],[-79.444,71.902],[-79.182,71.902],[-79.182,71.771],[-78.396,71.771],[-78.396,71.509],[-78.265,71.378],[-78.004,71.378],[-78.135,71.378],[-78.265,71.509],[-78.265,71.771],[-77.611,71.771],[-77.218,71.64],[-76.956,71.64],[-77.087,71.64],[-77.349,71.771],[-77.742,71.771],[-77.873,71.902],[-77.873,72.033],[-77.742,72.033],[-77.48,72.164],[-76.171,72.164],[-75.909,72.033],[-75.124,72.033],[-74.6,71.902],[-74.6,71.771],[-74.469,71.771],[-74.469,71.64],[-74.993,71.509],[-75.385,71.116],[-74.993,71.378],[-74.862,71.378],[-74.6,71.509],[-73.684,71.509],[-73.684,71.378],[-73.815,71.247],[-74.207,71.247],[-74.338,71.116],[-74.6,71.116],[-74.207,71.116],[-74.207,70.985],[-74.338,70.985],[-74.338,70.724],[-74.469,70.724],[-74.207,70.724],[-73.945,71.116],[-73.553,71.116],[-73.422,71.247],[-73.16,71.247],[-73.16,71.116],[-73.291,70.985],[-73.684,70.855],[-73.422,70.855],[-73.291,70.985],[-72.898,70.985],[-72.898,70.855],[-72.767,70.724],[-72.636,70.724],[-72.636,70.855],[-72.767,70.985],[-72.636,70.985],[-72.375,71.116],[-72.113,71.116],[-71.982,70.985],[-71.982,71.116],[-71.851,71.116],[-71.589,70.985],[-71.065,70.985],[-70.935,70.855],[-70.673,70.855],[-70.673,70.724],[-70.804,70.593],[-71.327,70.593],[-71.72,70.331],[-72.113,70.331],[-71.589,70.331],[-71.458,70.462],[-70.542,70.462],[-70.28,70.593],[-70.149,70.462],[-70.018,70.462],[-70.018,70.331],[-70.149,70.331],[-70.149,70.2],[-70.411,70.069],[-71.065,70.069],[-71.065,69.938],[-71.327,69.938],[-71.196,69.807],[-71.065,69.807],[-71.065,69.938],[-70.673,69.938],[-70.673,69.807],[-70.935,69.545],[-70.804,69.545],[-70.804,69.676],[-70.411,70.069],[-70.28,70.069],[-70.018,70.2],[-69.756,70.2],[-69.495,70.331],[-69.233,70.331],[-69.102,70.2],[-68.447,70.2],[-68.316,70.069],[-67.793,70.069],[-67.793,69.938],[-67.924,69.938],[-67.924,69.807],[-68.316,69.807],[-68.578,69.676],[-69.102,69.676],[-69.495,69.545],[-69.364,69.415],[-69.233,69.545],[-68.971,69.545],[-68.709,69.676],[-68.185,69.676],[-68.185,69.545],[-68.316,69.545],[-68.447,69.415],[-68.055,69.415],[-67.924,69.545],[-67.662,69.545],[-67.793,69.545],[-67.793,69.676],[-67.662,69.676],[-67.531,69.807],[-67.269,69.676],[-67.138,69.676],[-66.745,69.415],[-66.615,69.284],[-66.615,69.153],[-67.269,69.284],[-67.4,69.153],[-68.055,69.153],[-68.316,69.022],[-68.709,69.022],[-68.709,68.891],[-68.578,69.022],[-67.924,69.022],[-67.531,68.891],[-66.484,68.891],[-66.222,68.76],[-66.091,68.76],[-66.091,68.629],[-68.055,68.629],[-68.447,68.498],[-67.924,68.629],[-67.531,68.629],[-67.269,68.498],[-67.138,68.498],[-67.138,68.367],[-67.269,68.367],[-67.269,68.236],[-68.185,68.236],[-68.709,68.367],[-68.84,68.367],[-68.709,68.236],[-67.793,68.236],[-67.662,68.105],[-67.531,68.105],[-67.531,67.975],[-66.615,67.975],[-66.615,67.844],[-66.353,67.975],[-66.222,67.844],[-66.484,67.844],[-66.484,67.713],[-66.222,67.713],[-66.222,67.582],[-66.353,67.582],[-66.353,67.451],[-66.222,67.582],[-66.091,67.582],[-66.091,67.451],[-66.091,67.713],[-65.698,67.713],[-65.698,67.451],[-65.829,67.32],[-65.96,67.32],[-65.829,67.32],[-65.698,67.451],[-65.436,67.451],[-65.305,67.32],[-65.175,67.451],[-64.913,67.451],[-64.913,67.32],[-65.044,67.189],[-64.782,67.058],[-64.782,67.189],[-64.913,67.189],[-64.913,67.32],[-64.782,67.32],[-64.52,67.451],[-64.258,67.451],[-64.389,67.32],[-64.52,67.32],[-64.52,67.189],[-64.258,67.189],[-64.127,67.32],[-63.996,67.32],[-63.604,67.058],[-63.342,67.058],[-63.473,66.927],[-63.473,66.796],[-64.127,66.796],[-63.865,66.796],[-63.865,66.665],[-63.342,66.665],[-63.211,66.796],[-62.818,66.796],[-62.425,66.665],[-62.556,66.665],[-62.687,66.535],[-62.687,66.404],[-63.08,66.273],[-62.556,66.404],[-61.771,66.404],[-61.509,66.535],[-61.378,66.404],[-61.247,66.404],[-60.855,66.142],[-60.724,66.142],[-60.724,66.011],[-60.985,66.011],[-61.116,66.142],[-61.509,66.142],[-61.509,66.011],[-61.116,66.011],[-60.985,65.88],[-61.247,65.749],[-61.64,65.749],[-61.771,65.88],[-62.033,65.88],[-61.902,65.749],[-62.033,65.618],[-61.64,65.618],[-61.509,65.487],[-61.378,65.487],[-62.033,65.487],[-61.902,65.356],[-61.771,65.356],[-61.771,65.225],[-62.033,65.225],[-62.164,65.095],[-62.687,65.095],[-62.949,65.356],[-62.949,65.225],[-62.818,65.225],[-62.818,65.095],[-63.08,65.095],[-62.818,65.095],[-62.818,64.571],[-63.08,64.309],[-63.342,64.571],[-63.735,64.571],[-63.735,64.833],[-63.996,64.571],[-64.127,64.571],[-64.52,64.964],[-64.651,64.964],[-64.651,65.095],[-64.782,65.095],[-64.782,65.356],[-64.651,65.356],[-64.52,65.487],[-64.258,65.487],[-63.996,65.749],[-63.865,65.749],[-64.127,65.749],[-64.258,65.618],[-64.389,65.618],[-64.389,65.487],[-65.305,65.487],[-65.044,65.618],[-65.698,65.618],[-65.829,65.749],[-65.96,65.749],[-66.222,66.011],[-66.745,66.011],[-66.615,65.88],[-66.615,65.749],[-66.876,65.749],[-67.007,65.88],[-67.269,65.88],[-67.269,65.749],[-67.138,65.749],[-67.007,65.618],[-66.745,65.487],[-66.615,65.487],[-66.745,65.356],[-67.269,65.356],[-67.531,65.618],[-67.924,65.749],[-68.185,65.618],[-67.924,65.618],[-67.662,65.487],[-67.662,65.356],[-67.531,65.225],[-67.269,65.225],[-67.4,65.095],[-67.4,64.964],[-67.138,65.095],[-66.876,65.095],[-66.615,64.833],[-66.745,64.833],[-66.615,64.702],[-66.484,64.702],[-66.484,64.571],[-66.222,64.571],[-66.222,64.309],[-66.091,64.309],[-66.091,64.44],[-65.96,64.44],[-65.829,64.309],[-65.698,64.309],[-65.698,64.178],[-65.567,64.178],[-65.436,64.309],[-65.175,64.309],[-65.044,64.178],[-64.913,64.178],[-64.782,64.047],[-64.913,63.916],[-64.52,63.916],[-64.651,63.785],[-65.044,63.785],[-64.389,63.393],[-64.389,63.524],[-64.127,63.524],[-64.127,63.393],[-64.258,63.393],[-63.996,63.393],[-63.996,63.262],[-63.865,63.131],[-63.996,63.131],[-63.996,62.738],[-64.127,62.738],[-64.389,63.0],[-64.389,63.131],[-64.651,63.262],[-64.651,63.131],[-64.52,63.131],[-64.52,62.869],[-64.389,62.738],[-64.52,62.738],[-64.127,62.345],[-64.651,62.345],[-64.52,62.084],[-64.651,62.084],[-64.651,62.215],[-64.782,62.215],[-65.044,62.345],[-65.305,62.345],[-65.305,62.476],[-65.436,62.476],[-65.698,62.607],[-65.698,62.476],[-65.96,62.476],[-66.091,62.607],[-66.091,62.738],[-66.091,62.476],[-66.222,62.476],[-66.222,62.607],[-66.353,62.607],[-66.484,62.738],[-66.745,62.738],[-67.138,63.131],[-67.4,63.131],[-67.269,63.131],[-67.138,62.869],[-67.269,62.869],[-67.662,63.131],[-68.316,63.131],[-68.185,63.0],[-68.055,63.0],[-68.055,62.869],[-67.662,62.607],[-67.4,62.607],[-67.269,62.476],[-67.138,62.476],[-66.876,62.345],[-66.615,62.345],[-66.484,62.084],[-66.091,62.084],[-65.698,61.691],[-65.436,61.691],[-65.436,61.56],[-65.567,61.56],[-65.436,61.429],[-65.567,61.298],[-65.829,61.298],[-65.96,61.429],[-66.222,61.429],[-66.615,61.56],[-68.055,61.691],[-68.185,61.822],[-68.578,61.822],[-68.84,61.953],[-68.971,62.215],[-69.756,62.215],[-70.018,62.345],[-70.28,62.345],[-70.411,62.476],[-70.542,62.476],[-70.411,62.607],[-70.673,62.476],[-70.804,62.476],[-70.935,62.607],[-71.065,62.607],[-71.458,62.869],[-71.065,62.869],[-70.935,63.0],[-70.804,63.0],[-70.935,63.0],[-71.065,63.131],[-71.72,63.131],[-71.72,63.262],[-71.589,63.262],[-71.589,63.393],[-71.72,63.393],[-71.851,63.262],[-71.982,63.262],[-71.982,63.393],[-72.113,63.393],[-72.113,63.524],[-72.375,63.524],[-72.636,63.785],[-72.898,63.785],[-72.898,63.916],[-72.767,64.047],[-73.291,64.047],[-73.422,63.916],[-73.553,63.916],[-73.553,64.047],[-73.945,64.047],[-73.945,64.178],[-74.076,64.178],[-74.076,64.309],[-74.207,64.309],[-74.207,64.178],[-74.338,64.178],[-74.207,64.178],[-74.207,64.047],[-74.076,64.047],[-74.076,63.916],[-74.731,63.916],[-74.993,64.047],[-75.255,63.785],[-76.04,63.785],[-76.171,63.655],[-76.433,63.655],[-76.564,63.785],[-77.218,63.785],[-77.48,63.916],[-77.611,64.047],[-77.611,64.309],[-77.349,64.571],[-76.956,64.571],[-76.825,64.702],[-76.956,64.833],[-76.825,64.833],[-76.695,64.964],[-76.564,64.833],[-75.909,64.833],[-75.516,64.702],[-75.255,64.702],[-74.993,64.44],[-74.993,64.309],[-74.862,64.309],[-74.862,64.571],[-74.993,64.571],[-75.255,64.702],[-74.6,64.702],[-74.6,64.833],[-73.815,64.833],[-73.684,64.964],[-73.029,64.964],[-73.029,65.095],[-73.16,65.225],[-73.291,65.225],[-73.684,65.487],[-73.815,65.487],[-73.815,65.618],[-73.422,65.749],[-73.029,66.011],[-72.898,66.011],[-72.767,66.142],[-72.505,66.142],[-72.244,66.535],[-71.851,66.535],[-71.72,66.665],[-71.72,66.796],[-71.851,66.796],[-72.113,67.32],[-72.767,67.713],[-72.767,67.844],[-73.029,67.713],[-73.16,67.713],[-73.291,67.844],[-73.291,67.975],[-73.16,68.105],[-73.553,68.105],[-73.422,67.975],[-73.815,67.975],[-74.076,68.105],[-74.076,68.236],[-74.338,68.236],[-74.207,68.367],[-74.338,68.367],[-74.207,68.498],[-74.338,68.498],[-74.6,68.367],[-75.124,68.367],[-75.255,68.236],[-75.647,68.236],[-75.909,68.105],[-76.04,68.105],[-76.04,68.498],[-75.255,68.498],[-75.124,68.629],[-75.516,68.891],[-75.909,68.891],[-75.909,69.022],[-75.647,69.153],[-76.04,69.153],[-76.171,69.022],[-76.564,69.022],[-76.564,69.153],[-76.302,69.153],[-76.302,69.284],[-77.087,69.284],[-77.087,69.545],[-77.218,69.676],[-77.742,69.676],[-77.873,69.807],[-78.396,69.938],[-78.396,70.069],[-78.658,70.069],[-78.658,69.938],[-78.789,69.938],[-78.789,69.807],[-78.396,69.807],[-78.396,69.676],[-78.265,69.676],[-78.265,69.415],[-78.527,69.415],[-78.789,69.284],[-79.836,69.415],[-80.098,69.545],[-81.145,69.545],[-81.015,69.545],[-80.884,69.415],[-80.622,69.415],[-80.491,69.284],[-80.229,69.284],[-80.229,69.153],[-80.36,69.153],[-81.015,69.415],[-81.407,69.284],[-81.931,69.284],[-82.324,69.415],[-84.156,69.415],[-84.287,69.545],[-85.727,69.545],[-85.858,69.676],[-85.989,69.676],[-85.989,69.807],[-85.858,69.807],[-85.858,69.938],[-86.12,69.807],[-87.167,69.807],[-87.298,69.676],[-87.822,69.938],[-88.345,69.938],[-88.607,70.2],[-88.738,70.2],[-88.869,70.462],[-87.691,70.462],[-87.429,70.331],[-87.298,70.331],[-87.036,70.462],[-86.644,70.462],[-86.775,70.462],[-87.036,70.593],[-87.298,70.593],[-87.56,70.724],[-88.476,70.724],[-88.869,70.855],[-89.262,70.855],[-89.262,70.985],[-89.393,70.985],[-89.393,71.247],[-89.524,71.378],[-89.131,71.64],[-89.262,71.64],[-89.262,71.902],[-89.0,72.164],[-88.738,72.295],[-88.738,72.556],[-88.607,72.556],[-88.607,72.687],[-88.084,72.818],[-87.167,73.211],[-86.251,73.342],[-85.335,73.342],[-84.418,73.211],[-84.418,73.08],[-84.68,73.08],[-84.942,72.949],[-85.465,72.818],[-85.465,72.687],[-85.989,72.425],[-85.989,72.295],[-86.12,72.295],[-86.12,72.164],[-85.989,72.164],[-85.727,71.902],[-85.727,71.771],[-85.858,71.64],[-85.727,71.509],[-85.727,71.378],[-84.942,70.985],[-84.418,70.855],[-84.549,70.724],[-84.811,70.724],[-85.204,70.593],[-85.596,70.593],[-85.858,70.462],[-85.989,70.462]]],[[[-99.473,73.342],[-98.556,73.211],[-97.64,73.211],[-97.378,73.342],[-96.724,73.342],[-96.593,73.211],[-96.462,73.211],[-96.462,73.08],[-96.593,73.08],[-96.724,72.949],[-97.116,72.949],[-96.724,72.949],[-96.724,72.818],[-96.985,72.818],[-97.64,72.556],[-97.771,72.425],[-97.902,72.425],[-96.724,72.425],[-96.724,72.295],[-96.855,72.295],[-96.724,72.295],[-96.462,72.164],[-96.593,72.164],[-96.593,72.033],[-96.462,72.033],[-96.331,72.164],[-95.938,72.164],[-95.938,71.902],[-96.069,71.771],[-96.2,71.771],[-96.069,71.771],[-96.069,71.64],[-96.2,71.509],[-96.069,71.378],[-96.069,71.247],[-96.462,71.247],[-96.593,71.116],[-97.771,71.116],[-97.771,71.247],[-97.902,71.247],[-97.902,71.116],[-97.64,70.985],[-97.64,70.855],[-97.902,70.855],[-98.033,70.724],[-98.164,70.724],[-98.295,70.855],[-98.687,70.855],[-99.211,71.247],[-99.604,71.378],[-99.996,71.64],[-100.52,71.64],[-100.52,71.771],[-101.305,71.771],[-101.305,71.902],[-102.222,72.164],[-101.829,72.556],[-101.305,72.556],[-101.305,72.425],[-101.175,72.425],[-100.782,72.164],[-99.865,72.164],[-99.865,72.425],[-99.735,72.295],[-99.604,72.295],[-99.473,72.425],[-99.604,72.425],[-99.604,72.556],[-99.996,72.556],[-99.996,72.687],[-99.211,72.687],[-99.473,72.687],[-99.735,72.818],[-99.996,72.818],[-99.996,72.687],[-100.389,72.687],[-100.913,72.818],[-100.913,72.949],[-100.782,73.08],[-100.258,73.08],[-100.127,72.949],[-99.996,72.949],[-99.996,73.08],[-100.389,73.08],[-100.389,73.211],[-99.865,73.342],[-99.604,73.211],[-99.473,73.211],[-99.342,73.342],[-99.735,73.342],[-99.473,73.342]]],[[[-97.771,73.342],[-98.164,73.342],[-98.164,73.211],[-98.425,73.211],[-98.687,73.342],[-98.818,73.342],[-98.556,73.342],[-98.425,73.473],[-98.033,73.473],[-97.509,73.604],[-97.116,73.604],[-97.116,73.473],[-97.771,73.342]]],[[[-92.665,73.604],[-92.273,73.604],[-92.011,73.473],[-90.571,73.473],[-90.047,73.342],[-89.785,73.342],[-89.785,73.211],[-89.916,73.211],[-90.047,73.08],[-90.178,73.08],[-90.44,72.949],[-90.702,72.687],[-90.964,72.687],[-90.833,72.687],[-91.225,72.295],[-91.356,72.295],[-91.618,72.164],[-92.796,72.295],[-93.713,72.164],[-93.189,72.164],[-93.058,72.033],[-92.927,72.033],[-92.927,71.902],[-93.058,71.902],[-93.451,71.509],[-94.629,71.509],[-94.629,71.771],[-95.022,72.164],[-95.022,72.818],[-95.153,72.949],[-95.153,73.08],[-95.022,73.08],[-95.022,73.211],[-94.498,73.08],[-94.105,73.08],[-94.236,73.08],[-94.367,73.211],[-94.498,73.211],[-94.629,73.342],[-94.629,73.473],[-94.236,73.473],[-93.975,73.604],[-92.665,73.604]]],[[[-119.24,73.604],[-118.585,73.604],[-118.585,73.473],[-118.455,73.473],[-118.062,73.735],[-117.015,73.735],[-116.622,73.604],[-116.36,73.604],[-116.229,73.473],[-114.92,73.08],[-114.789,72.949],[-114.92,72.949],[-114.92,72.818],[-115.444,72.818],[-115.705,72.687],[-115.967,72.687],[-117.407,72.295],[-118.455,72.164],[-118.847,71.771],[-118.978,71.771],[-119.24,71.64],[-119.633,71.64],[-119.633,71.509],[-119.895,71.116],[-119.895,70.985],[-120.418,70.855],[-121.204,70.855],[-121.989,70.593],[-122.775,70.593],[-122.775,70.724],[-123.429,71.116],[-124.215,71.247],[-124.607,71.378],[-125.262,71.378],[-125.262,71.64],[-125.0,71.64],[-125.131,71.64],[-125.0,71.771],[-124.869,71.771],[-124.869,71.902],[-124.607,71.902],[-124.476,72.033],[-124.476,72.295],[-123.953,72.425],[-124.215,72.425],[-124.215,72.556],[-124.345,72.556],[-124.215,72.556],[-124.084,72.687],[-123.56,72.949],[-123.298,73.211],[-123.56,73.342],[-123.691,73.342],[-124.084,73.735],[-124.215,73.735],[-122.905,73.865],[-122.12,73.865],[-121.204,73.996],[-120.549,73.996],[-120.025,73.735],[-118.978,73.735],[-119.109,73.604],[-119.24,73.604]]],[[[-96.855,73.996],[-97.116,73.865],[-97.116,73.996],[-97.247,73.996],[-96.985,73.996],[-96.855,74.127],[-96.724,73.996],[-96.855,73.996]]],[[[-94.76,73.996],[-95.284,73.996],[-95.153,73.996],[-95.153,74.127],[-94.891,74.127],[-94.76,73.996]]],[[[-103.531,74.52],[-104.316,74.52],[-104.316,74.651],[-104.185,74.651],[-104.185,74.782],[-104.055,74.782],[-103.924,74.913],[-103.531,74.913],[-103.4,74.782],[-103.138,74.782],[-103.138,74.52],[-103.531,74.52]]],[[[-92.927,74.52],[-92.927,74.127],[-94.367,74.127],[-94.76,74.258],[-95.284,74.258],[-95.545,74.389],[-96.069,74.389],[-96.069,74.52],[-95.807,74.651],[-95.676,74.651],[-95.415,74.913],[-94.498,75.044],[-93.713,75.044],[-93.32,74.913],[-93.189,74.782],[-93.058,74.782],[-93.058,74.651],[-92.927,74.52],[-93.058,74.52],[-92.927,74.52]]],[[[-95.545,74.913],[-96.069,74.913],[-96.069,74.782],[-96.331,74.782],[-96.462,74.913],[-96.331,75.044],[-95.415,75.044],[-95.545,74.913]]],[[[-120.549,75.175],[-120.68,75.175],[-120.418,75.305],[-120.549,75.305],[-120.418,75.436],[-120.287,75.436],[-120.287,75.305],[-120.418,75.305],[-120.418,75.175],[-120.549,75.175]]],[[[-93.975,75.175],[-94.236,75.175],[-94.236,75.305],[-94.367,75.305],[-94.367,75.436],[-93.975,75.436],[-93.844,75.305],[-93.713,75.305],[-93.713,75.175],[-93.975,75.175]]],[[[-117.8,75.044],[-118.062,74.913],[-118.324,74.913],[-118.585,75.044],[-118.847,75.044],[-118.716,75.044],[-118.716,75.175],[-118.455,75.175],[-117.8,75.436],[-117.538,75.436],[-117.276,75.567],[-116.884,75.567],[-117.145,75.305],[-117.276,75.305],[-117.669,75.044],[-117.8,75.044]]],[[[-78.527,75.305],[-79.182,75.305],[-79.051,75.436],[-78.789,75.436],[-78.658,75.567],[-78.265,75.567],[-78.396,75.436],[-78.527,75.436],[-78.527,75.305]]],[[[-101.698,75.436],[-101.436,75.436],[-101.698,75.305],[-101.96,75.305],[-101.96,75.175],[-102.745,75.175],[-102.745,75.305],[-102.484,75.305],[-102.615,75.436],[-103.269,75.305],[-103.4,75.436],[-103.269,75.436],[-103.662,75.436],[-103.793,75.567],[-103.4,75.698],[-101.96,75.698],[-101.96,75.567],[-101.829,75.567],[-101.698,75.436]]],[[[-103.531,76.091],[-103.4,75.96],[-103.269,76.091],[-103.138,76.091],[-103.007,75.96],[-102.615,75.96],[-102.484,75.829],[-103.793,75.829],[-103.924,75.96],[-104.055,75.96],[-104.055,76.091],[-103.4,76.091],[-103.531,76.091]]],[[[-97.116,75.96],[-97.116,75.829],[-97.247,75.829],[-97.116,75.698],[-96.985,75.698],[-96.985,75.567],[-97.116,75.436],[-96.985,75.305],[-97.116,75.305],[-97.378,75.175],[-96.855,75.175],[-96.855,75.044],[-96.724,74.913],[-97.378,74.913],[-97.247,74.651],[-97.116,74.651],[-97.116,74.52],[-97.247,74.52],[-97.378,74.651],[-97.509,74.651],[-97.378,74.52],[-97.771,74.52],[-98.033,74.389],[-98.164,74.389],[-98.295,74.52],[-98.818,74.52],[-99.08,74.389],[-99.735,74.389],[-99.735,74.52],[-99.865,74.52],[-99.865,74.651],[-99.604,74.651],[-99.865,74.782],[-100.127,74.782],[-100.127,74.913],[-99.735,74.913],[-99.473,75.044],[-99.08,75.044],[-98.687,75.175],[-99.342,75.175],[-101.96,74.913],[-102.091,74.913],[-102.091,75.044],[-102.222,75.044],[-101.698,75.175],[-101.698,75.305],[-101.044,75.305],[-100.913,75.175],[-100.52,75.175],[-100.389,75.305],[-100.651,75.175],[-100.782,75.175],[-100.913,75.305],[-100.913,75.436],[-101.305,75.436],[-101.305,75.567],[-101.175,75.567],[-100.913,75.698],[-101.567,75.698],[-101.567,75.829],[-101.305,75.829],[-101.175,75.96],[-100.913,75.829],[-100.52,75.829],[-100.52,75.698],[-100.389,75.698],[-99.735,75.436],[-99.473,75.436],[-99.342,75.305],[-99.211,75.436],[-99.08,75.436],[-99.473,75.436],[-99.473,75.567],[-99.604,75.567],[-98.949,75.567],[-99.211,75.567],[-99.473,75.698],[-99.865,75.698],[-99.473,75.698],[-99.473,75.829],[-100.258,75.829],[-100.258,75.96],[-100.389,75.96],[-100.258,75.96],[-99.996,76.091],[-99.08,76.091],[-98.818,75.96],[-98.295,75.96],[-98.425,75.96],[-98.425,76.091],[-97.771,76.091],[-97.64,75.96],[-97.116,75.96]]],[[[-100.651,75.96],[-100.913,75.96],[-101.044,76.091],[-100.651,76.091],[-100.389,76.222],[-99.735,76.222],[-100.651,75.96]]],[[[-107.72,75.436],[-107.589,75.436],[-107.458,75.567],[-107.327,75.436],[-107.196,75.436],[-107.458,75.305],[-107.458,75.175],[-107.327,75.305],[-106.542,75.305],[-106.411,75.175],[-106.28,75.175],[-106.149,75.305],[-106.28,75.305],[-106.28,75.436],[-106.018,75.436],[-105.887,75.567],[-105.364,75.436],[-105.102,75.436],[-104.971,75.305],[-104.971,75.044],[-105.364,74.651],[-105.364,74.52],[-106.018,74.52],[-106.411,74.389],[-108.244,74.389],[-108.113,74.389],[-108.113,74.52],[-108.244,74.52],[-108.505,74.389],[-110.076,74.258],[-110.207,74.127],[-110.731,73.996],[-111.124,73.996],[-111.909,73.865],[-113.087,73.865],[-113.218,73.996],[-113.742,73.996],[-113.873,74.127],[-113.742,74.127],[-113.611,74.258],[-112.825,74.258],[-112.302,74.389],[-111.255,74.389],[-111.124,74.52],[-110.731,74.52],[-110.469,74.651],[-111.385,74.651],[-111.647,74.52],[-111.909,74.651],[-112.171,74.651],[-112.302,74.52],[-113.349,74.52],[-113.349,74.651],[-113.218,74.782],[-112.956,74.782],[-112.956,74.913],[-113.087,74.913],[-113.349,74.782],[-113.48,74.913],[-113.48,74.782],[-113.611,74.782],[-113.611,74.651],[-113.742,74.651],[-113.873,74.782],[-114.004,74.782],[-114.004,74.651],[-113.742,74.651],[-113.742,74.52],[-114.265,74.389],[-114.527,74.389],[-114.658,74.52],[-115.051,74.52],[-115.051,74.389],[-115.182,74.389],[-115.967,74.651],[-117.015,74.651],[-117.015,74.782],[-116.884,74.913],[-115.575,74.913],[-114.658,75.044],[-114.527,75.175],[-115.444,75.044],[-116.622,75.044],[-116.491,75.175],[-116.229,75.175],[-115.836,75.305],[-114.396,75.305],[-115.836,75.305],[-116.098,75.436],[-115.967,75.436],[-116.098,75.567],[-115.836,75.567],[-115.705,75.698],[-115.444,75.698],[-115.182,75.567],[-114.265,75.567],[-114.265,75.698],[-115.313,75.698],[-115.313,75.829],[-114.396,75.96],[-113.611,75.96],[-113.611,75.829],[-113.48,75.829],[-113.48,75.698],[-112.171,75.698],[-111.255,75.436],[-111.255,75.305],[-111.516,75.305],[-110.993,75.305],[-110.731,75.044],[-109.945,75.044],[-108.505,74.913],[-108.375,75.044],[-108.375,75.175],[-109.291,75.305],[-109.291,75.436],[-108.898,75.436],[-108.898,75.567],[-109.16,75.698],[-109.684,75.698],[-109.684,75.829],[-109.815,75.829],[-108.898,76.091],[-108.767,76.222],[-107.851,76.222],[-107.982,76.091],[-108.113,76.091],[-107.982,75.96],[-107.982,75.829],[-107.589,75.829],[-107.589,75.698],[-107.72,75.567],[-107.851,75.567],[-107.72,75.436]]],[[[-89.131,75.96],[-89.785,75.96],[-90.047,76.222],[-89.131,76.222],[-89.131,76.091],[-89.262,76.091],[-89.262,75.96],[-89.131,75.96]]],[[[-112.956,76.222],[-113.218,76.091],[-114.265,76.222],[-114.135,76.353],[-113.087,76.353],[-112.956,76.222]]],[[[-93.713,76.353],[-93.058,76.353],[-92.927,76.222],[-92.665,76.222],[-92.665,76.091],[-92.796,75.96],[-92.927,75.96],[-92.927,75.829],[-92.927,75.96],[-92.404,76.091],[-90.571,76.091],[-90.047,75.96],[-90.833,75.96],[-90.833,75.829],[-88.607,75.698],[-89.785,75.567],[-90.309,75.567],[-90.833,75.698],[-90.702,75.567],[-90.178,75.567],[-89.655,75.436],[-89.393,75.436],[-89.262,75.305],[-89.0,75.305],[-88.738,75.175],[-88.607,75.175],[-88.738,75.175],[-88.869,75.044],[-89.131,75.044],[-88.738,75.044],[-88.345,74.913],[-88.215,74.913],[-88.215,75.044],[-88.345,75.044],[-87.953,75.044],[-87.691,74.913],[-87.167,75.044],[-87.036,75.044],[-87.036,74.913],[-86.775,75.044],[-86.644,75.044],[-86.251,74.913],[-85.727,74.913],[-85.335,74.782],[-85.335,74.913],[-85.465,74.913],[-85.073,75.044],[-84.025,75.044],[-83.502,75.175],[-83.371,75.305],[-82.716,75.175],[-82.062,75.305],[-81.538,75.305],[-81.145,75.175],[-80.622,75.175],[-80.622,75.044],[-79.575,75.044],[-79.705,74.913],[-79.051,74.913],[-79.051,74.782],[-78.92,74.782],[-78.92,74.651],[-79.444,74.52],[-79.836,74.52],[-79.705,74.389],[-79.444,74.389],[-79.182,74.52],[-79.051,74.52],[-78.92,74.389],[-78.789,74.389],[-79.444,74.258],[-79.705,74.389],[-79.836,74.389],[-79.705,74.258],[-79.575,74.258],[-79.705,74.258],[-79.705,73.996],[-81.015,73.996],[-81.276,73.865],[-81.538,73.865],[-81.8,73.996],[-82.455,73.996],[-82.455,74.127],[-82.585,74.127],[-82.585,74.258],[-82.716,74.258],[-82.847,74.389],[-82.978,74.389],[-82.978,74.258],[-82.847,74.258],[-82.847,74.127],[-82.978,73.996],[-86.12,73.996],[-86.251,73.865],[-86.775,73.996],[-87.036,73.865],[-87.429,73.996],[-87.953,73.996],[-87.953,74.127],[-87.822,74.127],[-87.822,74.258],[-88.084,74.258],[-88.215,74.127],[-88.345,74.127],[-88.345,74.258],[-88.476,74.258],[-88.476,74.127],[-88.607,74.127],[-88.738,73.996],[-90.047,73.996],[-90.178,74.127],[-90.44,74.127],[-90.309,74.258],[-90.571,74.127],[-91.356,74.127],[-91.356,74.258],[-91.618,74.52],[-91.487,74.52],[-91.618,74.651],[-91.88,74.651],[-91.88,74.913],[-91.749,74.913],[-91.618,75.044],[-91.487,75.044],[-91.487,75.175],[-91.618,75.305],[-91.749,75.305],[-92.535,75.829],[-92.796,75.829],[-93.058,75.698],[-94.76,75.698],[-94.891,75.829],[-95.415,75.829],[-95.545,75.96],[-95.153,75.96],[-95.153,76.091],[-95.284,75.96],[-95.415,75.96],[-96.069,76.091],[-96.331,76.222],[-95.807,76.222],[-95.938,76.222],[-96.069,76.353],[-96.2,76.353],[-96.069,76.484],[-94.629,76.484],[-94.105,76.353],[-93.713,76.353]]],[[[-115.051,76.745],[-115.836,76.615],[-115.705,76.484],[-115.575,76.484],[-115.313,76.353],[-115.705,76.353],[-115.444,76.222],[-115.444,76.091],[-115.705,76.091],[-115.967,75.96],[-116.491,75.96],[-116.491,75.829],[-116.622,75.698],[-117.145,75.698],[-117.276,75.829],[-117.407,75.829],[-117.407,76.091],[-117.276,76.222],[-117.8,76.222],[-117.8,76.091],[-117.931,76.091],[-117.931,75.96],[-118.324,75.96],[-118.193,75.96],[-118.062,75.829],[-118.455,75.567],[-118.716,75.567],[-118.978,75.829],[-119.109,75.698],[-119.109,75.567],[-119.24,75.567],[-119.109,75.567],[-118.978,75.436],[-119.109,75.436],[-119.24,75.305],[-119.895,75.305],[-119.895,75.436],[-120.025,75.436],[-120.156,75.567],[-120.287,75.567],[-120.418,75.436],[-122.12,75.436],[-121.989,75.436],[-121.989,75.567],[-122.382,75.567],[-121.989,75.829],[-121.073,75.829],[-120.68,76.091],[-120.418,76.091],[-119.895,76.222],[-119.764,76.353],[-119.24,76.484],[-118.716,76.745],[-117.407,76.876],[-116.884,76.745],[-116.229,76.745],[-116.098,76.876],[-116.491,76.876],[-116.36,77.007],[-115.705,77.007],[-115.051,76.745]]],[[[-89.262,76.745],[-89.524,76.615],[-90.44,76.745],[-90.571,76.876],[-90.571,77.007],[-90.44,77.138],[-90.178,77.138],[-89.916,77.007],[-89.655,77.007],[-89.131,76.876],[-89.131,76.745],[-89.262,76.745]]],[[[-104.055,76.615],[-104.709,76.615],[-105.495,77.138],[-104.709,77.138],[-104.578,77.007],[-104.447,77.007],[-104.447,76.876],[-104.185,76.876],[-103.924,76.745],[-103.924,76.615],[-104.055,76.615]]],[[[-94.891,77.269],[-94.629,77.138],[-94.367,77.269],[-93.451,77.138],[-92.927,77.269],[-92.796,77.138],[-92.535,77.138],[-92.796,77.138],[-92.927,76.876],[-95.415,76.876],[-95.545,77.007],[-95.676,77.007],[-95.676,77.138],[-95.153,77.269],[-94.891,77.269]]],[[[-101.175,77.138],[-101.829,77.138],[-101.96,77.269],[-101.044,77.4],[-100.782,77.269],[-100.52,77.269],[-100.389,77.138],[-101.175,77.138]]],[[[-113.218,77.138],[-113.742,77.138],[-114.004,77.269],[-114.527,77.4],[-114.135,77.4],[-114.004,77.531],[-113.742,77.531],[-113.742,77.4],[-113.218,77.4],[-113.218,77.269],[-113.087,77.269],[-113.218,77.269],[-113.218,77.138]]],[[[-109.945,77.531],[-109.029,77.531],[-109.16,77.4],[-109.684,77.4],[-110.338,77.269],[-109.553,77.269],[-109.553,77.007],[-109.684,77.007],[-109.815,76.876],[-110.731,76.876],[-111.385,76.745],[-111.778,76.745],[-112.04,76.876],[-112.433,76.876],[-112.433,77.007],[-112.695,77.007],[-112.564,77.007],[-112.564,77.138],[-112.695,77.138],[-112.695,77.4],[-111.778,77.4],[-110.6,77.531],[-109.945,77.531]]],[[[-102.484,77.531],[-102.745,77.531],[-102.745,77.662],[-102.222,77.662],[-102.484,77.531]]],[[[-109.291,78.055],[-108.898,78.055],[-108.767,77.924],[-108.767,77.793],[-110.862,77.793],[-110.993,77.662],[-111.255,77.662],[-111.516,77.793],[-112.695,77.793],[-111.647,78.055],[-110.862,78.055],[-110.469,78.185],[-109.422,78.185],[-109.291,78.055]]],[[[-95.676,77.924],[-94.498,77.924],[-94.367,77.793],[-94.498,77.793],[-94.76,77.662],[-94.498,77.662],[-94.367,77.531],[-94.498,77.4],[-95.153,77.4],[-95.415,77.269],[-96.462,77.269],[-96.462,77.4],[-96.855,77.4],[-97.116,77.531],[-96.331,77.531],[-96.462,77.662],[-97.247,77.662],[-97.64,77.924],[-97.771,77.924],[-97.509,78.055],[-97.771,78.185],[-96.069,78.185],[-95.938,78.055],[-95.676,78.055],[-95.676,77.924]]],[[[-102.876,78.709],[-102.353,78.709],[-102.091,78.578],[-102.091,78.447],[-102.222,78.447],[-102.091,78.447],[-101.96,78.316],[-102.091,78.316],[-101.829,78.316],[-101.829,78.447],[-101.567,78.447],[-101.436,78.578],[-100.52,78.447],[-100.52,78.316],[-100.651,78.316],[-100.52,78.185],[-99.865,78.316],[-99.211,78.055],[-99.08,78.055],[-99.08,77.924],[-99.342,77.924],[-99.211,77.793],[-98.556,77.531],[-98.425,77.4],[-98.556,77.4],[-98.556,77.269],[-99.735,77.269],[-99.996,77.4],[-100.258,77.4],[-100.258,77.531],[-100.389,77.531],[-100.52,77.662],[-102.222,77.662],[-102.222,77.793],[-103.138,77.793],[-103.4,77.662],[-103.793,77.662],[-103.924,77.793],[-104.316,77.793],[-104.447,77.924],[-104.316,78.055],[-103.662,77.924],[-103.007,77.924],[-102.876,78.055],[-103.4,78.055],[-102.876,78.185],[-103.662,78.185],[-103.662,78.316],[-103.269,78.316],[-103.4,78.447],[-103.793,78.447],[-104.185,78.316],[-104.316,78.185],[-104.316,78.316],[-104.447,78.316],[-104.316,78.316],[-104.185,78.447],[-104.971,78.447],[-104.971,78.709],[-104.316,78.709],[-103.4,78.84],[-103.138,78.84],[-102.876,78.709]]],[[[-98.295,79.364],[-98.164,79.233],[-98.818,79.233],[-98.949,79.364],[-99.473,79.364],[-99.604,79.495],[-99.473,79.495],[-99.211,79.625],[-98.556,79.625],[-98.425,79.495],[-98.295,79.495],[-98.295,79.364]]],[[[-91.356,80.542],[-91.225,80.542],[-90.702,80.28],[-90.44,80.28],[-90.178,80.149],[-90.047,80.149],[-90.047,80.018],[-89.655,80.018],[-89.262,79.887],[-89.131,80.018],[-88.738,80.018],[-88.476,79.625],[-87.822,79.625],[-87.691,79.495],[-87.691,79.625],[-87.822,79.625],[-88.084,79.756],[-88.084,79.887],[-87.429,79.887],[-87.167,79.756],[-87.036,79.756],[-87.036,79.625],[-87.298,79.625],[-87.429,79.495],[-86.644,79.495],[-86.513,79.364],[-86.382,79.364],[-86.775,78.971],[-86.382,78.971],[-86.251,79.102],[-85.596,79.102],[-85.465,78.971],[-85.204,78.971],[-85.204,79.102],[-85.073,79.102],[-84.549,78.709],[-85.596,78.578],[-85.858,78.447],[-86.382,78.447],[-86.513,78.316],[-86.644,78.316],[-86.905,78.185],[-87.036,78.055],[-87.298,78.185],[-87.429,78.185],[-87.429,78.447],[-87.298,78.447],[-87.56,78.447],[-87.56,78.316],[-87.691,78.316],[-87.56,78.185],[-87.691,78.185],[-87.691,78.055],[-87.429,78.055],[-87.429,77.924],[-87.691,77.924],[-88.215,78.055],[-88.084,77.924],[-88.084,77.793],[-88.215,77.662],[-88.476,77.662],[-89.393,78.055],[-89.524,78.055],[-89.262,77.793],[-89.0,77.662],[-88.869,77.662],[-89.393,77.662],[-89.524,77.793],[-90.047,77.793],[-89.916,77.662],[-89.785,77.662],[-90.047,77.531],[-90.309,77.662],[-91.356,77.662],[-91.749,77.793],[-92.142,77.793],[-92.273,77.924],[-91.356,77.924],[-91.356,78.055],[-92.796,78.055],[-93.058,78.185],[-92.665,78.185],[-92.796,78.316],[-93.582,78.316],[-93.582,78.447],[-92.796,78.578],[-92.142,78.578],[-92.011,78.709],[-91.356,78.709],[-90.702,78.84],[-93.058,78.84],[-93.32,78.709],[-93.582,78.709],[-93.451,78.84],[-93.32,78.84],[-94.236,78.84],[-94.498,78.709],[-94.76,78.84],[-95.153,78.84],[-95.153,78.971],[-94.76,78.971],[-93.975,79.102],[-93.844,79.233],[-94.367,79.102],[-95.415,79.102],[-95.938,79.233],[-96.2,79.625],[-95.284,79.495],[-94.105,79.495],[-94.105,79.625],[-93.713,79.625],[-95.676,79.625],[-95.807,79.756],[-95.545,79.887],[-95.022,79.756],[-95.022,79.887],[-95.284,79.887],[-95.545,80.018],[-95.545,80.149],[-94.498,80.149],[-94.367,80.018],[-93.32,80.018],[-93.582,80.018],[-94.629,80.28],[-95.022,80.28],[-94.891,80.28],[-94.76,80.411],[-94.367,80.542],[-93.975,80.411],[-93.713,80.542],[-92.665,80.542],[-92.665,80.673],[-93.713,80.673],[-93.713,80.804],[-92.535,80.804],[-91.88,80.673],[-91.487,80.673],[-91.356,80.542]]],[[[-68.971,82.505],[-67.793,82.505],[-67.531,82.375],[-65.829,82.375],[-66.091,82.244],[-67.924,82.113],[-66.353,82.113],[-66.091,82.244],[-64.651,82.244],[-64.651,82.375],[-64.258,82.375],[-64.127,82.244],[-62.949,82.244],[-63.08,82.113],[-62.818,82.113],[-62.556,81.982],[-62.687,81.851],[-61.902,81.982],[-61.116,81.982],[-60.985,81.851],[-60.724,81.851],[-60.593,81.72],[-61.116,81.589],[-61.378,81.589],[-61.64,81.458],[-63.08,81.327],[-63.604,81.196],[-64.782,81.196],[-64.913,81.065],[-66.222,81.065],[-66.222,80.935],[-68.185,80.673],[-65.175,80.935],[-64.258,80.935],[-64.913,80.673],[-65.698,80.542],[-66.222,80.542],[-68.055,80.149],[-68.971,79.887],[-69.233,79.756],[-69.364,79.756],[-69.625,79.887],[-69.887,79.887],[-70.018,80.018],[-70.149,80.018],[-70.149,79.887],[-69.625,79.756],[-69.756,79.625],[-71.458,79.625],[-71.458,79.495],[-70.149,79.625],[-70.018,79.495],[-70.804,79.364],[-70.542,79.364],[-70.542,79.233],[-71.851,79.102],[-73.291,79.233],[-73.553,79.364],[-73.815,79.364],[-74.076,79.233],[-72.898,79.233],[-72.636,79.102],[-72.636,78.971],[-73.684,78.971],[-73.815,78.84],[-75.255,78.84],[-75.516,78.971],[-76.302,78.971],[-76.171,78.971],[-75.516,78.709],[-73.945,78.709],[-73.945,78.447],[-74.993,78.447],[-75.124,78.578],[-76.171,78.578],[-76.825,78.447],[-77.218,78.447],[-77.48,78.578],[-78.004,78.578],[-78.004,78.447],[-75.385,78.447],[-75.255,78.316],[-74.6,78.316],[-74.076,78.185],[-73.815,78.185],[-73.945,78.055],[-74.338,77.924],[-75.909,77.924],[-74.6,77.793],[-74.993,77.662],[-75.255,77.4],[-77.48,77.4],[-77.48,77.007],[-77.611,76.876],[-77.873,76.876],[-78.135,76.745],[-80.36,76.745],[-80.884,76.876],[-81.015,77.007],[-81.145,77.007],[-80.753,76.745],[-81.538,76.745],[-81.407,76.745],[-81.276,76.615],[-81.015,76.615],[-80.753,76.745],[-80.098,76.745],[-79.705,76.615],[-78.789,76.615],[-78.789,76.484],[-78.658,76.484],[-78.789,76.484],[-78.658,76.353],[-77.873,76.353],[-77.873,76.484],[-77.742,76.484],[-77.611,76.353],[-77.48,76.353],[-77.48,76.222],[-77.742,75.96],[-78.396,75.96],[-78.527,75.829],[-78.789,75.829],[-78.92,75.698],[-79.575,75.698],[-80.098,75.567],[-80.36,75.567],[-80.491,75.698],[-80.36,75.698],[-80.36,75.829],[-80.229,75.829],[-80.36,75.96],[-81.276,75.96],[-81.538,76.091],[-81.8,76.091],[-81.931,76.222],[-81.931,76.091],[-81.8,76.091],[-81.669,75.96],[-82.847,75.829],[-83.371,75.96],[-83.633,76.091],[-83.764,75.829],[-84.549,75.698],[-84.811,75.698],[-85.073,75.829],[-85.596,75.829],[-85.727,75.96],[-85.858,75.96],[-85.858,76.091],[-86.12,75.829],[-86.775,75.829],[-86.905,76.091],[-86.905,75.829],[-87.822,75.829],[-87.953,75.96],[-87.953,76.222],[-88.084,76.091],[-87.953,75.96],[-87.953,75.829],[-88.215,75.96],[-89.0,75.96],[-89.0,76.222],[-88.215,76.484],[-87.822,76.484],[-87.56,76.615],[-86.251,76.615],[-86.382,76.615],[-86.513,76.745],[-86.905,76.745],[-87.036,76.876],[-87.167,76.876],[-87.56,77.138],[-87.429,77.269],[-86.905,77.269],[-86.644,77.4],[-86.513,77.4],[-86.251,77.269],[-85.858,77.269],[-85.335,77.007],[-85.204,77.007],[-85.073,76.876],[-84.418,76.876],[-84.156,76.745],[-83.895,76.876],[-82.978,76.876],[-82.978,77.007],[-82.716,77.007],[-82.324,77.138],[-82.193,77.269],[-82.062,77.269],[-82.062,77.4],[-82.193,77.4],[-82.716,77.138],[-82.847,77.007],[-84.68,77.007],[-84.68,77.269],[-84.942,77.4],[-84.68,77.4],[-84.025,77.662],[-83.633,77.662],[-84.418,77.662],[-84.287,77.924],[-84.811,77.531],[-85.596,77.531],[-85.335,77.793],[-85.858,77.662],[-86.12,77.531],[-86.775,77.531],[-87.036,77.662],[-86.905,77.793],[-86.905,77.924],[-86.775,77.924],[-86.644,78.055],[-86.382,78.055],[-86.251,78.185],[-85.727,78.316],[-83.371,78.316],[-82.978,78.185],[-82.716,78.185],[-82.585,78.316],[-81.407,78.316],[-81.276,78.447],[-81.145,78.447],[-81.407,78.447],[-81.669,78.316],[-82.062,78.316],[-82.455,78.447],[-83.895,78.447],[-84.025,78.578],[-83.502,78.578],[-83.24,78.447],[-82.978,78.447],[-83.109,78.578],[-83.371,78.578],[-83.633,78.709],[-83.764,78.709],[-84.549,79.102],[-85.465,79.102],[-85.596,79.233],[-85.858,79.233],[-86.12,79.625],[-85.989,79.756],[-83.502,79.756],[-82.455,79.495],[-82.062,79.495],[-81.276,79.102],[-79.575,79.102],[-80.491,79.102],[-80.622,79.233],[-81.8,79.495],[-82.455,79.756],[-81.931,79.756],[-79.182,80.018],[-79.051,80.149],[-77.873,80.28],[-76.302,80.28],[-76.564,80.28],[-76.825,80.411],[-78.135,80.411],[-78.135,80.542],[-77.873,80.542],[-77.742,80.673],[-76.956,80.804],[-76.433,80.804],[-76.302,80.935],[-77.48,80.804],[-78.135,80.542],[-78.789,80.542],[-78.92,80.411],[-79.051,80.411],[-79.051,80.28],[-79.575,80.149],[-80.491,80.149],[-80.753,80.018],[-82.324,80.018],[-81.8,80.149],[-81.669,80.28],[-81.931,80.149],[-83.109,80.149],[-83.371,80.018],[-86.12,80.018],[-85.727,80.28],[-85.073,80.411],[-84.68,80.411],[-84.156,80.542],[-82.716,80.542],[-85.204,80.542],[-85.465,80.411],[-85.727,80.411],[-86.513,80.149],[-88.084,80.149],[-88.345,80.28],[-88.607,80.28],[-88.738,80.411],[-86.382,80.411],[-85.858,80.542],[-85.204,80.542],[-84.418,80.673],[-84.68,80.804],[-84.811,80.673],[-85.335,80.673],[-86.12,80.542],[-88.345,80.542],[-88.869,80.411],[-89.131,80.411],[-89.262,80.542],[-89.393,80.542],[-89.393,80.673],[-88.607,80.673],[-89.131,80.804],[-88.869,80.804],[-88.345,80.935],[-87.036,80.935],[-87.56,81.065],[-87.953,81.065],[-88.476,80.935],[-89.916,80.804],[-90.047,80.935],[-89.262,81.065],[-91.095,81.065],[-90.44,81.327],[-88.869,81.327],[-88.607,81.458],[-87.953,81.458],[-87.56,81.589],[-87.036,81.589],[-86.905,81.458],[-84.549,81.458],[-85.989,81.589],[-86.12,81.72],[-85.204,81.72],[-84.942,81.851],[-83.24,81.851],[-82.585,81.589],[-82.193,81.589],[-82.062,81.458],[-81.8,81.458],[-81.8,81.589],[-82.193,81.589],[-82.193,81.72],[-81.669,81.72],[-79.967,81.458],[-79.575,81.458],[-79.313,81.327],[-78.92,81.327],[-81.669,81.72],[-81.931,81.851],[-81.669,81.851],[-81.407,81.982],[-81.145,81.982],[-81.538,81.982],[-81.538,82.113],[-81.015,82.113],[-80.622,81.982],[-80.229,81.982],[-80.622,82.113],[-80.622,82.244],[-80.098,82.244],[-79.575,82.113],[-78.135,82.113],[-78.658,82.113],[-79.051,82.244],[-79.444,82.244],[-79.575,82.375],[-76.956,82.375],[-76.695,82.244],[-75.647,82.113],[-75.647,81.982],[-75.124,81.982],[-74.993,82.113],[-75.516,82.113],[-75.647,82.244],[-75.909,82.244],[-76.433,82.375],[-76.564,82.505],[-73.815,82.505],[-73.684,82.375],[-73.422,82.375],[-73.16,82.244],[-72.767,82.244],[-72.113,82.113],[-72.244,82.244],[-72.636,82.244],[-72.898,82.375],[-72.767,82.505],[-71.458,82.505],[-70.804,82.375],[-70.411,82.375],[-70.673,82.375],[-70.804,82.505],[-68.971,82.505]]]]}},{"type":"Feature","properties":{"iso3":"CHE","name":"Switzerland"},"geometry":{"type":"MultiPolygon","coordinates":[[[[10.098,47.029],[10.098,46.898],[10.229,46.898],[10.098,46.767],[10.098,46.505],[10.36,46.505],[10.36,46.375],[10.491,46.375],[10.622,46.244],[10.753,46.375],[10.884,46.375],[10.884,45.982],[10.753,45.982],[10.622,46.113],[10.491,45.982],[10.491,45.72],[10.622,45.72],[10.491,45.72],[10.491,45.851],[10.36,45.851],[10.229,45.72],[10.098,45.72],[10.098,45.851],[9.967,45.851],[9.967,45.982],[9.836,45.982],[9.836,45.72],[9.705,45.72],[9.575,45.589],[9.575,45.327],[9.444,45.327],[9.313,45.458],[9.444,45.458],[9.313,45.458],[9.051,45.72],[9.051,45.851],[8.92,45.851],[8.789,45.72],[8.658,45.72],[8.658,45.589],[8.396,45.327],[8.135,45.458],[8.004,45.327],[7.611,45.327],[7.611,45.458],[7.48,45.458],[7.349,45.589],[7.349,45.851],[6.825,45.851],[6.825,45.72],[6.695,45.589],[6.564,45.589],[6.564,45.72],[6.695,45.72],[6.695,45.851],[6.564,45.851],[6.695,45.982],[6.695,46.113],[6.825,46.113],[6.956,46.244],[6.956,46.375],[7.218,46.505],[7.48,46.767],[7.611,46.767],[7.48,46.767],[7.48,46.898],[8.004,46.898],[8.004,47.029],[9.182,47.029],[9.182,47.16],[8.92,47.16],[9.705,47.16],[9.967,47.029],[10.098,47.029]]]]}},{"type":"Feature","properties":{"iso3":"CHL","name":"Chile"},"geometry":{"type":"MultiPolygon","coordinates":[[[[-66.745,-56.258],[-66.745,-56.127],[-67.007,-56.127],[-66.876,-56.127],[-66.876,-55.996],[-66.745,-55.996],[-66.745,-56.258]]],[[[-65.96,-55.604],[-65.96,-55.735],[-66.091,-55.735],[-66.091,-55.604],[-65.829,-55.604],[-65.96,-55.604]]],[[[-66.484,-55.604],[-66.615,-55.604],[-66.745,-55.735],[-66.876,-55.735],[-66.876,-55.604],[-67.138,-55.604],[-67.138,-55.735],[-67.269,-55.735],[-67.531,-55.604],[-67.793,-55.342],[-66.745,-55.342],[-66.484,-55.604]]],[[[-69.102,-55.342],[-68.316,-55.473],[-68.055,-55.342],[-67.924,-55.342],[-67.793,-55.473],[-68.055,-55.604],[-67.793,-55.604],[-67.662,-55.735],[-67.793,-55.735],[-67.531,-55.865],[-67.531,-56.127],[-67.662,-55.996],[-67.793,-55.996],[-67.793,-55.865],[-68.316,-55.865],[-68.316,-55.604],[-68.447,-55.735],[-68.578,-55.604],[-68.709,-55.604],[-68.84,-55.735],[-68.709,-55.735],[-68.578,-55.865],[-68.84,-55.865],[-68.971,-55.735],[-69.102,-55.735],[-69.102,-55.604],[-69.495,-55.604],[-69.364,-55.473],[-69.364,-55.342],[-69.102,-55.342]]],[[[-70.411,-55.342],[-69.887,-55.342],[-69.756,-55.473],[-69.756,-55.604],[-70.018,-55.604],[-70.018,-55.473],[-70.411,-55.473],[-70.542,-55.342],[-70.935,-55.342],[-70.804,-55.211],[-70.673,-55.211],[-70.542,-55.342],[-70.411,-55.342]]],[[[-70.804,-54.425],[-70.673,-54.556],[-70.411,-54.556],[-70.411,-54.687],[-70.542,-54.687],[-70.542,-54.818],[-70.804,-54.687],[-71.458,-54.687],[-71.589,-54.556],[-71.589,-54.425],[-71.458,-54.295],[-71.196,-54.295],[-70.935,-54.425],[-70.804,-54.425]]],[[[-72.375,-53.902],[-72.375,-54.033],[-71.851,-54.033],[-71.851,-54.164],[-71.72,-54.164],[-71.589,-54.295],[-71.72,-54.295],[-71.982,-54.556],[-72.375,-54.556],[-72.375,-54.425],[-72.244,-54.425],[-72.244,-54.295],[-72.505,-54.295],[-72.505,-54.425],[-72.767,-54.425],[-72.767,-54.164],[-72.898,-54.164],[-73.029,-54.033],[-73.291,-54.033],[-72.898,-53.771],[-72.767,-53.902],[-72.505,-53.902],[-72.505,-53.771],[-72.505,-53.902],[-72.375,-53.902]]],[[[-73.815,-53.378],[-73.291,-53.378],[-73.16,-53.509],[-72.898,-53.509],[-72.636,-53.771],[-73.029,-53.771],[-73.029,-53.64],[-73.291,-53.509],[-73.684,-53.509],[-74.076,-53.247],[-74.207,-53.247],[-74.207,-53.116],[-74.076,-53.116],[-74.076,-53.247],[-73.815,-53.247],[-73.815,-53.378]]],[[[-68.578,-53.116],[-68.185,-52.985],[-68.055,-53.116],[-68.055,-55.342],[-68.971,-55.342],[-68.971,-55.211],[-69.102,-55.08],[-69.233,-55.211],[-70.149,-55.211],[-70.411,-55.08],[-71.327,-55.08],[-71.327,-54.949],[-71.196,-54.818],[-71.065,-54.949],[-70.935,-54.818],[-70.28,-54.818],[-70.28,-54.687],[-70.149,-54.818],[-70.149,-54.949],[-69.756,-54.949],[-70.018,-54.687],[-70.149,-54.687],[-70.28,-54.556],[-70.28,-54.295],[-70.149,-54.295],[-70.149,-54.164],[-70.018,-54.033],[-69.887,-54.295],[-69.887,-54.425],[-70.018,-54.425],[-70.018,-54.556],[-69.887,-54.556],[-69.625,-54.687],[-69.625,-54.818],[-69.364,-54.818],[-69.233,-54.687],[-69.102,-54.818],[-68.84,-54.818],[-68.709,-54.949],[-68.578,-54.949],[-68.578,-54.818],[-68.447,-54.818],[-69.495,-54.556],[-69.495,-54.425],[-69.625,-54.295],[-69.625,-54.164],[-69.495,-54.164],[-69.364,-54.033],[-69.102,-54.033],[-68.84,-53.902],[-68.84,-53.771],[-69.364,-53.771],[-69.495,-53.902],[-69.625,-53.902],[-69.756,-53.771],[-69.887,-53.771],[-69.887,-53.509],[-69.756,-53.378],[-69.625,-53.378],[-69.887,-53.116],[-69.625,-53.116],[-69.495,-53.247],[-69.364,-53.247],[-68.971,-52.985],[-68.971,-52.855],[-68.84,-52.855],[-68.578,-53.116]]],[[[-73.553,-52.331],[-73.815,-52.331],[-73.945,-52.2],[-73.684,-52.2],[-73.553,-52.331]]],[[[-74.207,-52.069],[-74.207,-52.331],[-73.945,-52.331],[-73.945,-52.462],[-74.076,-52.593],[-74.076,-52.724],[-74.338,-52.724],[-74.338,-52.593],[-74.6,-52.2],[-74.338,-52.2],[-74.338,-52.069],[-74.207,-52.069]]],[[[-73.945,-51.676],[-73.945,-51.807],[-74.469,-51.807],[-74.731,-52.069],[-74.731,-51.938],[-74.6,-51.807],[-74.6,-51.676],[-74.469,-51.807],[-74.338,-51.676],[-73.945,-51.676]]],[[[-74.731,-51.153],[-74.862,-51.153],[-74.862,-50.891],[-74.6,-50.891],[-74.6,-51.022],[-74.731,-51.022],[-74.731,-51.153]]],[[[-74.469,-50.76],[-74.862,-50.76],[-74.862,-50.498],[-74.338,-50.498],[-74.338,-50.629],[-74.469,-50.629],[-74.469,-50.76]]],[[[-74.6,-49.32],[-74.993,-49.713],[-75.124,-49.582],[-74.993,-49.582],[-74.993,-49.451],[-75.124,-49.32],[-74.993,-49.32],[-74.731,-49.189],[-74.6,-49.189],[-74.6,-49.32]]],[[[-73.945,-49.582],[-73.945,-50.367],[-74.076,-50.367],[-74.207,-50.498],[-74.207,-50.236],[-74.338,-50.105],[-74.207,-49.975],[-74.207,-49.844],[-74.469,-49.975],[-74.469,-50.236],[-74.993,-50.236],[-74.993,-50.105],[-74.731,-50.105],[-74.731,-49.975],[-74.862,-49.844],[-74.862,-49.713],[-74.469,-49.713],[-74.6,-49.582],[-74.6,-49.451],[-74.338,-49.451],[-74.338,-49.32],[-74.469,-49.189],[-73.945,-49.189],[-73.945,-49.582]]],[[[-74.993,-49.189],[-75.124,-49.189],[-75.124,-49.058],[-74.993,-48.796],[-74.993,-48.535],[-74.862,-48.404],[-74.6,-48.796],[-74.6,-49.058],[-74.731,-49.058],[-74.862,-49.189],[-74.993,-49.189]]],[[[-74.076,-49.058],[-74.338,-49.058],[-74.469,-48.927],[-74.469,-48.796],[-74.6,-48.665],[-74.6,-48.535],[-74.731,-48.535],[-74.731,-48.404],[-74.469,-48.404],[-74.338,-48.273],[-74.207,-48.273],[-74.338,-48.404],[-74.207,-48.535],[-74.207,-48.665],[-74.076,-48.665],[-74.076,-49.058]]],[[[-74.6,-48.273],[-74.731,-48.142],[-74.338,-48.142],[-74.469,-48.273],[-74.6,-48.273]]],[[[-73.815,-46.178],[-74.076,-46.178],[-74.076,-46.047],[-73.945,-45.916],[-73.945,-45.655],[-73.684,-45.655],[-73.815,-45.916],[-73.684,-46.047],[-73.815,-46.178]]],[[[-74.469,-45.262],[-74.469,-45.393],[-74.6,-45.262],[-74.469,-45.262]]],[[[-73.029,-45.262],[-73.16,-45.262],[-73.16,-45.131],[-73.291,-45.131],[-73.291,-45.0],[-73.029,-45.0],[-73.029,-45.262]]],[[[-72.375,-45.262],[-72.898,-45.262],[-72.898,-45.0],[-72.767,-45.0],[-72.767,-44.738],[-72.636,-44.738],[-72.505,-44.869],[-72.244,-44.869],[-72.244,-45.0],[-72.375,-45.131],[-72.375,-45.262]]],[[[-73.16,-44.869],[-73.422,-44.869],[-73.422,-45.131],[-73.291,-45.131],[-73.291,-45.524],[-73.16,-45.524],[-73.16,-45.655],[-73.291,-45.655],[-73.291,-45.785],[-73.553,-45.785],[-73.553,-45.655],[-73.815,-45.393],[-73.815,-45.262],[-73.945,-45.131],[-74.076,-45.131],[-73.945,-45.0],[-73.945,-44.869],[-73.553,-44.869],[-73.553,-44.607],[-73.291,-44.607],[-73.16,-44.738],[-73.16,-44.869]]],[[[-73.291,-44.215],[-73.291,-44.345],[-73.553,-44.345],[-73.553,-44.215],[-73.291,-44.215]]],[[[-74.076,-44.084],[-74.338,-44.084],[-74.338,-43.953],[-74.076,-43.953],[-74.076,-44.084]]],[[[-73.16,-43.822],[-73.553,-43.822],[-73.684,-43.691],[-73.815,-43.691],[-73.815,-43.56],[-73.684,-43.56],[-73.684,-43.298],[-73.553,-43.036],[-73.684,-42.905],[-73.553,-42.775],[-73.553,-42.382],[-73.422,-42.382],[-73.422,-42.251],[-73.553,-42.251],[-73.16,-42.251],[-73.029,-42.382],[-72.898,-42.382],[-72.898,-42.644],[-73.029,-42.775],[-72.898,-42.905],[-73.16,-42.905],[-73.291,-43.036],[-73.16,-43.036],[-73.16,-43.167],[-73.029,-43.167],[-72.898,-43.298],[-72.898,-43.429],[-73.029,-43.56],[-73.16,-43.56],[-73.16,-43.822]]],[[[-78.265,-34.135],[-78.396,-34.135],[-78.396,-34.004],[-78.265,-34.004],[-78.265,-34.135]]],[[[-108.767,-27.589],[-108.898,-27.589],[-108.898,-27.458],[-108.767,-27.458],[-108.636,-27.589],[-108.767,-27.589]]],[[[-67.138,-23.269],[-66.615,-23.269],[-66.484,-23.4],[-66.484,-23.662],[-66.745,-24.316],[-66.745,-24.447],[-67.269,-24.709],[-67.531,-24.709],[-67.662,-24.84],[-67.793,-24.84],[-67.793,-24.971],[-67.924,-24.971],[-67.924,-25.102],[-68.055,-25.233],[-67.924,-25.364],[-67.924,-25.495],[-67.793,-25.495],[-68.055,-25.887],[-67.924,-26.018],[-67.924,-26.542],[-67.793,-26.542],[-68.055,-26.804],[-68.055,-26.935],[-67.793,-27.196],[-67.793,-27.458],[-67.924,-27.458],[-68.055,-27.589],[-68.316,-27.589],[-68.316,-27.72],[-68.578,-28.113],[-68.578,-28.375],[-68.709,-28.375],[-68.84,-28.505],[-68.84,-28.636],[-68.971,-28.636],[-68.971,-28.767],[-69.102,-28.898],[-69.102,-29.029],[-69.233,-29.029],[-69.233,-29.553],[-69.364,-29.553],[-69.495,-29.684],[-69.495,-29.815],[-69.364,-29.945],[-69.364,-30.6],[-69.233,-30.6],[-69.364,-30.6],[-69.364,-30.731],[-69.495,-30.862],[-69.625,-30.731],[-69.625,-30.993],[-69.756,-31.124],[-69.756,-31.516],[-70.018,-31.516],[-70.018,-32.04],[-69.887,-32.302],[-69.756,-32.302],[-69.756,-32.695],[-69.625,-32.825],[-69.625,-33.087],[-69.495,-33.218],[-69.495,-33.742],[-69.233,-33.742],[-69.233,-33.873],[-69.364,-34.004],[-69.364,-34.658],[-69.233,-34.658],[-69.495,-34.658],[-69.495,-34.92],[-69.625,-34.92],[-69.625,-35.051],[-69.756,-35.051],[-69.756,-35.313],[-70.018,-35.705],[-69.887,-35.705],[-69.887,-36.622],[-70.018,-36.622],[-70.28,-36.884],[-70.411,-36.884],[-70.673,-37.276],[-70.542,-37.407],[-70.542,-37.669],[-70.673,-37.669],[-70.673,-37.8],[-70.542,-37.931],[-70.673,-38.062],[-70.673,-38.193],[-70.411,-38.455],[-70.411,-38.847],[-70.28,-38.978],[-70.28,-39.109],[-70.411,-39.109],[-70.804,-39.371],[-70.935,-39.371],[-70.804,-39.633],[-70.804,-39.764],[-70.935,-39.764],[-70.935,-40.025],[-71.196,-40.025],[-71.196,-40.156],[-71.065,-40.287],[-71.065,-40.418],[-71.196,-40.549],[-71.327,-40.549],[-71.196,-40.68],[-71.196,-40.811],[-71.327,-40.942],[-71.327,-42.251],[-71.196,-42.382],[-71.196,-42.513],[-71.327,-42.513],[-71.327,-42.644],[-71.458,-42.513],[-71.458,-42.644],[-71.589,-42.644],[-71.589,-42.775],[-71.458,-42.775],[-71.458,-42.905],[-71.589,-42.905],[-71.589,-43.429],[-71.458,-43.56],[-71.196,-43.56],[-71.196,-43.691],[-71.327,-43.691],[-71.327,-43.953],[-71.196,-43.953],[-71.196,-44.345],[-71.065,-44.345],[-71.196,-44.345],[-71.196,-44.607],[-71.327,-44.607],[-71.327,-44.869],[-70.542,-44.869],[-70.542,-45.0],[-70.673,-45.0],[-70.673,-45.131],[-70.804,-45.262],[-70.935,-45.131],[-71.065,-45.131],[-71.196,-45.262],[-71.458,-45.262],[-71.458,-45.393],[-71.065,-45.393],[-70.935,-45.524],[-70.935,-45.655],[-70.804,-45.655],[-70.804,-45.785],[-70.935,-45.916],[-71.196,-45.916],[-71.196,-46.309],[-71.065,-46.309],[-71.065,-46.44],[-71.196,-46.571],[-71.327,-46.571],[-71.196,-46.702],[-71.196,-47.095],[-71.458,-47.356],[-71.458,-47.487],[-71.327,-47.618],[-71.458,-47.618],[-71.72,-47.88],[-71.851,-47.88],[-71.72,-48.011],[-71.851,-48.142],[-71.851,-48.273],[-71.982,-48.273],[-71.982,-48.404],[-71.851,-48.404],[-71.72,-48.535],[-71.72,-48.665],[-71.851,-48.796],[-71.982,-48.796],[-71.982,-48.927],[-72.113,-48.927],[-71.982,-49.058],[-71.982,-49.189],[-72.113,-49.189],[-72.113,-49.32],[-72.244,-49.32],[-72.375,-49.451],[-72.505,-49.451],[-72.505,-49.582],[-72.636,-49.582],[-72.636,-49.713],[-72.898,-49.713],[-72.898,-49.844],[-73.029,-49.844],[-73.029,-49.975],[-72.898,-50.105],[-72.898,-50.236],[-73.029,-50.367],[-72.767,-50.629],[-72.767,-50.891],[-72.636,-51.022],[-72.636,-51.153],[-72.375,-51.153],[-72.375,-51.022],[-71.851,-51.022],[-71.72,-51.153],[-71.72,-51.415],[-71.851,-51.545],[-71.72,-51.676],[-71.851,-51.938],[-71.589,-52.2],[-71.458,-52.2],[-71.458,-52.331],[-71.327,-52.462],[-69.102,-52.462],[-68.971,-52.593],[-68.316,-52.593],[-68.185,-52.724],[-67.924,-52.724],[-68.447,-52.724],[-68.578,-52.593],[-68.709,-52.593],[-68.971,-52.855],[-69.102,-52.855],[-69.233,-52.985],[-70.149,-53.116],[-70.28,-53.247],[-70.28,-53.378],[-70.411,-53.64],[-70.411,-54.164],[-70.542,-54.295],[-70.935,-54.295],[-71.851,-53.902],[-71.851,-53.771],[-71.72,-53.64],[-71.327,-53.64],[-71.327,-53.902],[-71.196,-53.902],[-71.196,-53.64],[-70.673,-53.509],[-70.673,-53.378],[-70.542,-53.378],[-70.542,-53.247],[-70.804,-53.247],[-71.72,-53.509],[-71.982,-53.771],[-71.982,-53.902],[-72.505,-53.771],[-72.505,-53.64],[-72.375,-53.509],[-72.375,-53.247],[-72.113,-53.247],[-72.113,-53.116],[-72.113,-53.247],[-71.851,-53.247],[-71.589,-53.116],[-70.935,-53.116],[-70.935,-52.985],[-71.72,-52.985],[-71.851,-53.116],[-71.982,-52.985],[-72.244,-52.985],[-72.244,-53.116],[-72.505,-53.378],[-72.505,-53.509],[-72.767,-53.509],[-73.029,-53.247],[-72.767,-53.116],[-72.636,-53.116],[-72.636,-52.985],[-72.505,-52.985],[-72.505,-52.855],[-72.636,-52.855],[-72.636,-52.985],[-72.767,-52.985],[-73.029,-53.116],[-73.422,-53.116],[-73.422,-52.855],[-73.553,-52.855],[-73.684,-52.724],[-73.684,-52.593],[-73.422,-52.593],[-73.291,-52.724],[-73.16,-52.593],[-73.16,-52.462],[-73.029,-52.462],[-73.029,-52.593],[-72.636,-52.593],[-72.244,-52.331],[-71.982,-52.593],[-71.982,-52.724],[-72.113,-52.724],[-72.113,-52.855],[-71.982,-52.724],[-71.982,-52.593],[-72.113,-52.462],[-72.113,-52.331],[-71.982,-52.331],[-71.982,-52.069],[-72.505,-51.807],[-72.636,-51.938],[-72.113,-52.069],[-71.982,-52.2],[-72.636,-52.462],[-72.898,-52.462],[-73.16,-52.2],[-73.553,-52.2],[-73.684,-52.069],[-73.422,-52.069],[-73.291,-51.807],[-73.422,-51.676],[-73.815,-51.676],[-73.815,-51.545],[-74.207,-51.545],[-74.469,-51.284],[-74.469,-51.153],[-74.6,-51.153],[-74.076,-51.153],[-74.076,-51.022],[-74.207,-51.022],[-74.207,-50.891],[-74.076,-50.76],[-73.945,-50.76],[-73.815,-50.891],[-73.815,-51.022],[-73.553,-51.284],[-73.291,-51.415],[-73.291,-51.284],[-73.16,-51.153],[-73.16,-51.022],[-73.029,-51.022],[-73.16,-51.022],[-73.16,-50.891],[-73.16,-51.022],[-73.422,-51.284],[-73.553,-51.153],[-73.553,-51.022],[-73.684,-51.022],[-73.684,-50.891],[-73.422,-50.891],[-73.815,-50.76],[-73.945,-50.629],[-74.076,-50.629],[-73.815,-50.498],[-73.815,-50.367],[-73.422,-50.498],[-73.422,-50.367],[-73.553,-50.367],[-73.815,-50.236],[-73.815,-50.105],[-73.684,-49.975],[-73.422,-49.975],[-73.291,-50.105],[-73.291,-49.975],[-73.422,-49.975],[-73.553,-49.844],[-73.553,-49.713],[-73.422,-49.713],[-73.422,-49.451],[-73.553,-49.582],[-73.553,-49.713],[-73.684,-49.844],[-73.684,-49.975],[-73.684,-49.844],[-73.815,-49.844],[-73.815,-49.058],[-73.684,-48.927],[-73.422,-48.927],[-73.553,-48.796],[-73.684,-48.927],[-73.945,-48.927],[-73.945,-48.796],[-74.076,-48.665],[-74.076,-48.404],[-73.815,-48.404],[-73.684,-48.535],[-73.291,-48.404],[-73.029,-48.665],[-72.767,-48.665],[-73.029,-48.404],[-73.029,-48.273],[-73.16,-48.142],[-73.422,-48.404],[-73.815,-48.404],[-73.815,-48.273],[-74.076,-48.142],[-74.076,-48.011],[-73.815,-48.011],[-73.815,-48.142],[-73.684,-48.142],[-73.553,-48.011],[-73.815,-48.011],[-73.945,-47.88],[-73.684,-47.618],[-73.553,-47.618],[-73.684,-47.487],[-73.553,-47.356],[-73.684,-47.356],[-73.815,-47.225],[-73.945,-47.225],[-73.945,-47.356],[-74.076,-47.225],[-74.469,-47.225],[-74.469,-46.964],[-74.6,-46.964],[-74.731,-47.095],[-74.993,-47.095],[-74.993,-47.225],[-74.862,-47.225],[-74.862,-47.356],[-74.993,-47.356],[-75.124,-47.225],[-75.124,-47.095],[-74.862,-46.964],[-74.862,-46.833],[-74.731,-46.833],[-74.469,-46.702],[-74.338,-46.571],[-74.469,-46.571],[-74.469,-46.309],[-73.945,-46.309],[-73.815,-46.178],[-73.553,-46.178],[-73.553,-45.916],[-73.422,-45.785],[-73.291,-45.916],[-73.291,-46.047],[-73.422,-46.309],[-73.553,-46.309],[-73.422,-46.44],[-73.815,-46.702],[-73.553,-46.702],[-73.291,-46.309],[-73.291,-46.178],[-73.16,-46.178],[-73.16,-46.44],[-73.291,-46.833],[-73.422,-46.964],[-73.16,-46.964],[-73.16,-46.571],[-73.029,-46.44],[-73.029,-46.178],[-73.16,-46.178],[-73.16,-45.916],[-73.029,-45.916],[-72.767,-45.785],[-72.636,-45.785],[-72.375,-45.916],[-72.375,-45.785],[-72.505,-45.785],[-72.636,-45.655],[-72.898,-45.655],[-72.898,-45.524],[-72.767,-45.393],[-72.505,-45.393],[-72.113,-45.0],[-72.113,-44.869],[-72.244,-44.869],[-72.636,-44.607],[-72.767,-44.607],[-72.636,-44.476],[-72.636,-44.345],[-72.505,-44.345],[-72.505,-43.691],[-72.375,-43.691],[-72.375,-43.429],[-72.244,-43.429],[-72.244,-42.905],[-72.113,-42.905],[-72.113,-42.775],[-72.244,-42.775],[-72.244,-42.644],[-71.982,-42.644],[-71.851,-42.905],[-71.851,-42.644],[-71.982,-42.382],[-72.244,-42.382],[-72.244,-42.251],[-72.113,-42.12],[-71.851,-42.12],[-71.72,-41.989],[-71.851,-41.989],[-71.851,-42.12],[-72.113,-42.12],[-72.244,-41.989],[-72.505,-41.989],[-72.636,-42.12],[-72.636,-42.251],[-73.029,-42.251],[-73.16,-42.12],[-73.029,-41.989],[-73.291,-41.989],[-73.291,-41.727],[-73.422,-41.596],[-73.422,-41.335],[-73.16,-40.68],[-73.16,-40.418],[-72.898,-40.287],[-72.898,-40.156],[-72.636,-39.895],[-72.636,-39.633],[-72.898,-39.109],[-73.029,-38.978],[-73.029,-38.847],[-72.898,-38.585],[-72.898,-38.324],[-73.16,-38.062],[-73.029,-37.931],[-73.16,-37.8],[-73.029,-37.669],[-72.767,-37.669],[-72.636,-37.538],[-72.636,-37.276],[-72.505,-37.145],[-72.505,-37.015],[-72.375,-37.015],[-72.375,-36.753],[-72.244,-36.36],[-72.113,-36.36],[-71.982,-36.229],[-72.113,-35.967],[-71.982,-35.967],[-71.982,-35.836],[-71.72,-35.575],[-71.458,-35.051],[-71.458,-34.527],[-71.327,-34.396],[-71.327,-34.265],[-71.065,-34.135],[-71.065,-34.004],[-71.196,-33.873],[-71.196,-33.48],[-71.065,-33.48],[-70.935,-32.956],[-70.804,-32.825],[-70.935,-32.695],[-70.935,-32.171],[-71.065,-31.909],[-71.065,-31.385],[-71.196,-31.124],[-71.196,-30.993],[-71.065,-30.731],[-70.804,-30.6],[-70.804,-29.815],[-70.935,-29.684],[-70.935,-29.291],[-70.673,-28.898],[-70.673,-28.767],[-70.542,-28.505],[-70.542,-28.113],[-70.411,-27.982],[-70.411,-27.72],[-70.28,-27.589],[-70.28,-27.327],[-70.149,-27.065],[-70.149,-26.673],[-70.018,-26.411],[-70.149,-26.28],[-70.149,-26.149],[-69.887,-25.756],[-70.018,-25.233],[-70.018,-24.709],[-69.887,-24.578],[-70.018,-24.447],[-69.887,-24.316],[-69.887,-23.924],[-70.018,-23.924],[-70.018,-23.531],[-69.756,-23.269],[-69.756,-23.007],[-69.625,-22.615],[-69.625,-22.091],[-69.495,-21.96],[-69.495,-21.698],[-69.625,-21.175],[-69.625,-19.865],[-69.756,-19.735],[-69.756,-18.818],[-69.887,-18.818],[-69.756,-18.818],[-69.756,-18.687],[-69.364,-18.687],[-69.233,-18.556],[-69.233,-18.033],[-68.971,-18.033],[-68.971,-17.902],[-68.971,-18.033],[-68.709,-18.425],[-68.578,-18.425],[-68.578,-18.818],[-68.447,-18.818],[-68.447,-19.342],[-67.924,-19.865],[-68.185,-20.127],[-68.055,-20.258],[-68.055,-20.52],[-68.185,-20.52],[-68.185,-20.913],[-67.924,-21.044],[-68.055,-21.175],[-68.055,-21.305],[-67.924,-21.305],[-67.924,-21.436],[-67.662,-21.698],[-67.662,-22.091],[-67.4,-22.484],[-67.4,-22.745],[-67.269,-22.876],[-67.269,-23.269],[-67.138,-23.269]]]]}},{"type":"Feature","properties":{"iso3":"CHN","name":"China"},"geometry":{"type":"MultiPolygon","coordinates":[[[[111.291,19.407],[111.422,19.407],[111.422,19.145],[111.029,18.753],[111.029,18.491],[110.898,18.36],[110.898,18.229],[110.767,18.098],[110.636,18.098],[110.636,17.967],[110.505,17.967],[110.505,17.836],[110.244,17.836],[110.113,17.705],[109.589,17.705],[109.458,17.836],[109.327,17.836],[109.065,17.967],[109.065,18.753],[109.196,18.884],[109.327,18.884],[109.589,19.145],[109.72,19.145],[109.589,19.145],[109.589,19.276],[109.72,19.276],[109.72,19.407],[109.851,19.276],[109.982,19.407],[110.505,19.407],[110.636,19.538],[110.767,19.538],[110.767,19.407],[110.767,19.538],[110.898,19.538],[111.029,19.407],[111.029,19.538],[111.16,19.538],[111.291,19.407]]],[[[110.767,20.585],[110.898,20.455],[110.898,20.585],[111.029,20.455],[110.636,20.455],[110.767,20.455],[110.767,20.585]]],[[[113.255,21.109],[113.255,20.978],[113.124,21.109],[113.124,21.24],[113.255,21.24],[113.255,21.109]]],[[[114.04,22.287],[114.04,22.156],[113.909,22.287],[113.778,22.287],[114.04,22.287]]],[[[118.622,23.989],[118.622,23.858],[118.491,23.858],[118.491,23.989],[118.622,23.989]]],[[[120.193,24.905],[120.062,24.905],[120.193,25.036],[120.062,25.036],[120.324,25.036],[120.193,24.905]]],[[[121.633,27.524],[121.502,27.524],[121.633,27.655],[121.633,27.524]]],[[[122.549,29.095],[122.549,29.225],[122.418,29.225],[122.549,29.225],[122.549,29.095]]],[[[122.68,29.356],[122.549,29.487],[122.418,29.487],[122.418,29.618],[122.549,29.618],[122.68,29.487],[122.811,29.487],[122.68,29.356]]],[[[122.287,30.927],[121.764,31.058],[121.633,31.189],[121.895,31.189],[122.025,31.058],[122.287,31.058],[122.287,30.927]]],[[[123.858,52.92],[123.989,52.92],[123.989,53.051],[124.382,52.789],[124.775,52.789],[124.775,52.658],[125.036,52.658],[125.298,52.527],[125.298,52.658],[125.691,52.658],[125.822,52.527],[126.084,52.527],[126.084,52.396],[126.215,52.396],[126.345,52.265],[126.476,52.265],[126.476,52.004],[126.607,52.004],[126.607,51.873],[126.738,51.873],[126.738,51.742],[126.869,51.742],[126.869,51.48],[127.131,51.218],[127.131,50.956],[127.262,50.956],[127.262,50.695],[127.393,50.564],[127.393,50.433],[127.785,50.171],[127.785,49.778],[128.047,49.647],[127.916,49.516],[127.916,49.255],[128.047,49.255],[128.44,48.993],[129.225,48.993],[129.225,48.862],[129.88,48.862],[130.011,48.731],[130.142,48.731],[130.404,48.469],[130.665,48.338],[130.927,48.338],[131.058,48.207],[130.927,48.076],[131.058,48.076],[131.058,47.945],[131.189,47.815],[131.189,47.422],[131.32,47.422],[131.32,47.16],[133.022,47.16],[133.022,47.291],[133.153,47.422],[133.284,47.422],[133.415,47.553],[133.938,47.553],[134.069,47.684],[134.331,47.684],[134.593,47.815],[134.985,47.815],[135.116,47.684],[135.116,47.553],[134.985,47.553],[134.985,47.422],[135.116,47.291],[135.116,47.029],[134.985,47.029],[134.985,46.898],[134.724,46.898],[134.724,46.767],[134.593,46.767],[134.593,46.505],[134.462,46.375],[134.462,46.113],[134.331,46.113],[134.331,45.72],[134.2,45.72],[134.2,45.589],[134.069,45.589],[134.2,45.458],[134.069,45.458],[134.069,45.327],[133.938,45.327],[133.938,45.065],[133.807,45.065],[133.545,44.804],[133.545,44.542],[133.415,44.542],[133.415,44.411],[133.284,44.542],[132.76,44.542],[132.629,44.673],[132.367,44.673],[132.236,44.804],[131.975,44.542],[131.975,44.411],[131.451,44.411],[131.451,44.018],[131.582,43.887],[131.713,43.495],[131.582,43.495],[131.582,42.971],[131.713,42.971],[131.713,42.84],[131.582,42.709],[131.582,42.447],[131.451,42.447],[131.451,42.316],[131.058,42.316],[130.927,42.185],[130.796,42.185],[130.927,42.185],[130.927,42.055],[131.058,42.055],[130.927,41.924],[130.927,42.055],[130.796,42.055],[130.665,42.185],[130.665,42.316],[130.535,42.316],[130.535,42.447],[130.273,42.447],[130.273,42.316],[130.142,42.185],[130.142,41.924],[130.011,41.924],[130.011,41.793],[129.88,41.793],[129.88,41.924],[129.749,41.924],[129.749,41.793],[129.618,41.793],[129.618,41.662],[129.487,41.531],[129.225,41.531],[129.095,41.4],[128.833,41.4],[128.702,41.531],[128.571,41.4],[128.44,41.4],[128.44,41.269],[128.571,41.269],[128.571,41.138],[128.702,41.138],[128.702,41.007],[128.571,40.876],[127.785,40.876],[127.655,41.007],[127.524,41.007],[127.524,41.138],[127.393,41.138],[127.393,41.269],[127.262,41.138],[127.0,41.138],[127.0,40.876],[126.607,40.484],[126.476,40.484],[126.476,40.353],[126.215,40.353],[125.822,40.091],[125.56,40.091],[125.56,39.96],[125.298,39.96],[125.167,39.829],[125.167,39.698],[124.905,39.567],[124.775,39.567],[124.775,39.436],[124.644,39.305],[123.989,39.305],[123.989,39.175],[123.465,39.175],[122.68,38.651],[122.549,38.651],[122.418,38.52],[122.287,38.52],[122.287,38.389],[122.025,38.389],[122.156,38.389],[122.025,38.258],[121.633,38.258],[121.633,38.127],[121.502,38.258],[121.502,38.389],[122.156,38.52],[122.025,38.651],[122.156,38.782],[122.287,38.782],[121.764,38.782],[121.764,38.913],[121.633,39.044],[121.895,39.044],[121.895,39.305],[122.287,39.436],[122.68,39.829],[122.68,39.96],[122.287,40.222],[122.287,40.353],[122.156,40.353],[122.025,40.222],[122.025,40.353],[121.633,40.353],[121.502,40.222],[121.371,40.222],[121.371,40.091],[121.24,40.091],[120.847,39.698],[119.8,39.175],[119.8,39.044],[119.669,39.044],[119.669,38.913],[119.407,38.651],[119.015,38.651],[118.884,38.52],[118.753,38.52],[118.622,38.651],[118.229,38.651],[118.229,38.52],[117.967,38.127],[118.098,37.865],[118.491,37.604],[119.276,37.604],[119.407,37.473],[119.407,37.211],[119.538,37.211],[119.538,37.08],[119.407,37.08],[119.407,36.687],[119.538,36.687],[119.669,36.556],[120.193,36.556],[120.324,36.687],[120.324,36.818],[121.24,37.342],[121.633,37.08],[121.764,37.08],[121.895,36.949],[122.549,36.949],[122.811,36.818],[123.073,36.818],[122.942,36.818],[123.073,36.687],[122.942,36.556],[122.811,36.556],[122.942,36.425],[122.942,36.295],[122.68,36.295],[122.68,36.425],[122.418,36.425],[121.895,36.164],[121.633,36.164],[121.502,36.033],[121.24,36.033],[121.371,36.033],[121.371,35.902],[121.109,35.902],[121.109,35.509],[120.716,35.509],[120.716,35.64],[120.585,35.64],[120.455,35.509],[120.716,35.509],[120.716,35.378],[120.585,35.378],[120.324,35.116],[120.193,35.116],[120.193,34.985],[119.8,34.724],[119.8,34.593],[119.538,34.331],[119.669,34.2],[119.8,34.2],[120.062,34.069],[120.193,33.938],[120.455,33.938],[120.716,33.676],[120.847,33.284],[120.978,33.153],[120.978,32.891],[121.371,32.236],[121.24,32.236],[121.24,32.105],[121.371,31.975],[121.764,31.844],[121.895,31.713],[121.895,31.582],[122.287,31.32],[122.287,31.189],[121.764,31.32],[121.371,31.32],[121.109,31.582],[120.455,31.451],[120.455,31.32],[120.585,31.32],[120.716,31.451],[121.109,31.451],[121.371,31.189],[121.502,31.189],[122.287,30.535],[122.287,30.404],[122.156,30.273],[121.895,30.273],[121.764,30.142],[121.371,30.011],[121.371,29.88],[121.24,29.749],[121.109,29.88],[120.847,29.88],[120.716,29.749],[120.585,29.749],[120.978,29.749],[121.109,29.618],[121.371,29.618],[121.633,29.749],[121.764,29.749],[122.287,29.356],[122.549,29.356],[122.287,29.225],[122.156,28.964],[121.895,28.964],[122.156,28.964],[122.287,29.095],[122.418,29.095],[122.287,28.571],[122.156,28.702],[121.895,28.702],[121.895,28.571],[122.025,28.44],[122.156,28.44],[122.025,28.309],[122.025,28.44],[122.025,28.178],[121.895,28.178],[121.895,28.047],[122.025,27.916],[122.025,27.785],[121.895,27.785],[121.764,27.655],[121.633,27.655],[121.633,27.785],[121.502,27.785],[121.502,27.655],[121.371,27.524],[121.371,27.393],[121.109,27.393],[121.24,27.393],[120.978,27.0],[121.109,26.869],[120.978,26.869],[120.978,26.738],[120.847,26.738],[120.847,26.607],[120.585,26.345],[120.585,26.215],[120.455,26.084],[120.324,26.084],[120.193,26.215],[120.193,26.345],[120.193,26.215],[120.062,26.215],[120.062,26.084],[120.193,26.084],[120.193,25.953],[120.324,25.822],[119.931,25.56],[119.538,25.56],[119.669,25.429],[120.062,25.429],[120.062,25.298],[119.931,25.167],[119.931,25.036],[120.062,24.905],[120.062,24.775],[119.931,24.905],[119.538,24.905],[119.538,24.775],[119.669,24.775],[119.669,24.644],[119.407,24.644],[119.276,24.513],[119.407,24.513],[119.276,24.382],[119.145,24.251],[119.015,24.251],[119.145,24.251],[119.145,24.12],[119.015,23.989],[118.753,23.989],[118.622,24.12],[118.491,24.12],[118.491,23.989],[118.36,23.858],[118.229,23.858],[118.491,23.858],[118.491,23.727],[118.098,23.335],[117.836,23.335],[117.836,23.073],[117.705,23.204],[117.705,23.073],[117.313,23.073],[117.313,22.942],[117.182,22.811],[117.051,22.811],[117.182,22.68],[116.92,22.68],[116.92,22.418],[116.658,22.418],[116.527,22.287],[116.004,22.287],[116.004,22.156],[115.742,22.156],[115.611,22.287],[115.48,22.287],[115.48,22.156],[115.349,22.156],[115.349,22.025],[115.218,22.025],[115.087,22.156],[114.956,22.156],[114.956,22.025],[114.433,22.025],[114.433,21.895],[114.04,22.287],[114.04,22.549],[113.909,22.549],[113.909,22.418],[113.778,22.418],[113.778,22.287],[113.909,22.287],[113.909,22.156],[114.04,22.025],[114.04,21.633],[113.778,21.633],[113.647,21.502],[113.516,21.502],[113.516,21.633],[113.385,21.502],[113.385,21.371],[113.124,21.371],[113.124,21.24],[112.862,21.24],[112.862,21.371],[112.731,21.371],[112.862,21.371],[112.862,21.24],[112.338,21.24],[112.338,21.109],[112.076,21.109],[112.076,20.978],[111.422,20.978],[111.422,20.847],[111.16,20.847],[111.029,20.716],[110.767,20.716],[110.767,20.585],[110.636,20.455],[110.636,20.324],[110.767,20.324],[110.767,20.062],[110.898,19.931],[110.898,19.8],[110.767,19.8],[110.505,19.669],[110.375,19.8],[110.244,19.8],[110.375,19.8],[110.375,19.931],[110.244,19.931],[110.244,20.193],[110.113,20.324],[110.113,20.585],[110.375,20.847],[110.375,20.978],[110.113,20.978],[109.982,21.109],[109.982,20.978],[109.851,20.978],[109.72,20.847],[109.458,20.847],[109.458,20.978],[109.589,20.978],[109.458,21.109],[109.065,21.109],[109.065,21.371],[108.935,21.371],[108.935,21.109],[108.673,21.109],[108.673,20.978],[108.28,20.978],[108.28,21.109],[108.018,21.109],[107.887,20.978],[107.887,21.109],[107.625,21.109],[107.495,21.24],[107.495,21.371],[107.233,21.371],[107.102,21.502],[107.102,21.371],[107.102,21.764],[106.971,21.764],[106.971,22.025],[107.102,22.025],[107.102,22.156],[107.233,22.287],[106.709,22.287],[106.578,22.418],[106.055,22.418],[105.793,22.811],[105.662,22.811],[105.662,22.68],[105.4,22.68],[105.4,22.549],[105.269,22.549],[105.269,22.418],[105.138,22.287],[105.007,22.287],[104.745,22.156],[104.615,22.156],[104.615,22.287],[104.353,22.025],[104.091,22.156],[104.091,22.287],[103.96,22.156],[103.96,22.025],[103.829,22.156],[103.698,22.156],[103.436,21.895],[103.305,21.895],[103.305,22.025],[103.175,22.156],[102.782,22.156],[102.782,22.025],[102.52,21.764],[102.52,21.895],[102.127,21.895],[101.996,21.764],[101.996,21.371],[102.127,21.371],[102.127,20.716],[102.258,20.716],[102.258,20.585],[101.996,20.585],[101.996,20.716],[101.865,20.716],[101.735,20.585],[101.604,20.716],[101.604,21.24],[101.473,21.24],[101.211,21.109],[100.949,20.847],[100.818,20.978],[100.687,20.847],[100.556,20.978],[100.556,21.109],[100.425,21.109],[100.425,21.24],[100.295,21.24],[100.425,21.371],[100.295,21.502],[99.64,21.502],[99.64,21.764],[99.771,21.895],[99.771,22.287],[99.902,22.418],[99.902,22.549],[99.509,22.549],[99.247,22.68],[99.247,23.204],[99.116,23.204],[99.116,23.465],[99.247,23.596],[98.985,23.465],[98.985,23.596],[98.593,23.596],[98.462,23.465],[98.2,23.465],[98.2,23.335],[97.938,23.335],[97.938,23.465],[98.069,23.596],[98.069,23.858],[97.938,23.858],[97.938,24.12],[98.069,24.251],[98.2,24.251],[98.2,24.644],[98.331,24.644],[98.593,25.036],[98.724,25.036],[98.985,25.298],[99.116,25.298],[98.985,25.429],[98.985,25.56],[99.116,25.56],[99.116,27.0],[98.985,27.0],[98.985,27.131],[98.855,27.131],[98.855,27.0],[98.724,27.0],[98.593,27.524],[98.462,27.524],[98.462,27.655],[98.331,27.785],[98.2,27.785],[98.069,27.916],[97.938,27.916],[97.807,27.785],[97.807,27.655],[97.676,27.655],[97.545,27.785],[97.153,27.785],[97.022,27.916],[96.891,27.785],[96.76,27.785],[96.76,28.047],[97.022,28.178],[97.022,28.309],[96.891,28.44],[96.76,28.44],[96.629,28.309],[96.498,28.309],[96.629,28.44],[96.498,28.571],[96.76,28.571],[96.76,28.702],[96.629,28.702],[96.498,28.833],[95.975,28.702],[95.975,28.571],[95.844,28.571],[95.844,28.44],[95.713,28.44],[95.582,28.571],[95.189,28.571],[95.189,28.702],[94.927,28.702],[94.665,28.571],[94.665,28.44],[94.404,28.44],[94.404,28.309],[94.273,28.309],[94.142,28.178],[93.618,28.047],[93.618,27.916],[93.356,27.655],[93.095,27.655],[93.095,27.393],[92.964,27.262],[92.571,27.262],[92.44,27.131],[92.309,27.131],[92.178,27.262],[92.047,27.262],[92.047,27.393],[91.916,27.393],[91.785,27.524],[91.524,27.524],[91.524,27.393],[91.393,27.393],[91.393,27.524],[90.738,27.524],[90.738,27.655],[90.607,27.785],[90.345,27.785],[90.215,27.655],[90.084,27.655],[89.691,27.262],[89.56,27.131],[89.56,27.0],[89.429,27.0],[89.429,26.869],[89.298,26.738],[89.298,26.869],[89.167,26.869],[89.167,27.0],[89.298,27.262],[89.298,27.393],[89.167,27.393],[89.167,27.524],[88.905,27.524],[88.905,27.393],[88.513,27.393],[88.513,27.262],[88.382,27.393],[88.251,27.393],[88.12,27.262],[87.596,27.262],[87.465,27.393],[87.204,27.393],[87.204,27.524],[86.942,27.524],[86.942,27.393],[86.811,27.393],[86.68,27.524],[86.549,27.524],[86.549,27.393],[86.287,27.393],[86.287,27.524],[86.156,27.655],[86.156,27.785],[85.895,27.655],[85.633,27.785],[85.502,27.785],[85.502,27.916],[85.633,28.047],[85.109,28.047],[84.847,28.178],[84.847,28.309],[84.716,28.309],[84.585,28.44],[84.585,28.702],[84.193,28.702],[84.062,28.571],[83.538,29.095],[83.276,29.095],[82.622,29.487],[82.622,29.618],[82.491,29.749],[82.229,29.749],[82.098,29.88],[81.836,29.749],[81.705,29.487],[81.444,29.487],[81.444,29.618],[81.313,29.749],[81.182,29.749],[81.051,29.88],[80.92,29.88],[80.789,30.011],[80.658,30.011],[80.658,30.142],[80.527,30.273],[80.396,30.273],[80.265,30.404],[79.873,30.404],[79.873,30.535],[79.742,30.535],[79.611,30.665],[79.48,30.796],[79.48,30.927],[79.48,30.796],[79.218,30.796],[79.218,30.927],[79.087,30.927],[79.218,31.058],[79.087,31.189],[79.087,31.32],[79.218,31.451],[79.087,31.451],[78.956,31.713],[78.825,31.713],[78.825,31.975],[79.087,31.975],[79.087,32.105],[79.218,31.975],[79.218,31.844],[79.48,31.844],[79.611,31.975],[79.611,32.498],[79.48,32.498],[79.611,32.498],[79.611,32.629],[79.48,32.629],[79.48,32.76],[79.349,32.76],[79.349,32.891],[79.218,32.891],[79.218,33.284],[79.087,33.415],[79.349,33.676],[79.349,33.807],[79.218,33.938],[78.956,33.938],[78.695,34.069],[78.695,34.2],[78.564,34.331],[78.564,34.593],[78.433,34.724],[78.433,34.985],[78.433,34.855],[78.302,34.855],[78.302,34.985],[78.171,34.985],[78.04,34.855],[77.909,34.855],[77.778,34.985],[77.516,34.985],[77.255,35.116],[76.993,35.116],[76.993,35.378],[76.862,35.247],[76.6,35.247],[76.338,35.509],[76.338,36.033],[76.207,36.033],[76.207,36.164],[75.815,36.164],[75.815,36.295],[75.553,36.425],[74.898,36.425],[74.898,36.556],[74.767,36.556],[75.029,36.687],[75.422,36.687],[75.553,36.818],[75.553,36.949],[75.422,36.949],[75.291,37.08],[75.422,37.211],[75.291,37.211],[75.291,37.473],[75.16,37.604],[75.16,37.735],[75.291,37.865],[75.16,37.996],[74.898,37.996],[74.767,38.127],[74.505,38.127],[74.505,37.996],[74.244,37.996],[74.244,38.127],[74.113,38.258],[74.113,38.389],[74.244,38.389],[73.982,38.651],[74.113,38.782],[74.113,38.913],[74.244,38.913],[74.375,39.044],[74.244,39.175],[74.244,39.305],[74.375,39.305],[74.375,39.436],[74.505,39.567],[74.898,39.567],[75.029,39.698],[75.16,39.698],[75.16,39.829],[75.291,39.829],[75.291,39.96],[75.422,39.829],[75.553,39.96],[75.684,39.96],[75.945,40.091],[76.076,39.96],[76.076,39.698],[76.338,39.698],[76.469,39.829],[76.862,39.829],[76.993,39.96],[76.993,40.091],[77.255,40.484],[78.564,40.484],[78.825,40.745],[78.825,40.876],[78.956,40.876],[79.611,41.138],[79.742,41.269],[79.873,41.269],[80.135,41.4],[80.396,41.4],[80.658,41.531],[80.658,41.924],[80.527,42.055],[80.789,42.316],[80.92,42.316],[80.789,42.447],[80.92,42.578],[81.182,42.578],[81.182,42.709],[81.051,42.709],[81.051,42.84],[81.182,42.84],[81.051,42.971],[81.051,43.102],[80.92,43.364],[80.789,43.495],[80.789,44.149],[80.92,44.149],[80.789,44.149],[80.658,44.28],[80.265,44.28],[80.658,44.542],[81.313,44.542],[81.444,44.673],[81.705,44.673],[81.967,44.804],[82.229,44.804],[82.229,44.673],[82.36,44.542],[82.491,44.673],[82.753,44.673],[82.884,44.542],[83.015,44.542],[83.015,44.935],[82.753,44.935],[82.753,45.065],[82.884,45.196],[82.884,45.458],[83.015,45.589],[83.407,46.375],[83.407,46.636],[83.669,46.636],[83.931,46.505],[84.193,46.505],[84.455,46.375],[85.109,46.375],[85.109,46.244],[85.24,46.244],[85.633,46.505],[85.895,46.505],[86.156,46.767],[86.025,46.898],[86.025,47.16],[85.895,47.422],[86.025,47.553],[86.025,47.684],[86.156,47.815],[86.418,47.815],[86.68,47.945],[86.942,47.945],[87.073,48.076],[87.204,48.076],[87.204,48.469],[87.335,48.469],[87.335,48.6],[87.596,48.6],[87.727,48.469],[87.858,48.469],[87.858,48.6],[88.251,48.6],[88.251,48.338],[88.12,48.338],[88.251,48.338],[88.251,48.207],[88.513,48.207],[88.513,48.076],[88.382,48.076],[88.382,47.945],[88.775,47.945],[88.775,47.815],[89.036,47.815],[89.036,47.684],[89.167,47.553],[89.429,47.553],[89.429,47.422],[89.953,47.422],[90.084,47.291],[90.476,47.291],[90.476,47.16],[90.738,47.16],[90.738,47.029],[90.869,47.029],[90.869,46.767],[91.262,46.375],[91.393,46.375],[91.393,45.982],[91.524,45.982],[91.393,45.851],[91.393,45.458],[91.131,45.196],[91.131,44.804],[91.262,44.673],[91.524,44.673],[91.655,44.542],[92.571,44.542],[92.833,44.411],[92.964,44.411],[93.225,44.542],[93.356,44.411],[93.88,44.411],[94.273,44.149],[94.665,44.149],[94.927,43.887],[95.189,43.756],[95.844,43.756],[95.713,43.625],[95.713,43.495],[95.844,43.495],[95.975,43.364],[95.975,43.233],[96.236,42.84],[96.236,42.709],[96.367,42.709],[96.76,42.316],[96.76,42.185],[98.724,42.185],[99.116,42.055],[100.164,42.055],[100.425,42.185],[100.556,42.055],[101.473,42.055],[101.735,41.924],[102.127,41.924],[102.389,41.662],[103.175,41.531],[103.436,41.4],[103.698,41.4],[104.091,41.138],[104.484,41.269],[104.876,41.269],[104.876,41.138],[105.269,41.138],[105.4,41.007],[105.531,41.007],[105.531,41.138],[105.662,41.138],[105.793,41.269],[106.055,41.269],[106.971,41.662],[107.102,41.662],[107.233,41.793],[108.28,41.793],[108.542,41.924],[109.982,41.924],[110.113,42.055],[110.505,42.055],[110.636,42.185],[110.767,42.185],[111.16,42.578],[111.291,42.578],[111.291,42.709],[111.422,42.84],[111.553,42.84],[111.815,42.971],[112.076,42.971],[112.207,43.102],[112.338,43.102],[112.338,43.364],[112.207,43.364],[111.945,43.625],[111.945,43.756],[111.815,43.756],[111.815,43.887],[111.945,44.018],[111.945,44.149],[112.338,44.542],[112.862,44.542],[112.862,44.411],[112.993,44.411],[113.124,44.28],[113.778,44.28],[113.909,44.149],[114.04,44.149],[114.171,44.28],[114.302,44.28],[114.302,44.411],[114.564,44.411],[114.564,44.542],[114.695,44.542],[114.825,44.673],[114.956,44.673],[114.956,44.804],[115.873,44.804],[116.004,44.935],[116.265,44.935],[116.396,45.065],[116.527,45.065],[116.658,45.196],[116.658,45.458],[116.789,45.589],[116.92,45.589],[117.182,45.851],[117.836,45.851],[117.836,45.982],[118.229,45.982],[118.36,46.113],[119.145,46.113],[119.276,46.244],[119.407,46.244],[119.407,46.113],[120.324,46.113],[120.324,46.375],[120.193,46.375],[120.193,46.636],[119.931,46.636],[119.8,46.767],[119.8,46.898],[119.669,46.898],[119.538,47.029],[119.538,47.16],[119.145,47.16],[119.145,47.291],[119.015,47.422],[118.229,47.422],[117.836,47.16],[117.575,47.16],[117.444,47.291],[116.527,47.291],[116.396,47.16],[116.265,47.16],[116.135,47.291],[116.004,47.291],[116.004,47.684],[116.265,47.684],[116.265,48.076],[116.396,48.076],[116.396,48.338],[116.527,48.338],[116.527,48.469],[116.789,48.862],[117.051,49.124],[117.051,49.255],[117.313,49.124],[117.705,49.124],[117.967,48.993],[118.36,48.993],[119.145,49.385],[119.407,49.385],[119.8,49.647],[119.8,49.778],[119.669,49.778],[119.538,49.909],[119.669,49.909],[119.669,50.04],[119.8,50.04],[119.931,50.171],[119.931,50.302],[120.193,50.564],[120.193,50.695],[120.455,50.825],[120.455,51.087],[120.978,51.349],[121.109,51.48],[121.24,51.48],[121.109,51.611],[121.109,52.004],[120.978,52.004],[120.847,52.135],[120.585,52.004],[120.455,52.135],[120.455,52.265],[120.585,52.265],[120.847,52.396],[121.109,52.658],[121.371,52.789],[122.156,52.789],[122.549,52.92],[123.335,52.92],[123.596,53.051],[123.727,53.051],[123.858,52.92]]]]}},{"type":"Feature","properties":{"iso3":"CIV","name":"C\u00f4te d\u2019Ivoire"},"geometry":{"type":"MultiPolygon","coordinates":[[[[-2.469,4.615],[-2.6,4.484],[-2.731,4.615],[-2.469,4.615]]],[[[-5.611,9.982],[-5.742,9.982],[-5.611,9.982],[-5.611,9.72],[-5.742,9.72],[-5.611,9.72],[-5.611,9.589],[-5.48,9.589],[-5.48,9.72],[-5.349,9.72],[-5.349,9.851],[-4.956,9.851],[-4.825,9.72],[-4.564,9.72],[-4.433,9.589],[-4.433,9.327],[-4.302,9.327],[-4.171,9.196],[-3.909,9.196],[-3.909,9.065],[-3.778,9.065],[-3.385,9.327],[-2.6,9.327],[-2.6,9.196],[-2.469,9.196],[-2.338,9.065],[-2.338,8.935],[-2.207,8.935],[-2.207,8.804],[-2.207,8.935],[-2.076,8.935],[-2.207,8.804],[-2.076,8.673],[-2.207,8.542],[-2.076,8.411],[-1.945,7.887],[-1.945,7.625],[-2.076,7.625],[-2.076,7.495],[-2.338,7.233],[-2.338,6.84],[-2.469,6.709],[-2.469,6.578],[-2.731,6.185],[-2.731,5.924],[-2.6,5.793],[-2.6,5.531],[-2.469,5.4],[-2.469,5.138],[-2.207,5.007],[-2.207,4.615],[-2.6,4.615],[-2.6,4.745],[-2.731,4.745],[-2.731,4.615],[-3.255,4.615],[-3.385,4.745],[-4.04,4.745],[-4.04,4.615],[-3.516,4.745],[-3.516,4.615],[-4.825,4.615],[-4.564,4.615],[-4.956,4.484],[-5.349,4.484],[-5.48,4.353],[-6.396,4.091],[-6.527,3.96],[-7.051,3.829],[-7.051,4.484],[-6.92,4.615],[-6.92,5.007],[-6.789,5.007],[-6.92,5.138],[-6.92,5.269],[-7.051,5.4],[-7.182,5.4],[-7.182,5.531],[-7.313,5.531],[-7.313,5.662],[-7.444,5.793],[-7.836,5.793],[-7.836,5.924],[-8.098,5.924],[-7.705,6.316],[-7.705,6.578],[-7.836,6.84],[-7.836,6.971],[-7.967,6.971],[-7.836,7.102],[-7.836,6.971],[-7.705,6.971],[-7.575,7.233],[-7.575,7.364],[-7.444,7.495],[-7.444,7.625],[-7.705,7.625],[-7.705,7.887],[-7.182,7.887],[-7.182,7.756],[-7.182,8.149],[-7.444,8.28],[-7.444,8.411],[-7.313,8.411],[-7.182,8.542],[-7.313,8.542],[-7.313,8.804],[-7.444,8.804],[-7.575,8.935],[-7.575,9.458],[-7.444,9.589],[-7.313,9.589],[-7.313,9.72],[-7.182,9.851],[-6.92,9.851],[-6.92,9.72],[-6.658,9.72],[-6.527,9.589],[-6.396,9.589],[-6.396,9.851],[-6.135,9.851],[-6.135,10.113],[-6.004,9.982],[-5.873,9.982],[-5.873,10.113],[-5.742,10.113],[-5.611,9.982]]]]}},{"type":"Feature","properties":{"iso3":"CMR","name":"Cameroon"},"geometry":{"type":"MultiPolygon","coordinates":[[[[15.858,6.971],[15.858,6.84],[15.727,6.709],[15.596,6.709],[15.596,6.447],[15.465,6.316],[15.465,6.185],[15.204,5.793],[15.204,5.662],[14.942,5.662],[14.942,5.531],[14.811,5.531],[15.073,5.269],[15.073,4.876],[14.942,4.745],[15.073,4.615],[15.073,4.091],[15.204,4.091],[15.204,3.96],[15.335,3.96],[15.465,3.829],[15.465,3.567],[15.596,3.567],[15.596,3.436],[15.465,3.436],[15.727,3.175],[15.727,3.044],[16.251,2.52],[16.382,2.52],[16.382,2.389],[16.513,2.389],[16.513,1.865],[16.644,1.735],[16.644,1.604],[16.513,1.604],[16.513,1.08],[16.12,1.342],[15.727,1.342],[15.727,1.473],[15.204,1.473],[15.204,1.604],[13.633,1.604],[13.633,1.735],[11.8,1.735],[11.8,1.604],[10.491,1.604],[10.36,1.735],[10.36,2.127],[10.491,2.389],[10.491,2.782],[10.229,3.044],[10.36,3.044],[10.229,3.044],[10.229,3.175],[10.098,3.305],[10.36,3.305],[10.229,3.305],[10.229,3.567],[10.098,3.436],[10.098,3.567],[10.098,3.436],[9.967,3.436],[9.967,3.305],[9.836,3.436],[9.705,3.436],[9.575,3.567],[9.575,3.698],[9.444,3.698],[9.444,3.96],[9.313,3.96],[9.313,4.091],[9.182,4.091],[9.182,3.96],[9.051,3.96],[9.051,4.091],[9.182,4.222],[9.051,4.222],[9.182,4.222],[9.182,4.353],[9.313,4.484],[9.313,4.615],[9.444,4.876],[9.444,5.269],[10.098,5.924],[10.229,5.924],[10.229,6.055],[10.36,6.185],[10.491,6.185],[10.491,6.316],[10.622,6.447],[10.622,6.316],[10.884,6.316],[11.015,6.447],[11.145,6.447],[11.407,6.185],[11.538,5.924],[11.8,5.924],[11.931,6.055],[11.931,6.316],[12.062,6.316],[12.062,6.447],[12.193,6.447],[12.324,6.578],[12.193,6.709],[12.193,6.84],[12.324,6.84],[12.455,6.971],[12.455,7.233],[12.716,7.625],[12.716,7.887],[12.847,8.018],[12.978,8.018],[13.24,8.28],[13.24,8.804],[13.371,8.935],[13.633,8.935],[13.633,9.458],[13.895,9.589],[13.895,9.851],[14.287,10.636],[14.549,10.636],[14.811,10.898],[14.942,10.898],[14.942,11.16],[15.073,11.291],[15.073,11.684],[14.942,11.684],[14.811,11.815],[14.68,11.815],[14.549,11.945],[14.549,12.469],[14.942,12.469],[14.942,12.207],[15.073,12.207],[15.335,11.945],[15.335,11.553],[15.465,11.291],[15.465,11.029],[15.596,11.029],[15.465,10.767],[15.465,10.244],[15.596,10.113],[15.596,9.982],[16.12,9.458],[15.465,9.458],[15.204,9.327],[15.073,9.458],[14.68,9.458],[14.418,9.196],[14.418,9.065],[14.549,8.935],[14.549,8.804],[14.68,8.673],[14.811,8.673],[14.942,8.411],[15.204,8.28],[15.335,8.28],[15.335,8.149],[15.596,8.018],[15.727,7.756],[15.727,7.495],[15.858,7.233],[15.989,7.233],[15.989,7.102],[15.858,6.971]]]]}},{"type":"Feature","properties":{"iso3":"COD","name":"Congo (Kinshasa)"},"geometry":{"type":"MultiPolygon","coordinates":[[[[27.771,4.615],[27.902,4.484],[27.902,4.353],[28.033,4.353],[28.164,4.222],[28.164,4.091],[28.295,4.091],[28.295,3.96],[28.425,3.96],[28.818,3.698],[28.818,3.829],[28.949,3.829],[29.08,3.96],[29.342,3.96],[29.473,3.829],[29.604,3.829],[29.865,3.96],[29.865,4.091],[30.127,4.091],[30.258,3.96],[30.258,3.829],[30.389,3.698],[30.389,3.567],[30.782,3.305],[30.913,3.305],[30.913,3.175],[31.044,3.175],[31.044,3.044],[31.175,3.044],[31.305,2.913],[31.305,2.782],[31.175,2.651],[31.175,2.389],[31.305,2.389],[31.305,2.258],[31.175,2.127],[31.175,1.865],[31.436,1.865],[31.436,1.735],[31.567,1.735],[31.698,1.604],[31.698,1.473],[31.567,1.342],[30.913,0.687],[30.782,0.687],[30.52,0.295],[30.389,0.295],[30.389,-0.098],[30.258,-0.098],[30.258,-0.36],[30.127,-0.36],[29.996,-0.884],[30.127,-1.015],[29.996,-1.145],[29.996,-1.8],[29.865,-1.931],[29.735,-1.931],[29.735,-2.062],[29.604,-2.193],[29.604,-2.585],[29.342,-2.847],[29.342,-3.109],[29.473,-3.109],[29.473,-3.24],[29.604,-3.371],[29.604,-4.287],[29.865,-4.68],[29.865,-4.942],[29.735,-5.073],[29.735,-5.465],[29.865,-5.596],[29.865,-5.858],[29.996,-5.989],[29.996,-6.251],[29.865,-6.382],[29.865,-6.513],[29.996,-6.644],[29.996,-6.775],[30.127,-7.036],[30.258,-7.167],[30.389,-7.167],[30.651,-7.429],[30.782,-7.691],[30.782,-7.822],[31.044,-8.215],[31.044,-8.345],[31.175,-8.476],[31.175,-8.607],[31.044,-8.607],[30.782,-8.738],[30.127,-8.738],[29.865,-8.869],[29.342,-8.869],[29.342,-9.262],[29.211,-9.262],[29.211,-9.393],[29.08,-9.393],[29.08,-9.524],[28.949,-9.655],[28.818,-9.655],[29.08,-10.047],[29.08,-11.095],[28.949,-11.225],[28.949,-11.487],[28.818,-11.749],[28.818,-12.142],[29.473,-12.796],[29.865,-12.796],[29.865,-12.665],[30.127,-12.665],[30.127,-12.535],[30.258,-12.535],[30.258,-13.844],[30.127,-13.844],[29.996,-13.713],[29.865,-13.713],[29.735,-13.844],[29.473,-13.844],[29.342,-13.713],[29.342,-13.582],[29.211,-13.451],[29.211,-13.32],[28.949,-13.32],[28.949,-13.058],[28.818,-13.058],[28.818,-12.927],[28.687,-12.796],[28.556,-12.796],[28.295,-12.665],[27.902,-12.665],[27.902,-12.404],[27.64,-12.273],[27.64,-12.011],[27.509,-12.011],[27.509,-12.142],[27.378,-12.273],[27.378,-12.404],[26.724,-12.404],[26.069,-12.142],[25.807,-12.142],[25.807,-12.011],[25.676,-11.88],[25.676,-11.749],[25.807,-11.618],[25.545,-11.618],[25.545,-11.749],[25.153,-11.749],[24.891,-11.88],[24.76,-11.88],[24.76,-11.487],[24.498,-11.487],[24.498,-11.356],[24.367,-11.356],[24.236,-11.487],[24.105,-11.487],[23.975,-11.356],[23.844,-11.356],[23.582,-11.487],[22.927,-11.487],[22.796,-11.618],[22.665,-11.618],[22.665,-11.225],[22.796,-11.095],[22.665,-10.964],[22.665,-10.44],[22.273,-10.047],[22.273,-8.476],[22.142,-8.345],[22.273,-8.084],[22.273,-7.691],[20.964,-7.691],[20.964,-7.298],[20.571,-7.429],[20.047,-7.429],[19.916,-7.56],[19.916,-7.953],[19.785,-7.953],[19.785,-8.345],[19.524,-8.476],[19.262,-8.476],[19.131,-8.345],[18.869,-8.345],[18.738,-8.476],[17.953,-8.476],[17.822,-8.345],[17.56,-7.822],[17.429,-7.822],[17.429,-7.429],[17.167,-7.036],[17.167,-6.644],[16.775,-6.251],[15.073,-6.251],[14.811,-6.382],[14.68,-6.251],[13.24,-6.251],[13.109,-6.382],[12.716,-6.382],[12.716,-6.251],[12.585,-6.12],[12.978,-6.12],[12.978,-5.596],[12.847,-5.465],[12.978,-5.465],[13.371,-5.073],[13.633,-5.073],[13.764,-5.204],[14.025,-5.204],[14.156,-5.073],[14.156,-4.811],[14.287,-4.942],[14.418,-4.942],[14.418,-4.811],[14.68,-4.811],[14.68,-4.68],[14.811,-4.68],[14.811,-5.335],[15.204,-5.335],[15.335,-5.073],[15.596,-4.942],[15.727,-4.68],[15.858,-4.68],[15.858,-4.549],[15.989,-4.549],[15.989,-4.418],[16.251,-4.418],[16.644,-3.633],[16.644,-2.585],[16.905,-2.324],[17.167,-1.8],[17.298,-1.669],[17.429,-1.538],[17.56,-1.538],[17.953,-1.145],[18.215,-1.015],[18.215,-0.491],[18.345,-0.36],[18.345,0.556],[18.476,0.818],[18.476,1.473],[18.607,1.865],[18.869,2.389],[19.0,2.52],[19.0,3.829],[19.131,3.829],[19.524,4.353],[19.916,4.615],[20.047,4.615],[20.178,4.484],[20.309,4.484],[20.702,4.222],[21.095,3.829],[21.487,3.829],[21.618,3.698],[21.749,3.829],[21.749,3.698],[22.273,3.698],[22.927,3.567],[22.927,3.698],[23.32,4.222],[23.582,4.222],[23.582,4.091],[23.975,4.091],[24.105,4.222],[24.236,4.222],[24.367,4.353],[24.629,4.353],[24.76,4.484],[24.891,4.484],[25.153,4.353],[25.415,4.484],[25.545,4.353],[25.807,4.745],[26.2,4.745],[27.116,4.484],[27.247,4.484],[27.509,4.615],[27.771,4.615]]]]}},{"type":"Feature","properties":{"iso3":"COG","name":"Congo (Brazzaville)"},"geometry":{"type":"MultiPolygon","coordinates":[[[[19.0,2.913],[19.0,2.52],[18.869,2.389],[18.607,1.865],[18.476,1.473],[18.476,0.818],[18.345,0.556],[18.345,-0.36],[18.215,-0.491],[18.215,-1.015],[17.953,-1.145],[17.56,-1.538],[17.429,-1.538],[17.298,-1.669],[17.167,-1.8],[16.905,-2.324],[16.644,-2.585],[16.644,-3.633],[16.251,-4.418],[15.989,-4.418],[15.989,-4.549],[15.858,-4.549],[15.858,-4.68],[15.727,-4.68],[15.596,-4.942],[15.335,-5.073],[15.204,-5.335],[14.811,-5.335],[14.811,-4.68],[14.68,-4.68],[14.68,-4.811],[14.418,-4.811],[14.418,-4.942],[14.287,-4.942],[14.156,-4.811],[14.156,-5.073],[14.025,-5.204],[13.764,-5.204],[13.371,-4.942],[13.371,-4.811],[13.24,-4.811],[12.978,-5.073],[12.847,-5.073],[12.716,-5.204],[12.585,-5.204],[12.455,-5.335],[12.455,-5.465],[12.455,-5.335],[12.324,-5.335],[12.193,-5.204],[12.193,-4.942],[11.8,-4.68],[11.8,-4.549],[11.538,-4.287],[11.669,-4.156],[11.669,-4.025],[11.931,-3.895],[12.062,-4.156],[12.324,-4.156],[12.324,-3.764],[12.062,-3.502],[12.193,-3.502],[12.193,-3.371],[12.062,-3.371],[12.062,-3.24],[11.931,-3.24],[12.062,-3.109],[12.062,-2.716],[12.062,-2.847],[12.193,-2.847],[12.324,-2.716],[12.455,-2.847],[12.847,-2.716],[12.847,-2.324],[12.978,-2.193],[13.109,-2.193],[13.109,-2.324],[13.24,-2.324],[13.24,-2.455],[13.371,-2.585],[13.371,-2.716],[13.633,-2.847],[13.895,-2.847],[14.156,-2.585],[14.418,-2.978],[14.68,-2.716],[14.549,-2.716],[14.549,-2.585],[14.68,-2.585],[14.68,-2.324],[14.811,-2.324],[14.811,-1.931],[14.942,-1.8],[14.811,-1.669],[14.811,-1.276],[14.942,-1.015],[14.811,-0.884],[14.68,-0.884],[14.287,-0.622],[14.287,-0.229],[14.418,-0.229],[14.418,-0.098],[14.549,-0.098],[14.549,0.033],[14.811,0.033],[14.811,0.556],[14.68,0.556],[14.68,0.818],[13.895,0.818],[13.764,0.687],[13.633,0.687],[13.633,1.342],[13.764,1.473],[13.764,1.604],[15.204,1.604],[15.204,1.473],[15.727,1.473],[15.727,1.342],[16.12,1.342],[16.513,1.08],[16.513,1.604],[16.644,1.604],[16.644,1.865],[16.905,2.258],[16.905,2.782],[17.036,2.913],[17.036,3.044],[17.691,3.044],[17.822,3.175],[17.953,3.175],[17.953,3.044],[18.476,3.044],[18.607,2.913],[18.607,3.044],[18.869,3.044],[19.0,2.913]]]]}},{"type":"Feature","properties":{"iso3":"COK","name":"Cook Islands"},"geometry":{"type":"MultiPolygon","coordinates":[[[[-159.167,-21.698],[-159.298,-21.698],[-159.298,-21.567],[-159.167,-21.567],[-159.167,-21.698]]]]}},{"type":"Feature","properties":{"iso3":"COL","name":"Colombia"},"geometry":{"type":"MultiPolygon","coordinates":[[[[-70.673,11.815],[-70.542,11.553],[-70.935,11.16],[-71.458,11.16],[-71.458,11.029],[-71.72,10.636],[-71.851,10.505],[-71.982,10.505],[-71.982,10.375],[-72.375,9.982],[-72.375,9.458],[-72.505,9.196],[-72.505,9.065],[-72.767,8.804],[-72.767,8.673],[-72.505,8.673],[-72.375,8.542],[-72.244,8.542],[-72.113,8.28],[-72.113,8.018],[-71.982,7.887],[-71.851,7.887],[-71.851,7.233],[-71.982,7.102],[-71.851,6.971],[-71.851,6.84],[-71.589,6.84],[-71.589,6.578],[-71.458,6.447],[-70.411,6.447],[-70.28,6.578],[-70.149,6.578],[-70.018,6.447],[-69.625,6.447],[-69.364,6.185],[-69.233,5.924],[-68.84,5.531],[-68.578,5.531],[-68.578,5.662],[-67.4,5.662],[-67.269,5.793],[-67.138,5.793],[-67.007,5.662],[-66.876,5.662],[-66.876,5.4],[-67.138,5.138],[-67.138,4.876],[-67.269,4.876],[-67.269,3.698],[-67.138,3.567],[-67.138,3.305],[-66.745,2.913],[-66.745,2.782],[-67.007,2.651],[-67.269,2.389],[-67.269,2.258],[-67.007,2.258],[-67.007,2.127],[-66.876,2.127],[-66.876,1.996],[-66.745,1.865],[-66.615,1.865],[-66.615,1.473],[-66.484,1.342],[-66.484,1.08],[-66.353,0.949],[-66.353,0.687],[-66.484,0.687],[-66.484,1.08],[-66.615,1.211],[-66.615,1.342],[-66.876,1.604],[-67.007,1.604],[-67.007,1.473],[-67.269,1.211],[-67.531,1.211],[-67.531,1.342],[-67.662,1.473],[-67.662,1.211],[-69.233,1.211],[-69.233,0.556],[-68.971,0.556],[-68.84,0.425],[-68.84,0.556],[-68.709,0.556],[-68.709,0.425],[-68.578,0.295],[-68.578,0.033],[-68.709,0.033],[-68.709,0.164],[-68.84,0.033],[-68.84,0.164],[-69.102,0.164],[-69.102,0.033],[-69.495,0.033],[-69.495,-0.622],[-69.364,-0.753],[-69.233,-0.753],[-69.233,-0.884],[-69.102,-0.884],[-69.102,-1.015],[-68.971,-1.015],[-69.102,-1.145],[-68.971,-1.276],[-68.971,-1.407],[-68.84,-1.407],[-68.84,-1.8],[-68.971,-2.062],[-68.971,-2.455],[-69.102,-2.716],[-69.102,-3.109],[-69.233,-3.502],[-69.233,-4.025],[-69.364,-4.418],[-69.364,-4.68],[-69.625,-4.418],[-69.625,-4.287],[-70.018,-4.287],[-70.149,-4.156],[-70.018,-4.025],[-69.625,-3.24],[-69.495,-3.24],[-69.495,-3.109],[-69.625,-3.109],[-69.625,-2.978],[-69.887,-2.978],[-70.018,-2.847],[-70.149,-2.847],[-70.149,-2.716],[-70.411,-2.585],[-70.411,-2.716],[-70.935,-2.716],[-71.065,-2.585],[-71.196,-2.585],[-71.589,-2.847],[-71.982,-2.847],[-72.113,-2.716],[-72.113,-2.847],[-72.375,-2.847],[-72.375,-2.716],[-72.636,-2.716],[-72.636,-2.585],[-72.505,-2.455],[-72.636,-2.455],[-72.636,-2.193],[-72.898,-2.193],[-72.898,-2.062],[-73.029,-2.062],[-72.898,-1.931],[-73.029,-1.931],[-73.029,-1.8],[-73.16,-1.669],[-73.291,-1.669],[-73.553,-1.407],[-73.684,-1.407],[-73.815,-1.276],[-73.815,-1.015],[-74.076,-0.753],[-74.207,-0.753],[-74.207,-0.622],[-74.469,-0.622],[-74.469,-0.491],[-75.255,-0.491],[-75.516,-0.229],[-75.778,-0.098],[-75.909,-0.229],[-75.909,-0.36],[-76.04,-0.36],[-76.171,-0.229],[-76.171,-0.36],[-76.302,-0.36],[-76.302,-0.229],[-76.695,-0.229],[-76.956,0.033],[-76.956,0.164],[-77.087,0.164],[-77.087,0.295],[-77.48,0.295],[-77.611,0.425],[-77.742,0.425],[-78.004,0.687],[-78.135,0.687],[-78.135,0.818],[-78.265,0.818],[-78.265,0.949],[-78.396,0.949],[-78.527,1.08],[-78.265,1.342],[-78.004,1.211],[-78.004,1.342],[-78.135,1.473],[-78.004,1.735],[-78.004,1.865],[-77.742,1.865],[-77.742,1.996],[-77.48,1.996],[-77.349,2.127],[-77.218,2.127],[-77.218,2.258],[-77.087,2.258],[-77.087,2.52],[-76.956,2.52],[-76.956,2.651],[-76.825,2.782],[-76.825,2.913],[-76.564,3.305],[-76.695,3.305],[-76.695,3.567],[-76.825,3.436],[-76.825,3.698],[-76.956,3.698],[-76.825,3.698],[-76.825,3.96],[-76.695,4.091],[-76.695,4.222],[-76.825,4.222],[-76.825,4.876],[-76.956,5.007],[-76.695,5.269],[-76.956,5.662],[-76.956,5.793],[-76.825,5.662],[-76.825,6.185],[-76.956,6.185],[-77.087,6.316],[-77.087,6.447],[-77.349,6.709],[-77.218,6.84],[-77.218,7.102],[-77.087,7.102],[-77.087,6.971],[-76.956,6.971],[-76.695,7.364],[-76.695,7.625],[-76.825,7.756],[-76.825,7.887],[-76.956,7.887],[-76.956,8.018],[-76.825,8.149],[-76.825,8.018],[-76.695,7.887],[-76.564,7.887],[-76.433,7.756],[-76.433,7.625],[-76.302,7.625],[-76.302,7.495],[-76.433,7.364],[-76.171,7.364],[-76.171,7.756],[-76.302,7.887],[-76.302,8.149],[-76.171,8.149],[-75.778,8.411],[-75.516,8.673],[-75.516,8.804],[-75.385,8.935],[-75.255,8.804],[-75.124,8.935],[-74.993,8.935],[-75.124,9.065],[-75.124,9.327],[-74.993,9.458],[-74.993,9.72],[-75.124,9.589],[-74.993,9.72],[-74.993,9.982],[-74.862,10.113],[-74.731,10.113],[-74.731,10.244],[-74.6,10.375],[-74.338,10.505],[-73.945,10.375],[-73.815,10.505],[-73.815,10.375],[-73.945,10.375],[-73.945,10.244],[-73.815,10.244],[-73.684,10.375],[-73.684,10.767],[-72.767,10.767],[-71.851,11.291],[-71.72,11.291],[-71.589,11.553],[-71.589,11.684],[-71.327,11.684],[-71.327,11.815],[-70.673,11.815]]]]}},{"type":"Feature","properties":{"iso3":"COM","name":"Comoros"},"geometry":{"type":"MultiPolygon","coordinates":[[[[44.265,-12.796],[44.135,-12.796],[44.004,-12.665],[44.135,-12.665],[44.265,-12.796]]],[[[44.92,-12.535],[44.92,-12.796],[44.658,-12.535],[44.92,-12.535]]],[[[43.873,-12.273],[43.873,-12.404],[43.611,-12.142],[43.742,-11.88],[43.742,-11.749],[43.873,-11.88],[43.742,-12.011],[43.873,-12.142],[43.873,-12.273]]]]}},{"type":"Feature","properties":{"iso3":"CPV","name":"Cabo Verde"},"geometry":{"type":"MultiPolygon","coordinates":[[[[-23.807,14.302],[-23.938,14.302],[-23.938,14.433],[-23.676,14.433],[-23.807,14.302]]],[[[-22.629,14.564],[-22.76,14.564],[-22.629,14.695],[-22.629,14.825],[-22.498,14.695],[-22.498,14.564],[-22.629,14.564]]],[[[-22.891,14.433],[-22.891,14.302],[-23.022,14.302],[-23.284,14.564],[-23.153,14.695],[-23.153,14.825],[-23.153,14.695],[-22.891,14.433]]],[[[-22.367,15.742],[-22.236,15.611],[-22.105,15.611],[-22.105,15.48],[-22.367,15.48],[-22.367,15.742]]],[[[-23.545,16.004],[-23.415,16.004],[-23.676,16.004],[-23.807,15.873],[-23.807,16.135],[-23.676,16.135],[-23.545,16.004]]],[[[-22.367,16.135],[-22.367,16.004],[-22.367,16.135],[-22.498,16.265],[-22.367,16.265],[-22.367,16.135]]],[[[-24.331,16.265],[-24.593,16.265],[-24.462,16.265],[-24.462,16.396],[-24.331,16.396],[-24.331,16.265]]],[[[-24.593,16.396],[-24.724,16.396],[-24.724,16.527],[-24.593,16.658],[-24.462,16.658],[-24.462,16.527],[-24.593,16.396]]]]}},{"type":"Feature","properties":{"iso3":"CRI","name":"Costa Rica"},"geometry":{"type":"MultiPolygon","coordinates":[[[[-83.109,10.375],[-82.978,10.244],[-82.847,9.72],[-82.585,9.458],[-82.455,9.458],[-82.324,9.196],[-82.193,9.196],[-82.193,9.065],[-82.062,9.065],[-82.062,8.935],[-82.193,8.935],[-82.193,9.065],[-82.324,9.065],[-82.324,8.542],[-82.193,8.411],[-82.193,8.28],[-82.324,8.28],[-82.324,7.887],[-82.455,7.756],[-82.324,7.625],[-82.324,7.495],[-82.455,7.625],[-82.455,7.756],[-82.585,7.756],[-82.585,8.018],[-82.716,8.149],[-82.978,8.149],[-82.716,7.887],[-83.109,7.887],[-83.24,8.018],[-83.109,8.149],[-83.109,8.542],[-83.24,8.542],[-83.633,8.935],[-83.895,8.935],[-84.025,9.065],[-84.156,9.065],[-84.156,9.196],[-84.025,9.196],[-84.418,9.589],[-84.68,9.589],[-84.68,9.72],[-84.68,9.589],[-84.549,9.458],[-84.418,9.327],[-84.287,9.327],[-84.549,9.065],[-85.073,9.327],[-85.073,9.458],[-85.335,9.72],[-85.335,9.851],[-85.073,10.113],[-85.073,10.244],[-85.335,10.244],[-85.335,10.375],[-85.204,10.375],[-85.204,10.505],[-85.073,10.505],[-85.073,10.636],[-84.942,10.636],[-84.811,10.505],[-84.68,10.505],[-84.418,10.375],[-84.287,10.505],[-84.025,10.505],[-83.633,10.244],[-83.109,10.244],[-83.109,10.375]]]]}},{"type":"Feature","properties":{"iso3":"CUB","name":"Cuba"},"geometry":{"type":"MultiPolygon","coordinates":[[[[-82.062,20.978],[-82.324,20.847],[-82.455,20.847],[-82.455,20.978],[-82.585,20.978],[-82.585,21.109],[-82.585,20.978],[-82.455,20.978],[-82.585,21.24],[-82.455,21.371],[-82.193,21.371],[-82.062,21.24],[-82.062,20.978]]],[[[-77.087,21.371],[-77.218,21.371],[-77.349,21.502],[-77.087,21.502],[-77.087,21.371]]],[[[-77.349,21.633],[-77.48,21.633],[-77.48,21.764],[-77.349,21.633]]],[[[-77.48,21.764],[-77.611,21.764],[-77.742,21.895],[-77.48,21.895],[-77.48,21.764]]],[[[-78.135,22.025],[-77.742,22.025],[-77.742,21.895],[-78.135,21.895],[-78.135,22.025]]],[[[-78.789,22.156],[-78.789,22.025],[-79.051,22.287],[-78.789,22.156]]],[[[-81.276,22.549],[-80.098,22.549],[-79.967,22.418],[-79.575,22.418],[-79.444,22.287],[-79.313,22.287],[-78.92,21.895],[-78.265,21.895],[-78.265,21.764],[-78.135,21.764],[-77.087,21.24],[-76.956,21.24],[-76.956,21.371],[-77.087,21.371],[-76.956,21.371],[-76.695,21.109],[-76.564,21.109],[-76.564,20.978],[-76.695,20.978],[-76.825,21.109],[-76.433,20.847],[-76.302,20.847],[-76.302,20.716],[-76.171,20.847],[-76.04,20.716],[-75.647,20.716],[-75.516,20.585],[-75.124,20.585],[-75.124,20.455],[-74.993,20.455],[-75.124,20.455],[-75.124,20.324],[-74.993,20.324],[-75.124,20.193],[-75.255,20.193],[-74.6,20.193],[-74.338,20.062],[-74.207,20.062],[-73.945,19.8],[-73.553,19.8],[-73.553,19.669],[-73.684,19.538],[-74.076,19.538],[-74.338,19.407],[-74.6,19.407],[-74.731,19.276],[-74.993,19.276],[-75.124,19.407],[-76.302,19.407],[-76.433,19.276],[-77.218,19.276],[-76.695,19.8],[-76.564,19.8],[-76.564,19.931],[-76.695,20.062],[-76.825,20.062],[-76.956,20.193],[-77.611,20.193],[-77.873,20.455],[-78.004,20.716],[-78.004,20.847],[-78.265,21.109],[-78.789,20.978],[-79.313,21.24],[-79.575,21.24],[-79.836,21.502],[-80.491,21.502],[-80.622,21.633],[-80.622,21.764],[-80.622,21.633],[-80.753,21.502],[-80.884,21.633],[-81.276,21.633],[-81.538,21.895],[-81.145,21.895],[-81.145,22.025],[-81.276,22.156],[-82.193,22.156],[-82.455,21.895],[-82.585,21.895],[-82.585,21.764],[-82.716,21.764],[-82.847,21.633],[-83.371,21.633],[-83.371,21.502],[-83.502,21.371],[-83.633,21.371],[-83.895,21.24],[-83.895,21.371],[-84.156,21.371],[-84.287,21.24],[-84.287,21.371],[-84.025,21.502],[-83.764,21.502],[-83.764,21.895],[-83.502,22.025],[-83.502,22.156],[-82.716,22.418],[-81.8,22.549],[-81.538,22.68],[-81.276,22.549]]]]}},{"type":"Feature","properties":{"iso3":"CUW","name":"Cura\u00e7ao"},"geometry":{"type":"MultiPolygon","coordinates":[[[[-68.185,11.553],[-68.447,11.553],[-68.578,11.684],[-68.578,11.815],[-68.316,11.553],[-68.185,11.553]]]]}},{"type":"Feature","properties":{"iso3":"CYM","name":"Cayman Islands"},"geometry":{"type":"MultiPolygon","coordinates":[[[[-80.753,18.753],[-80.491,18.753],[-80.884,18.753],[-80.884,18.884],[-80.753,18.753]]]]}},{"type":"Feature","properties":{"iso3":"CYP","name":"Cyprus"},"geometry":{"type":"MultiPolygon","coordinates":[[[[33.138,34.593],[33.924,34.593],[33.924,34.462],[34.316,34.462],[34.316,34.593],[34.447,34.462],[34.185,34.462],[33.924,34.2],[33.531,34.2],[33.531,34.069],[33.138,34.069],[32.876,34.2],[32.745,34.462],[32.876,34.462],[32.876,34.593],[33.138,34.593]]]]}},{"type":"Feature","properties":{"iso3":"CZE","name":"Czechia"},"geometry":{"type":"MultiPolygon","coordinates":[[[[15.204,50.302],[15.465,50.302],[15.465,50.433],[15.727,50.433],[15.727,50.302],[15.858,50.302],[16.12,50.171],[16.382,50.171],[16.382,50.04],[16.905,50.04],[16.775,50.04],[16.775,49.909],[16.644,49.909],[16.644,49.778],[16.775,49.778],[17.036,49.516],[17.167,49.516],[17.167,49.647],[17.429,49.647],[17.298,49.778],[17.298,49.909],[17.429,49.909],[17.822,49.647],[17.953,49.647],[18.084,49.778],[18.215,49.647],[17.953,49.647],[18.084,49.647],[18.084,49.516],[18.215,49.516],[18.215,49.385],[18.345,49.385],[18.476,49.516],[18.476,49.385],[19.0,49.385],[19.0,49.255],[19.262,48.993],[19.0,48.993],[19.0,48.862],[18.869,48.862],[18.738,48.731],[18.607,48.731],[18.476,48.6],[18.476,48.469],[18.345,48.469],[18.215,48.338],[18.084,48.338],[17.953,48.207],[17.691,48.338],[17.56,48.338],[17.429,48.207],[17.429,48.076],[17.298,48.076],[17.298,48.207],[16.513,48.207],[16.251,48.338],[15.858,48.338],[15.727,48.469],[15.596,48.338],[15.596,48.469],[15.335,48.469],[15.335,48.207],[15.204,48.207],[15.073,48.076],[14.418,48.076],[14.287,48.207],[14.156,48.207],[14.156,48.338],[13.895,48.338],[13.764,48.469],[13.764,48.6],[13.502,48.6],[13.502,48.731],[13.24,48.731],[12.978,48.993],[12.978,49.124],[12.847,49.124],[12.847,49.255],[12.978,49.255],[12.978,49.385],[12.847,49.385],[12.716,49.516],[12.585,49.516],[12.585,49.647],[12.455,49.647],[12.455,49.778],[12.585,49.778],[12.716,49.647],[12.847,49.778],[13.109,49.778],[13.109,49.909],[13.633,49.909],[13.633,50.04],[13.895,50.04],[13.895,50.171],[14.287,50.171],[14.418,50.302],[14.811,50.302],[14.68,50.433],[14.942,50.433],[15.073,50.302],[15.204,50.302]]]]}},{"type":"Feature","properties":{"iso3":"DEU","name":"Germany"},"geometry":{"type":"MultiPolygon","coordinates":[[[[14.68,53.313],[14.287,53.313],[14.287,53.575],[14.418,53.444],[14.68,53.444],[14.68,53.313]]],[[[11.669,53.836],[11.538,53.836],[11.407,53.967],[11.669,53.967],[11.669,53.836]]],[[[14.156,53.836],[14.156,53.705],[14.025,53.836],[13.895,53.836],[13.895,53.705],[13.633,53.705],[13.633,54.098],[13.895,54.098],[14.025,53.967],[14.156,53.967],[14.025,53.967],[14.025,53.836],[14.156,53.836]]],[[[9.182,54.098],[8.92,54.098],[8.92,54.229],[9.182,54.229],[9.182,54.098]]],[[[9.836,54.229],[10.098,54.229],[10.229,54.36],[10.229,54.229],[10.491,54.229],[10.491,53.967],[10.36,53.967],[10.622,53.967],[10.622,53.836],[11.145,53.705],[11.407,53.836],[11.538,53.705],[11.407,53.575],[11.276,53.575],[11.276,53.444],[11.931,53.444],[12.062,53.575],[12.585,53.575],[12.585,53.705],[12.716,53.705],[12.978,53.967],[13.24,53.836],[13.502,53.836],[13.895,53.575],[14.156,53.575],[14.418,53.182],[14.68,53.182],[14.68,53.051],[14.811,52.789],[14.811,52.527],[14.68,52.527],[14.68,52.396],[14.549,52.396],[14.549,52.265],[14.68,52.265],[14.942,52.135],[15.073,52.004],[14.942,51.873],[14.942,51.742],[15.073,51.742],[15.073,51.611],[15.204,51.48],[15.073,51.349],[15.073,51.087],[15.204,51.087],[15.073,50.956],[15.335,50.956],[15.335,50.825],[15.465,50.695],[15.335,50.564],[15.335,50.433],[15.204,50.302],[15.073,50.302],[14.942,50.433],[14.68,50.433],[14.811,50.302],[14.418,50.302],[14.287,50.171],[13.895,50.171],[13.895,50.04],[13.633,50.04],[13.633,49.909],[13.109,49.909],[13.109,49.778],[12.847,49.778],[12.716,49.647],[12.585,49.778],[12.455,49.778],[12.455,49.647],[12.585,49.647],[12.585,49.516],[12.716,49.516],[12.847,49.385],[12.978,49.385],[12.978,49.255],[12.847,49.255],[12.847,49.124],[12.978,49.124],[12.978,48.993],[13.24,48.731],[13.502,48.731],[13.502,48.6],[13.764,48.6],[13.764,48.469],[13.895,48.338],[14.156,48.338],[14.156,48.207],[14.287,48.207],[14.287,48.076],[14.156,48.076],[14.156,47.945],[13.895,48.076],[13.895,47.815],[13.764,47.815],[13.633,47.684],[13.371,47.684],[13.24,47.553],[13.24,47.422],[13.371,47.291],[13.371,47.16],[13.502,47.16],[13.502,46.898],[13.24,46.898],[13.24,47.029],[13.109,47.16],[12.978,47.16],[12.978,47.029],[12.847,47.029],[12.847,47.16],[12.585,47.16],[12.585,47.029],[12.062,47.029],[11.931,46.898],[11.276,46.898],[11.276,47.029],[10.884,47.029],[10.884,46.898],[10.753,46.767],[10.491,46.767],[10.491,46.898],[10.36,47.029],[9.967,47.029],[9.705,47.16],[8.92,47.16],[9.182,47.16],[9.182,47.029],[8.135,47.029],[8.135,47.553],[8.396,47.945],[8.396,48.076],[8.658,48.338],[8.658,48.469],[8.135,48.469],[8.004,48.6],[7.349,48.6],[7.218,48.731],[7.087,48.731],[7.087,48.862],[6.956,48.862],[6.956,49.124],[7.087,49.124],[7.087,49.255],[6.825,49.255],[6.825,49.385],[6.695,49.385],[6.695,49.647],[6.956,49.778],[6.956,49.909],[6.695,49.909],[6.695,50.04],[6.825,50.04],[6.695,50.04],[6.695,50.171],[6.564,50.171],[6.564,50.433],[6.433,50.433],[6.564,50.564],[6.695,50.564],[6.695,51.087],[6.564,51.087],[6.564,51.218],[6.695,51.349],[6.825,51.349],[6.956,51.218],[6.956,51.349],[7.349,51.349],[7.349,51.48],[7.218,51.48],[7.349,51.48],[7.349,51.611],[7.48,51.611],[7.611,51.742],[7.611,51.873],[7.349,51.873],[7.218,52.004],[7.349,52.135],[7.611,52.135],[7.611,52.265],[7.742,52.396],[7.742,52.789],[7.611,52.789],[7.611,53.051],[7.742,53.051],[7.873,53.182],[8.527,53.182],[8.658,53.051],[8.658,52.92],[8.789,52.92],[8.92,53.051],[9.051,53.051],[9.051,52.789],[9.051,53.182],[9.182,53.313],[9.836,53.313],[10.098,53.051],[10.36,53.051],[10.229,53.051],[9.836,53.313],[9.575,53.313],[9.444,53.444],[9.444,53.705],[9.182,53.705],[9.182,53.836],[9.444,53.836],[9.444,53.967],[9.575,53.967],[9.182,54.229],[9.182,54.36],[9.444,54.36],[9.705,54.229],[9.836,54.229]]],[[[8.92,54.229],[8.789,54.229],[8.789,54.36],[8.92,54.491],[9.051,54.491],[8.92,54.491],[8.92,54.36],[9.182,54.36],[8.92,54.229]]]]}},{"type":"Feature","properties":{"iso3":"DJI","name":"Djibouti"},"geometry":{"type":"MultiPolygon","coordinates":[[[[43.611,10.898],[43.611,10.767],[43.349,10.505],[42.695,10.505],[42.564,10.375],[42.171,10.375],[42.171,11.16],[42.302,11.16],[42.433,11.291],[42.695,11.815],[42.825,11.945],[42.956,11.945],[43.087,11.815],[43.218,11.815],[43.218,12.076],[43.48,12.076],[43.48,12.207],[43.742,11.945],[43.742,11.815],[43.873,11.684],[43.742,11.553],[43.742,11.422],[43.218,11.16],[43.087,11.029],[42.956,11.029],[42.956,10.898],[43.087,10.898],[43.218,11.029],[43.611,11.029],[43.611,10.898]]]]}},{"type":"Feature","properties":{"iso3":"DMA","name":"Dominica"},"geometry":{"type":"MultiPolygon","coordinates":[[[[-60.724,14.695],[-60.855,14.695],[-60.855,14.825],[-60.985,14.956],[-60.855,15.087],[-60.724,15.087],[-60.724,14.695]]]]}},{"type":"Feature","properties":{"iso3":"DNK","name":"Denmark"},"geometry":{"type":"MultiPolygon","coordinates":[[[[11.8,54.36],[11.931,54.229],[12.193,54.229],[12.193,54.098],[11.931,54.098],[11.407,54.229],[11.407,54.36],[11.8,54.36]]],[[[10.884,54.229],[10.753,54.36],[10.622,54.36],[10.884,54.36],[10.884,54.229]]],[[[12.978,54.36],[12.585,54.36],[12.585,54.491],[12.978,54.491],[12.978,54.36]]],[[[10.491,54.36],[10.36,54.36],[10.36,54.491],[10.491,54.491],[10.491,54.36]]],[[[11.145,54.229],[11.015,54.229],[11.015,54.36],[11.145,54.36],[11.407,54.622],[11.407,54.491],[11.145,54.229]]],[[[15.465,54.491],[15.073,54.491],[15.204,54.622],[15.204,54.753],[15.596,54.622],[15.596,54.491],[15.465,54.491]]],[[[11.015,55.015],[11.145,55.015],[11.145,54.884],[11.276,54.753],[11.145,54.753],[11.276,54.622],[11.145,54.622],[11.015,54.491],[10.622,54.491],[10.36,54.753],[10.36,55.015],[11.015,55.015]]],[[[13.109,55.015],[12.978,55.015],[12.978,55.145],[13.109,55.145],[13.109,55.015]]],[[[11.015,55.276],[11.015,55.145],[11.015,55.276],[10.884,55.276],[11.015,55.407],[10.884,55.407],[11.015,55.407],[11.145,55.276],[11.015,55.276]]],[[[12.978,55.276],[12.978,55.145],[12.585,54.884],[12.847,54.884],[12.847,54.753],[12.716,54.622],[12.455,54.622],[12.455,54.229],[12.324,54.229],[12.193,54.36],[12.193,54.491],[12.062,54.491],[12.062,54.622],[11.669,54.622],[11.538,54.753],[11.669,54.884],[11.407,55.145],[11.8,55.145],[11.931,55.276],[11.931,55.407],[12.062,55.407],[12.062,55.145],[12.193,55.145],[12.455,55.538],[12.978,55.538],[12.978,55.276]]],[[[10.884,56.585],[10.753,56.455],[10.753,56.062],[10.884,55.931],[11.407,55.931],[11.145,55.669],[10.753,55.669],[10.622,55.407],[10.622,55.276],[10.491,55.276],[10.491,55.145],[10.36,55.145],[10.36,55.015],[10.229,55.015],[10.098,54.884],[10.229,54.884],[10.229,54.622],[10.098,54.622],[9.967,54.491],[10.229,54.491],[10.229,54.36],[10.36,54.229],[10.229,54.229],[10.229,54.36],[10.098,54.229],[9.705,54.229],[9.444,54.36],[9.182,54.36],[9.182,54.884],[8.92,55.015],[8.658,55.015],[8.789,55.407],[8.658,55.538],[8.658,56.062],[9.051,56.062],[9.182,55.931],[9.313,55.931],[9.313,56.062],[9.444,56.193],[9.705,56.193],[9.836,56.455],[9.575,56.455],[9.313,56.193],[9.182,56.193],[9.051,56.062],[8.92,56.193],[8.789,56.193],[8.789,56.324],[9.182,56.585],[9.967,56.585],[10.36,56.978],[10.491,56.978],[10.622,57.109],[11.015,57.24],[10.884,57.109],[10.884,56.978],[11.015,56.847],[10.884,56.847],[11.015,56.716],[10.884,56.585]]]]}},{"type":"Feature","properties":{"iso3":"DOM","name":"Dominican Republic"},"geometry":{"type":"MultiPolygon","coordinates":[[[[-71.196,17.444],[-71.196,17.836],[-71.327,17.836],[-71.327,17.967],[-71.458,18.098],[-71.327,18.098],[-71.196,18.229],[-71.196,18.491],[-71.065,18.622],[-71.196,18.753],[-71.196,19.276],[-70.542,19.276],[-70.411,19.407],[-70.28,19.276],[-69.887,19.276],[-69.756,19.145],[-69.625,19.145],[-69.625,19.015],[-69.495,19.145],[-69.364,19.145],[-69.364,18.884],[-69.233,18.753],[-68.709,18.753],[-68.709,18.622],[-69.102,18.622],[-68.971,18.491],[-68.316,18.491],[-67.924,18.098],[-67.793,18.098],[-67.793,17.967],[-67.924,17.836],[-68.055,17.836],[-68.055,17.705],[-68.185,17.705],[-68.316,17.836],[-69.495,17.836],[-69.625,17.705],[-70.018,17.705],[-70.149,17.836],[-70.411,17.705],[-70.542,17.705],[-70.542,17.575],[-70.804,17.182],[-70.804,17.051],[-70.935,17.051],[-70.935,17.182],[-71.065,17.182],[-71.065,17.444],[-71.196,17.444]]]]}},{"type":"Feature","properties":{"iso3":"DZA","name":"Algeria"},"geometry":{"type":"MultiPolygon","coordinates":[[[[9.182,36.425],[9.182,36.295],[9.051,36.295],[9.051,36.164],[8.92,36.033],[8.789,36.033],[8.789,35.902],[8.92,35.902],[8.92,35.64],[8.789,35.509],[8.789,35.116],[8.92,35.116],[8.92,34.593],[8.789,34.462],[8.789,34.069],[8.658,34.069],[8.658,33.938],[8.527,33.938],[8.004,33.415],[8.004,33.284],[8.135,33.153],[8.265,32.629],[8.396,32.629],[8.658,32.498],[8.92,32.105],[8.92,31.975],[9.182,31.713],[9.444,31.713],[9.705,31.32],[9.705,31.058],[9.836,30.796],[9.836,30.535],[9.967,30.273],[9.967,29.88],[10.098,29.618],[9.836,29.618],[10.36,28.833],[10.36,27.524],[10.491,27.262],[10.36,27.0],[10.36,26.345],[10.491,26.345],[10.491,26.084],[10.229,25.822],[10.098,25.822],[9.967,25.691],[9.967,25.56],[10.491,24.775],[10.491,24.251],[10.622,24.12],[10.622,23.989],[11.145,23.989],[11.931,23.727],[12.455,22.942],[10.884,22.025],[9.967,21.371],[8.92,20.847],[8.396,20.455],[8.004,20.324],[6.433,18.884],[5.909,18.753],[5.516,18.753],[5.255,18.622],[4.731,18.622],[4.469,18.491],[3.684,18.491],[3.684,18.753],[3.815,18.753],[3.815,19.276],[3.684,19.276],[3.553,19.407],[3.16,19.407],[3.029,19.538],[2.898,19.538],[2.898,19.669],[2.505,19.669],[2.375,19.8],[2.244,19.8],[2.244,19.931],[2.113,20.062],[1.851,20.193],[1.72,20.193],[1.72,20.585],[1.589,20.585],[0.935,21.109],[0.542,21.24],[0.28,21.502],[-0.767,22.156],[-1.029,22.418],[-1.422,22.549],[-1.684,22.811],[-2.076,22.942],[-2.338,23.204],[-3.385,23.858],[-3.647,24.12],[-4.302,24.382],[-4.433,24.644],[-5.349,25.036],[-6.004,25.56],[-6.265,25.56],[-7.051,26.084],[-7.313,26.345],[-7.575,26.345],[-8.098,26.738],[-8.098,28.178],[-7.967,28.178],[-7.182,28.833],[-6.92,28.833],[-6.789,28.964],[-6.658,28.964],[-6.658,29.095],[-6.265,29.095],[-6.135,28.964],[-6.004,28.964],[-6.004,29.225],[-5.48,29.225],[-5.218,29.356],[-4.956,29.356],[-4.695,29.487],[-4.433,29.88],[-4.171,30.011],[-3.909,30.011],[-3.647,30.273],[-3.385,30.404],[-3.124,30.404],[-3.124,30.535],[-3.255,30.665],[-3.255,31.189],[-2.862,31.189],[-2.469,31.32],[-2.469,31.451],[-2.338,31.451],[-2.338,31.582],[-0.636,31.582],[-0.767,31.713],[-0.505,31.975],[-0.898,32.236],[-0.898,32.367],[-1.16,32.76],[-1.029,33.022],[-1.16,33.153],[-1.16,33.676],[-1.291,33.807],[-1.16,33.938],[-1.291,33.938],[-1.291,34.2],[-1.553,34.462],[-1.684,34.462],[-1.684,34.593],[-1.16,34.593],[-0.375,35.116],[0.149,35.247],[0.542,35.247],[0.542,35.378],[0.804,35.64],[1.065,35.64],[1.589,35.902],[2.505,36.033],[3.16,36.033],[3.422,36.164],[4.076,36.295],[5.516,36.295],[5.909,36.033],[6.302,36.295],[6.564,36.295],[7.087,36.556],[7.087,36.425],[7.742,36.425],[7.742,36.556],[8.004,36.556],[8.396,36.295],[8.658,36.295],[9.182,36.425]]]]}},{"type":"Feature","properties":{"iso3":"ECU","name":"Ecuador"},"geometry":{"type":"MultiPolygon","coordinates":[[[[-79.575,-3.371],[-79.575,-3.502],[-79.705,-3.371],[-79.705,-3.24],[-79.575,-3.109],[-79.313,-3.109],[-79.444,-3.24],[-79.575,-3.24],[-79.575,-3.371]]],[[[-89.916,-1.8],[-89.916,-1.669],[-89.785,-1.669],[-89.916,-1.8]]],[[[-88.869,-1.276],[-89.0,-1.407],[-89.0,-1.276],[-88.869,-1.276],[-88.869,-1.145],[-88.738,-1.145],[-88.738,-1.276],[-88.869,-1.276]]],[[[-89.785,-1.145],[-90.047,-1.145],[-89.916,-1.015],[-89.916,-0.884],[-89.655,-0.884],[-89.655,-1.145],[-89.785,-1.145]]],[[[-90.833,-0.884],[-91.095,-0.884],[-91.095,-0.753],[-90.964,-0.622],[-90.833,-0.753],[-90.833,-0.884]]],[[[-90.047,-0.753],[-90.309,-0.753],[-90.309,-0.622],[-90.047,-0.622],[-90.047,-0.753]]],[[[-90.702,-0.491],[-90.571,-0.622],[-90.44,-0.884],[-90.44,-1.015],[-90.309,-1.145],[-90.178,-1.145],[-90.309,-1.407],[-90.964,-1.407],[-90.964,-1.276],[-90.833,-1.145],[-90.571,-1.015],[-90.702,-0.884],[-90.702,-0.753],[-90.833,-0.753],[-90.833,-0.491],[-91.095,-0.491],[-90.702,-0.491]]],[[[-77.742,0.425],[-77.611,0.425],[-77.48,0.295],[-77.087,0.295],[-77.087,0.164],[-76.956,0.164],[-76.956,0.033],[-76.695,-0.229],[-76.302,-0.229],[-76.302,-0.36],[-76.171,-0.36],[-76.171,-0.229],[-76.04,-0.36],[-75.909,-0.36],[-75.909,-0.229],[-75.778,-0.098],[-75.516,-0.229],[-75.255,-0.491],[-74.731,-0.491],[-74.731,-0.622],[-74.862,-0.622],[-74.993,-0.491],[-75.124,-0.491],[-75.124,-0.622],[-74.993,-0.622],[-74.862,-0.753],[-74.862,-0.884],[-74.731,-0.884],[-74.731,-1.407],[-74.862,-1.407],[-74.993,-1.931],[-75.124,-2.062],[-75.124,-2.193],[-75.385,-2.324],[-75.647,-2.716],[-75.778,-2.716],[-76.302,-3.109],[-76.564,-3.109],[-76.825,-3.24],[-76.956,-3.24],[-77.087,-3.371],[-77.349,-3.371],[-77.349,-3.502],[-77.611,-3.764],[-77.611,-3.895],[-77.742,-3.895],[-77.742,-3.764],[-77.742,-3.895],[-77.873,-4.025],[-77.873,-4.287],[-78.135,-4.68],[-78.135,-5.073],[-78.265,-5.073],[-78.396,-5.204],[-78.396,-5.335],[-78.527,-5.335],[-78.527,-5.465],[-78.658,-5.335],[-78.789,-5.335],[-78.789,-5.204],[-78.92,-5.204],[-78.92,-4.942],[-79.182,-4.942],[-79.575,-4.68],[-79.705,-4.68],[-79.705,-4.811],[-79.836,-4.942],[-79.967,-4.811],[-79.836,-4.811],[-79.836,-4.68],[-79.967,-4.549],[-79.967,-4.418],[-79.705,-4.418],[-79.705,-4.287],[-79.575,-4.287],[-79.705,-4.156],[-79.705,-3.764],[-79.575,-3.764],[-79.313,-3.502],[-79.313,-3.24],[-79.182,-2.978],[-79.182,-2.847],[-79.313,-2.847],[-79.313,-2.455],[-79.313,-2.978],[-79.444,-2.978],[-79.444,-2.716],[-79.444,-2.847],[-79.705,-3.109],[-79.836,-3.109],[-80.229,-2.716],[-80.36,-2.716],[-80.36,-2.585],[-80.229,-2.455],[-80.229,-1.669],[-80.36,-1.538],[-80.098,-1.276],[-79.967,-1.276],[-79.967,-1.145],[-79.836,-1.015],[-79.705,-1.015],[-79.836,-1.015],[-79.967,-0.884],[-79.967,-0.753],[-79.705,-0.622],[-79.705,-0.491],[-79.575,-0.491],[-79.444,-0.36],[-79.444,0.033],[-79.575,0.164],[-79.444,0.295],[-79.313,0.295],[-78.92,0.556],[-78.658,0.556],[-78.396,0.687],[-78.265,0.687],[-78.265,0.949],[-78.265,0.818],[-78.135,0.818],[-78.135,0.687],[-78.004,0.687],[-77.742,0.425]]]]}},{"type":"Feature","properties":{"iso3":"EGY","name":"Egypt"},"geometry":{"type":"MultiPolygon","coordinates":[[[[34.578,30.796],[34.709,30.665],[34.709,30.404],[34.971,30.011],[35.102,29.487],[35.233,29.225],[35.233,28.964],[35.364,28.964],[35.102,28.702],[35.102,28.178],[34.84,27.785],[34.84,27.524],[34.709,27.393],[34.709,27.262],[34.447,27.262],[34.055,27.655],[33.793,27.785],[33.662,28.047],[33.531,28.571],[33.269,28.702],[33.269,28.833],[33.138,28.833],[33.007,29.356],[32.876,29.356],[32.876,29.225],[32.745,29.095],[33.007,28.833],[33.007,28.44],[33.269,28.178],[33.269,28.047],[33.924,27.393],[33.924,27.0],[34.316,26.607],[34.447,25.953],[34.709,25.429],[34.971,25.167],[35.625,23.858],[35.887,23.727],[35.887,23.596],[36.149,23.335],[35.887,23.335],[35.887,22.942],[36.149,22.418],[36.28,22.287],[36.28,22.156],[36.673,22.025],[37.196,21.502],[37.327,21.502],[31.829,21.502],[31.96,21.633],[31.829,21.633],[31.698,21.502],[25.415,21.502],[25.415,28.702],[25.284,28.833],[25.284,29.356],[25.153,29.618],[25.153,29.749],[25.415,30.142],[25.415,30.404],[25.284,30.535],[25.284,30.796],[25.545,31.058],[25.676,30.927],[26.331,31.058],[26.855,30.927],[27.247,30.927],[27.902,30.665],[28.295,30.665],[28.425,30.535],[28.949,30.535],[29.342,30.273],[29.735,30.273],[29.865,30.404],[29.996,30.404],[30.389,30.665],[30.651,30.665],[30.651,30.796],[30.782,30.796],[30.782,30.927],[31.044,30.927],[31.305,31.058],[31.305,30.927],[31.044,30.796],[31.175,30.796],[31.305,30.927],[31.436,30.927],[31.436,31.058],[31.96,30.927],[32.353,30.927],[32.615,30.796],[32.484,30.796],[32.353,30.927],[32.353,30.796],[32.222,30.796],[32.353,30.665],[32.484,30.665],[32.484,30.535],[32.615,30.535],[32.745,30.665],[32.615,30.665],[32.615,30.796],[33.007,30.535],[33.269,30.535],[33.531,30.665],[33.531,30.535],[34.055,30.535],[34.578,30.796]]]]}},{"type":"Feature","properties":{"iso3":"ERI","name":"Eritrea"},"geometry":{"type":"MultiPolygon","coordinates":[[[[40.6,15.087],[40.862,15.087],[40.731,14.956],[40.6,15.087],[40.338,15.087],[40.469,15.087],[40.469,15.218],[40.338,15.218],[40.469,15.218],[40.338,15.349],[40.469,15.349],[40.469,15.218],[40.6,15.218],[40.6,15.087]]],[[[40.469,15.48],[40.6,15.48],[40.469,15.48],[40.469,15.611],[40.469,15.48]]],[[[39.029,17.444],[39.291,16.92],[39.553,16.135],[39.684,15.611],[39.684,15.349],[39.945,14.956],[40.076,14.956],[40.207,14.695],[40.207,14.564],[40.207,14.825],[40.338,14.956],[40.469,14.825],[40.469,14.564],[40.6,14.433],[40.993,14.433],[41.255,14.171],[41.647,14.04],[42.04,13.385],[42.825,12.862],[42.825,12.6],[42.956,12.6],[43.218,12.469],[43.218,12.338],[43.349,12.207],[43.48,12.338],[43.48,12.076],[43.218,12.076],[43.218,11.815],[43.087,11.815],[42.956,11.945],[42.825,11.945],[42.564,12.207],[42.433,12.207],[42.433,12.338],[42.171,12.6],[41.778,12.993],[41.516,13.124],[41.255,13.516],[41.255,13.647],[40.993,13.647],[40.6,13.909],[40.076,13.909],[39.945,14.04],[39.815,13.909],[39.684,13.909],[39.553,14.04],[39.422,14.04],[39.291,13.909],[38.767,13.909],[38.636,14.04],[38.636,14.171],[38.375,14.171],[38.375,14.302],[38.113,13.909],[38.113,13.778],[37.982,13.647],[37.72,13.778],[37.72,13.909],[37.589,13.909],[37.589,13.778],[37.065,13.778],[36.935,13.647],[36.935,14.433],[36.804,14.564],[36.935,14.695],[37.065,15.218],[37.196,15.218],[37.196,15.48],[37.327,15.742],[37.327,16.135],[37.458,16.265],[37.458,16.527],[37.851,16.527],[37.982,16.789],[38.113,16.789],[38.113,16.92],[38.505,16.92],[38.636,17.051],[38.767,17.051],[38.767,17.182],[38.898,17.313],[38.898,17.444],[39.029,17.444]]]]}},{"type":"Feature","properties":{"iso3":"ESP","name":"Spain"},"geometry":{"type":"MultiPolygon","coordinates":[[[[-17.393,27.262],[-17.393,27.131],[-17.524,27.131],[-17.655,27.262],[-17.393,27.262]]],[[[-14.905,27.655],[-14.905,27.524],[-14.775,27.393],[-14.775,27.262],[-14.905,27.262],[-15.036,27.131],[-15.036,27.262],[-15.167,27.262],[-15.298,27.393],[-15.167,27.524],[-15.167,27.655],[-14.905,27.524],[-14.905,27.655]]],[[[-16.607,27.524],[-16.607,27.393],[-16.738,27.524],[-16.738,27.655],[-16.607,27.655],[-16.607,27.524]]],[[[-15.822,27.785],[-15.822,27.655],[-16.084,27.393],[-16.345,27.785],[-15.953,27.785],[-15.953,27.916],[-15.822,28.047],[-15.56,28.047],[-15.56,27.916],[-15.822,27.785]]],[[[-13.596,27.655],[-13.727,27.524],[-13.989,27.524],[-13.858,27.524],[-13.727,27.655],[-13.465,28.047],[-13.465,28.178],[-13.335,28.178],[-13.335,27.655],[-13.596,27.655]]],[[[-17.262,27.916],[-17.262,28.047],[-17.393,28.178],[-17.393,28.309],[-17.262,28.309],[-17.131,28.178],[-17.131,28.047],[-17.262,28.047],[-17.262,27.916]]],[[[-13.204,28.309],[-13.335,28.309],[-13.204,28.44],[-13.073,28.571],[-12.942,28.571],[-12.942,28.702],[-12.811,28.702],[-12.942,28.571],[-12.942,28.44],[-13.204,28.309]]],[[[2.113,38.127],[1.982,38.127],[1.982,38.258],[2.113,38.127]]],[[[1.982,38.389],[1.982,38.258],[1.851,38.258],[1.72,38.389],[1.851,38.389],[1.851,38.52],[2.244,38.52],[2.113,38.389],[1.982,38.389]]],[[[3.684,39.175],[4.076,39.175],[3.815,38.913],[3.815,38.782],[3.291,38.782],[3.291,39.044],[3.16,39.044],[3.16,38.913],[3.029,38.913],[2.898,39.044],[3.291,39.305],[3.422,39.305],[3.684,39.436],[3.815,39.436],[3.684,39.305],[3.815,39.305],[3.684,39.305],[3.684,39.175]]],[[[4.862,39.305],[4.338,39.436],[4.469,39.567],[4.6,39.567],[4.862,39.305]]],[[[-7.182,43.233],[-6.92,43.233],[-6.527,42.971],[-5.873,42.971],[-5.611,43.102],[-5.349,43.102],[-5.087,42.971],[-4.564,42.971],[-3.909,42.84],[-3.778,42.84],[-3.516,42.971],[-2.993,42.971],[-2.862,42.84],[-2.076,42.84],[-1.815,42.709],[-1.291,42.84],[-1.16,42.709],[-0.898,42.709],[-0.898,42.447],[-0.767,42.447],[-0.767,42.578],[-0.767,42.447],[-0.244,42.447],[-0.244,42.316],[0.018,42.185],[0.149,42.316],[0.28,42.316],[0.28,42.185],[1.196,42.185],[1.196,42.316],[1.327,42.316],[1.589,42.185],[1.851,42.185],[1.982,42.055],[1.982,41.924],[2.505,41.924],[2.505,41.793],[2.636,41.793],[2.767,41.924],[2.898,41.793],[3.291,41.793],[3.422,41.924],[3.815,41.924],[3.815,41.662],[3.684,41.662],[3.684,41.531],[3.815,41.531],[3.815,41.4],[3.684,41.269],[3.553,41.269],[2.898,40.876],[2.767,40.745],[1.589,40.484],[1.327,40.353],[1.327,40.222],[1.458,40.222],[1.458,40.091],[1.196,40.091],[0.935,39.698],[0.673,39.567],[0.542,39.436],[0.542,39.305],[0.28,38.913],[0.411,38.389],[0.542,38.389],[0.673,38.258],[0.804,38.258],[0.542,37.996],[0.149,37.865],[0.018,37.735],[0.018,37.604],[-0.113,37.604],[-0.113,37.473],[-0.244,37.342],[-0.244,37.211],[-0.113,37.08],[-0.375,37.08],[-1.291,36.687],[-1.553,36.164],[-1.684,36.164],[-1.815,36.295],[-2.076,36.295],[-2.076,36.164],[-3.909,36.164],[-3.909,36.033],[-4.171,35.902],[-4.564,35.902],[-4.956,35.509],[-5.218,35.509],[-5.349,35.64],[-5.48,35.64],[-5.742,36.033],[-5.873,36.033],[-5.873,36.164],[-5.742,36.295],[-5.611,36.295],[-5.873,36.295],[-5.873,36.425],[-6.265,36.687],[-6.789,36.687],[-6.92,36.818],[-6.92,37.211],[-6.789,37.211],[-6.789,37.342],[-6.396,37.604],[-6.527,37.604],[-6.789,37.865],[-6.789,38.127],[-6.658,38.258],[-6.527,38.258],[-6.527,38.389],[-6.396,38.389],[-6.396,38.52],[-6.658,38.52],[-6.789,38.782],[-6.789,38.913],[-6.92,39.044],[-6.92,39.175],[-6.527,39.175],[-6.396,39.305],[-6.396,39.436],[-6.527,39.567],[-6.396,39.698],[-6.265,39.698],[-6.265,40.353],[-6.396,40.484],[-6.265,40.484],[-6.265,40.615],[-6.135,40.615],[-5.873,40.876],[-5.742,40.876],[-5.742,41.007],[-5.611,41.007],[-5.742,41.007],[-5.742,41.138],[-6.004,41.138],[-6.004,41.4],[-6.658,41.4],[-6.658,41.269],[-7.575,41.269],[-7.705,41.4],[-7.575,41.4],[-7.575,41.531],[-8.098,41.531],[-8.098,41.4],[-8.36,41.4],[-8.36,41.531],[-8.229,41.662],[-8.098,41.662],[-8.229,41.793],[-8.229,42.055],[-8.491,42.055],[-8.36,42.185],[-8.491,42.316],[-8.622,42.316],[-8.622,42.578],[-8.36,42.84],[-8.098,42.709],[-7.967,42.84],[-7.705,42.84],[-7.705,42.971],[-7.575,43.102],[-7.313,43.102],[-7.182,43.233]]]]}},{"type":"Feature","properties":{"iso3":"EST","name":"Estonia"},"geometry":{"type":"MultiPolygon","coordinates":[[[[23.058,58.025],[23.451,58.025],[23.713,57.895],[23.451,57.895],[23.451,57.764],[23.189,57.764],[23.189,57.633],[22.665,57.633],[22.665,57.502],[22.535,57.371],[22.404,57.371],[22.404,57.502],[22.535,57.502],[22.665,57.633],[22.404,57.633],[22.273,57.764],[22.404,57.764],[22.404,57.895],[22.273,57.895],[22.535,57.895],[22.665,58.025],[22.665,57.895],[22.796,58.025],[23.058,58.025]]],[[[23.713,58.025],[23.451,58.025],[23.582,58.156],[23.713,58.156],[23.844,58.025],[23.713,58.025]]],[[[23.32,58.287],[23.32,58.156],[23.189,58.287],[23.058,58.156],[22.927,58.156],[22.796,58.287],[22.535,58.287],[22.535,58.418],[22.927,58.418],[23.058,58.549],[23.189,58.549],[23.189,58.418],[23.451,58.418],[23.451,58.287],[23.32,58.287]]],[[[25.938,59.073],[26.855,58.942],[27.771,58.942],[28.295,58.811],[28.425,58.942],[28.556,58.942],[28.556,58.811],[28.425,58.811],[28.425,58.68],[28.295,58.68],[27.902,58.287],[27.902,57.633],[28.033,57.633],[28.033,57.502],[28.164,57.371],[28.164,57.24],[27.902,57.24],[27.902,57.109],[27.771,57.109],[27.771,56.978],[27.509,56.978],[27.378,57.109],[27.247,56.978],[26.855,56.978],[26.724,57.109],[26.593,57.109],[26.2,57.371],[25.938,57.371],[25.807,57.502],[25.284,57.502],[25.284,57.371],[24.76,57.371],[24.891,57.502],[24.891,57.764],[25.022,57.764],[24.891,57.764],[24.76,57.895],[24.76,57.764],[24.236,57.764],[23.975,58.025],[23.975,58.156],[24.105,58.156],[24.105,58.287],[23.975,58.287],[23.844,58.418],[23.975,58.418],[23.844,58.418],[23.844,58.549],[23.975,58.549],[23.975,58.68],[24.498,58.68],[24.498,58.811],[24.629,58.811],[24.76,58.942],[25.938,58.942],[25.938,59.073]]]]}},{"type":"Feature","properties":{"iso3":"ETH","name":"Ethiopia"},"geometry":{"type":"MultiPolygon","coordinates":[[[[38.898,13.909],[39.291,13.909],[39.422,14.04],[39.553,14.04],[39.684,13.909],[39.815,13.909],[39.945,14.04],[40.076,13.909],[40.6,13.909],[40.993,13.647],[41.255,13.647],[41.255,13.516],[41.516,13.124],[41.778,12.993],[42.433,12.338],[42.433,12.207],[42.564,12.207],[42.825,11.945],[42.695,11.815],[42.433,11.291],[42.302,11.16],[42.171,11.16],[42.171,10.375],[42.564,10.375],[42.695,10.505],[43.349,10.505],[43.349,10.375],[43.087,10.113],[43.087,9.982],[43.218,9.851],[43.218,9.589],[43.349,9.589],[43.48,9.458],[43.48,9.327],[43.611,9.327],[43.611,9.196],[43.873,8.935],[43.873,8.804],[44.004,8.804],[44.396,8.411],[44.789,8.28],[45.051,8.28],[45.967,7.887],[46.229,7.887],[46.753,7.625],[47.015,7.625],[47.407,7.495],[48.455,7.495],[47.931,6.971],[47.538,6.709],[47.407,6.447],[45.313,4.353],[44.004,4.353],[44.004,4.222],[43.742,4.222],[43.349,3.829],[43.218,3.829],[43.218,3.698],[42.695,3.698],[42.302,3.436],[41.385,3.436],[41.255,3.698],[40.993,3.567],[40.731,3.567],[40.207,3.305],[40.207,3.175],[39.945,2.913],[39.422,2.913],[39.16,3.044],[38.505,3.044],[38.244,3.305],[37.327,3.829],[36.542,3.829],[36.149,4.222],[36.149,4.615],[36.28,4.615],[36.149,4.615],[36.28,4.745],[36.149,4.745],[35.887,4.876],[35.756,4.876],[35.756,4.745],[35.756,4.876],[35.625,4.876],[35.756,4.876],[35.495,5.138],[35.495,5.269],[35.364,5.269],[35.364,5.662],[35.233,5.793],[35.233,6.055],[35.102,6.055],[35.102,6.185],[34.971,6.185],[34.971,6.316],[34.709,6.447],[34.447,6.709],[34.447,6.84],[34.316,6.971],[34.055,7.102],[33.924,7.102],[33.793,7.233],[33.531,7.233],[33.4,7.364],[33.531,7.495],[33.531,7.756],[33.662,7.887],[34.447,7.887],[34.447,8.018],[34.578,8.018],[34.578,8.542],[34.447,8.673],[34.447,8.935],[34.709,9.589],[34.709,10.113],[34.84,10.244],[34.971,10.244],[34.971,10.375],[34.971,10.244],[35.364,10.244],[35.364,10.767],[35.495,10.898],[35.495,11.291],[35.887,11.684],[36.149,12.076],[36.28,12.076],[36.411,12.207],[36.542,12.207],[36.542,12.6],[36.804,12.993],[36.804,13.124],[36.935,13.255],[36.935,13.647],[37.065,13.778],[37.589,13.778],[37.589,13.909],[37.72,13.909],[37.72,13.778],[37.982,13.647],[38.113,13.778],[38.113,13.909],[38.375,14.302],[38.375,14.171],[38.636,14.171],[38.636,14.04],[38.767,13.909],[38.898,13.909]]]]}},{"type":"Feature","properties":{"iso3":"FIN","name":"Finland"},"geometry":{"type":"MultiPolygon","coordinates":[[[[22.665,59.858],[22.665,59.727],[22.796,59.858],[22.796,59.596],[22.665,59.596],[22.665,59.727],[22.535,59.727],[22.535,59.858],[22.665,59.858]]],[[[22.404,59.727],[22.273,59.858],[22.404,59.858],[22.273,59.858],[22.404,59.858],[22.404,59.727]]],[[[21.88,59.989],[21.749,59.989],[21.749,59.858],[21.618,59.989],[21.618,60.12],[21.749,60.12],[21.749,59.989],[21.88,59.989]]],[[[21.618,62.738],[21.618,62.607],[21.749,62.607],[21.749,62.738],[21.88,62.738],[21.88,62.607],[21.618,62.607],[21.487,62.738],[21.618,62.738]]],[[[25.284,64.44],[25.022,64.44],[25.022,64.571],[25.153,64.571],[25.415,64.44],[25.284,64.44]]],[[[28.425,69.415],[28.687,69.284],[29.211,69.153],[29.604,69.153],[29.735,68.891],[29.604,68.891],[29.604,68.76],[29.473,68.76],[29.211,68.629],[29.211,68.498],[29.342,68.498],[29.08,68.367],[28.818,68.367],[29.08,68.367],[29.211,68.236],[28.949,67.975],[28.949,67.844],[29.08,67.582],[29.473,67.582],[30.258,67.189],[30.389,67.189],[30.389,66.927],[30.127,66.927],[29.473,66.404],[29.473,66.273],[29.735,66.142],[29.735,66.011],[29.865,66.011],[29.996,65.88],[29.996,65.749],[30.127,65.749],[30.127,65.618],[30.258,65.618],[30.389,65.487],[30.52,65.225],[30.52,65.095],[30.127,65.095],[30.258,64.964],[30.127,64.964],[30.127,64.833],[29.996,64.702],[30.258,64.702],[30.258,64.571],[30.127,64.571],[29.996,64.44],[30.127,64.309],[30.258,64.309],[30.52,64.178],[30.52,64.047],[30.389,64.047],[30.389,63.916],[30.52,63.916],[30.52,63.785],[30.782,63.785],[30.913,63.655],[30.913,63.524],[30.651,63.262],[30.389,63.131],[30.52,63.131],[31.436,62.738],[31.567,62.607],[31.698,62.607],[31.698,62.476],[31.829,62.476],[31.96,62.345],[31.829,62.215],[31.829,62.084],[31.698,61.953],[31.567,61.953],[31.305,61.822],[31.044,61.56],[30.913,61.56],[29.996,60.905],[29.865,60.905],[29.08,60.382],[28.818,60.382],[28.164,59.989],[27.902,59.989],[27.902,59.858],[27.64,59.989],[27.509,59.989],[27.378,59.858],[26.985,59.858],[26.985,60.12],[26.985,59.989],[26.855,59.858],[26.331,59.858],[26.462,59.858],[26.462,59.727],[25.676,59.727],[25.545,59.596],[25.022,59.596],[24.891,59.465],[23.844,59.465],[23.451,59.204],[23.451,59.335],[23.582,59.335],[23.582,59.465],[23.451,59.465],[23.451,59.596],[23.189,59.596],[23.189,59.465],[22.927,59.465],[22.927,59.596],[23.058,59.727],[22.927,59.727],[23.058,59.858],[22.665,59.858],[22.404,59.989],[21.88,59.989],[21.88,60.251],[21.749,60.251],[21.749,60.513],[21.88,60.513],[21.88,60.775],[22.011,60.905],[21.88,60.905],[22.011,60.905],[21.88,61.036],[22.011,61.036],[22.011,61.167],[21.618,61.429],[21.749,61.56],[21.749,61.822],[21.618,61.822],[21.618,61.953],[21.487,62.084],[21.88,62.345],[21.88,62.476],[22.142,62.476],[22.011,62.607],[22.273,62.738],[22.273,62.607],[22.535,62.738],[22.796,62.738],[22.665,62.869],[22.796,62.869],[22.796,63.0],[22.927,63.0],[22.927,63.131],[23.189,63.131],[23.451,63.262],[23.582,63.262],[23.975,63.524],[24.105,63.524],[24.236,63.655],[24.367,63.655],[24.76,63.916],[25.022,64.309],[25.676,64.309],[25.676,64.44],[25.807,64.44],[25.807,64.571],[25.676,64.571],[25.676,64.833],[25.807,64.964],[25.153,65.095],[25.022,65.225],[25.022,65.356],[25.022,65.225],[24.629,65.225],[24.498,65.487],[24.367,65.487],[24.367,65.618],[24.105,65.618],[24.105,65.88],[24.236,66.011],[24.367,66.011],[24.367,66.273],[24.105,66.535],[24.105,66.665],[24.236,66.796],[24.105,66.927],[23.844,66.927],[23.975,67.058],[23.975,67.32],[24.105,67.32],[24.105,67.451],[23.844,67.451],[23.844,67.582],[23.582,67.582],[23.582,67.713],[23.451,67.713],[23.32,67.844],[22.796,67.844],[22.665,67.975],[22.273,67.975],[22.142,68.105],[21.88,68.105],[21.749,68.236],[21.618,68.236],[21.095,68.498],[21.618,68.498],[21.487,68.629],[21.618,68.629],[21.749,68.76],[22.011,68.76],[22.404,68.498],[22.535,68.498],[22.665,68.236],[22.796,68.236],[22.796,68.105],[24.105,68.105],[24.236,68.236],[24.629,68.236],[24.76,68.105],[25.284,68.105],[25.415,67.975],[25.545,68.105],[25.545,68.236],[25.676,68.236],[25.807,68.367],[26.069,68.367],[26.2,68.498],[26.2,68.76],[26.331,68.76],[26.331,69.022],[26.462,69.153],[26.593,69.153],[26.985,69.415],[27.378,69.415],[27.509,69.284],[27.509,69.415],[27.771,69.415],[28.033,69.545],[28.295,69.545],[28.425,69.415]]]]}},{"type":"Feature","properties":{"iso3":"FJI","name":"Fiji"},"geometry":{"type":"MultiPolygon","coordinates":[[[[178.873,-19.342],[178.873,-19.473],[178.545,-19.473],[178.545,-19.604],[178.545,-19.604],[178.545,-19.473],[178.545,-19.473],[178.545,-19.342],[178.873,-19.342]]],[[[180.836,-19.342],[180.509,-19.342],[180.509,-19.473],[180.509,-19.342],[180.836,-19.342]]],[[[181.818,-18.687],[181.491,-18.687],[181.491,-18.556],[181.818,-18.556],[181.818,-18.687]]],[[[179.855,-18.556],[179.527,-18.425],[179.855,-18.425],[179.855,-18.556]]],[[[181.491,-18.425],[181.491,-18.425],[181.491,-18.295],[181.491,-18.425]]],[[[178.873,-17.771],[178.873,-17.902],[178.873,-17.902],[178.873,-18.033],[178.873,-18.295],[179.2,-18.295],[179.2,-18.556],[178.873,-18.556],[178.545,-18.687],[178.218,-18.687],[178.218,-18.556],[177.891,-18.556],[177.564,-18.425],[177.564,-18.295],[177.891,-18.295],[177.891,-18.033],[177.891,-17.902],[178.218,-17.902],[178.218,-17.771],[178.873,-17.771]]],[[[179.855,-17.771],[179.855,-17.771],[179.855,-17.64],[179.855,-17.64],[179.855,-17.771]]],[[[181.491,-17.64],[181.491,-17.771],[181.491,-17.509],[181.491,-17.64]]],[[[180.509,-17.378],[180.182,-17.378],[180.509,-17.247],[180.509,-17.378]]],[[[180.509,-17.378],[180.509,-17.247],[180.509,-17.116],[180.509,-17.247],[180.509,-17.378]]],[[[180.509,-16.985],[180.509,-16.985],[180.509,-16.855],[180.509,-16.855],[180.509,-16.985]]],[[[180.509,-16.593],[180.182,-16.724],[180.182,-16.855],[180.182,-16.855],[180.182,-16.985],[180.182,-17.116],[180.182,-17.116],[180.182,-16.985],[180.509,-16.985],[180.182,-16.985],[180.182,-17.116],[180.509,-17.116],[180.182,-17.116],[180.182,-17.247],[179.855,-17.247],[179.855,-17.116],[179.527,-17.116],[179.527,-17.247],[179.527,-17.378],[179.527,-17.378],[179.527,-17.247],[179.2,-17.378],[179.2,-17.378],[179.2,-17.247],[178.873,-17.247],[178.873,-16.985],[179.2,-17.116],[179.2,-17.116],[179.2,-16.985],[179.527,-16.855],[179.855,-16.855],[179.855,-16.724],[180.182,-16.724],[180.182,-16.593],[180.509,-16.593]]]]}},{"type":"Feature","properties":{"iso3":"FLK","name":"Falkland Islands (Islas Malvinas)"},"geometry":{"type":"MultiPolygon","coordinates":[[[[-59.153,-52.593],[-59.153,-52.724],[-59.284,-52.593],[-59.153,-52.593]]],[[[-60.462,-52.2],[-60.331,-52.2],[-60.331,-52.331],[-60.593,-52.331],[-60.593,-52.2],[-60.462,-52.2]]],[[[-59.676,-51.938],[-59.545,-51.938],[-59.415,-51.807],[-58.76,-51.807],[-58.76,-51.938],[-58.891,-51.938],[-58.891,-52.069],[-59.022,-52.069],[-59.415,-52.331],[-59.415,-52.462],[-59.676,-52.462],[-59.807,-52.593],[-60.2,-52.593],[-60.462,-52.462],[-60.2,-52.331],[-59.938,-52.331],[-59.807,-52.2],[-59.676,-52.2],[-60.069,-52.2],[-59.938,-52.069],[-59.676,-52.069],[-59.807,-52.069],[-59.807,-51.938],[-59.938,-51.938],[-59.938,-51.807],[-60.069,-51.807],[-59.938,-51.807],[-59.676,-51.938]]],[[[-59.545,-51.807],[-59.676,-51.807],[-59.676,-51.676],[-59.545,-51.676],[-59.545,-51.807]]],[[[-58.236,-51.676],[-58.105,-51.807],[-57.975,-51.676],[-57.844,-51.807],[-57.975,-51.807],[-57.975,-51.938],[-57.713,-51.938],[-57.713,-52.069],[-57.713,-51.807],[-57.32,-51.807],[-57.189,-51.938],[-57.32,-51.938],[-57.451,-52.069],[-57.189,-52.069],[-57.32,-52.069],[-57.32,-52.2],[-57.713,-52.2],[-57.844,-52.331],[-58.105,-52.331],[-58.105,-52.462],[-58.629,-52.462],[-58.498,-52.593],[-58.76,-52.593],[-58.891,-52.724],[-59.022,-52.724],[-59.153,-52.593],[-59.153,-52.462],[-58.76,-52.2],[-58.629,-52.2],[-58.498,-52.069],[-58.498,-51.938],[-58.367,-51.807],[-58.367,-51.676],[-58.236,-51.676]]]]}},{"type":"Feature","properties":{"iso3":"FRA","name":"France"},"geometry":{"type":"MultiPolygon","coordinates":[[[[56.178,-21.829],[56.047,-21.829],[55.785,-21.698],[55.655,-21.436],[55.785,-21.305],[56.047,-21.305],[56.309,-21.567],[56.309,-21.698],[56.178,-21.829]]],[[[45.575,-13.451],[45.575,-13.32],[45.444,-13.32],[45.575,-13.32],[45.575,-13.189],[45.444,-13.189],[45.575,-13.058],[45.575,-13.189],[45.705,-13.189],[45.575,-13.189],[45.575,-13.451]]],[[[-51.691,4.353],[-51.822,4.222],[-51.691,4.353],[-51.429,4.091],[-51.429,3.829],[-51.298,3.96],[-51.298,4.091],[-51.167,3.96],[-51.167,3.698],[-51.036,3.567],[-51.167,3.436],[-51.298,3.436],[-51.298,3.305],[-51.429,3.175],[-51.429,3.044],[-51.56,2.913],[-51.56,2.782],[-51.691,2.651],[-51.822,2.651],[-51.822,2.389],[-51.953,2.258],[-51.953,1.996],[-52.084,1.996],[-52.084,1.865],[-52.215,1.735],[-52.345,1.735],[-52.345,1.604],[-52.738,1.604],[-52.738,1.735],[-53.393,1.735],[-53.524,1.604],[-53.916,1.604],[-53.916,1.735],[-54.047,1.735],[-53.916,1.735],[-53.916,1.865],[-53.785,1.865],[-53.655,2.127],[-53.655,2.651],[-53.393,2.913],[-53.393,3.044],[-53.524,3.044],[-53.524,3.175],[-53.785,3.436],[-53.785,3.698],[-53.916,3.829],[-53.916,4.484],[-53.524,4.876],[-53.393,5.138],[-53.393,5.269],[-53.262,5.269],[-52.869,5.007],[-52.345,4.876],[-51.953,4.484],[-51.691,4.353]]],[[[-60.331,13.909],[-60.593,13.909],[-60.462,14.04],[-60.593,14.04],[-60.724,14.302],[-60.462,14.302],[-60.331,14.171],[-60.331,13.909]]],[[[-60.724,15.349],[-60.724,15.48],[-60.593,15.349],[-60.724,15.349]]],[[[-60.985,15.48],[-61.116,15.349],[-61.116,15.48],[-61.247,15.48],[-61.247,15.742],[-60.985,15.742],[-60.985,15.48]]],[[[-60.724,15.611],[-60.985,15.611],[-60.985,15.873],[-60.855,16.004],[-60.855,15.742],[-60.593,15.742],[-60.724,15.611]]],[[[10.098,42.185],[9.967,42.055],[10.098,42.055],[10.098,41.531],[9.967,41.4],[9.967,41.138],[9.836,41.007],[9.836,40.876],[9.575,40.876],[9.444,41.007],[9.313,41.007],[9.444,41.007],[9.444,41.138],[9.313,41.138],[9.313,41.4],[9.182,41.4],[9.313,41.531],[9.182,41.531],[9.182,41.924],[9.313,42.055],[9.575,42.055],[9.705,42.185],[9.836,42.185],[9.836,42.447],[9.967,42.447],[10.098,42.316],[10.098,42.185]]],[[[-0.636,45.327],[-0.636,45.196],[-0.767,45.327],[-0.767,45.458],[-0.636,45.327]]],[[[3.291,50.171],[3.815,50.171],[3.815,49.909],[4.207,49.909],[4.207,49.778],[4.6,49.778],[4.731,49.647],[4.731,49.385],[5.255,49.385],[5.255,49.516],[5.385,49.647],[5.385,49.255],[5.647,49.255],[5.647,49.124],[5.909,49.124],[6.04,48.993],[6.433,48.993],[6.433,48.862],[6.695,48.862],[6.695,48.993],[6.825,48.993],[6.825,48.862],[7.087,48.862],[7.087,48.731],[7.218,48.731],[7.349,48.6],[8.004,48.6],[8.135,48.469],[8.658,48.469],[8.658,48.338],[8.396,48.076],[8.396,47.945],[8.135,47.553],[8.135,47.029],[8.004,47.029],[8.004,46.898],[7.48,46.898],[7.48,46.767],[7.611,46.767],[7.48,46.767],[7.218,46.505],[6.956,46.375],[6.956,46.244],[6.825,46.113],[6.695,46.113],[6.695,45.982],[6.564,45.851],[6.695,45.851],[6.695,45.72],[6.564,45.72],[6.564,45.589],[6.695,45.589],[6.825,45.72],[6.825,45.851],[7.349,45.851],[7.349,45.589],[7.48,45.458],[7.611,45.458],[7.611,45.327],[7.48,45.327],[7.349,45.196],[7.742,44.804],[7.611,44.804],[7.611,44.673],[7.48,44.673],[7.349,44.542],[7.218,44.542],[7.218,44.411],[7.349,44.411],[7.349,44.28],[7.611,44.28],[7.611,44.149],[7.48,44.149],[7.48,44.018],[7.349,44.018],[7.48,43.887],[7.48,43.756],[7.742,43.625],[8.135,43.625],[8.265,43.495],[8.135,43.364],[8.004,43.364],[8.004,43.233],[7.873,43.233],[7.873,43.102],[7.742,43.102],[7.48,42.84],[7.218,42.84],[7.218,42.709],[7.087,42.578],[6.171,42.578],[5.909,42.709],[5.909,42.84],[4.993,42.84],[4.731,42.971],[4.6,42.971],[4.6,43.102],[4.338,42.84],[3.815,42.578],[3.684,42.578],[3.553,42.316],[3.815,41.924],[3.422,41.924],[3.291,41.793],[2.898,41.793],[2.767,41.924],[2.636,41.793],[2.505,41.793],[2.505,41.924],[2.244,41.924],[2.244,42.055],[1.982,42.055],[1.851,42.185],[1.589,42.185],[1.327,42.316],[1.196,42.316],[1.196,42.185],[0.28,42.185],[0.28,42.316],[0.149,42.316],[0.018,42.185],[-0.244,42.316],[-0.244,42.447],[-0.767,42.447],[-0.767,42.578],[-0.767,42.447],[-0.898,42.447],[-0.898,42.709],[-1.16,42.709],[-1.291,42.84],[-1.029,42.84],[-0.898,42.971],[-0.636,44.149],[-0.505,44.149],[-0.636,44.149],[-0.636,44.804],[-0.505,44.935],[-0.375,44.935],[-0.113,44.542],[0.018,44.411],[0.018,44.542],[-0.113,44.542],[-0.113,44.804],[-0.244,44.935],[-0.375,44.935],[-0.636,45.065],[-0.636,45.196],[-0.505,45.196],[-0.636,45.72],[-0.767,45.72],[-0.898,45.851],[-1.291,45.982],[-1.553,46.244],[-1.553,46.375],[-1.422,46.505],[-1.553,46.505],[-1.684,46.636],[-1.553,46.636],[-1.553,46.767],[-1.422,46.767],[-1.291,46.636],[-1.16,46.636],[-1.422,46.767],[-1.945,46.767],[-1.945,46.898],[-1.815,46.898],[-1.945,46.898],[-1.945,47.029],[-2.076,47.029],[-2.207,46.898],[-2.207,47.029],[-2.469,47.029],[-2.6,47.16],[-2.993,47.16],[-3.385,47.291],[-3.778,47.291],[-3.909,47.422],[-4.171,47.422],[-4.04,47.553],[-3.778,47.553],[-3.909,47.684],[-4.04,47.684],[-3.909,47.815],[-3.909,47.684],[-3.647,47.684],[-3.778,47.815],[-4.171,47.815],[-4.171,47.945],[-4.04,48.076],[-3.516,48.207],[-3.255,48.076],[-3.124,48.207],[-2.862,48.207],[-2.731,48.338],[-2.207,48.076],[-2.076,47.945],[-1.945,48.076],[-0.767,48.076],[-0.898,48.076],[-1.029,48.207],[-1.029,48.6],[-1.16,48.731],[-1.291,48.993],[-1.291,49.124],[-0.767,49.124],[-0.767,48.993],[-0.636,48.993],[-0.636,48.862],[0.018,48.862],[0.542,48.731],[0.673,48.862],[0.935,48.862],[0.804,48.862],[0.673,48.993],[0.804,49.124],[1.458,49.385],[1.851,49.385],[2.113,49.647],[2.113,50.302],[2.244,50.302],[2.375,50.433],[3.029,50.564],[3.029,50.433],[3.16,50.433],[3.16,50.302],[3.291,50.302],[3.291,50.171]]]]}},{"type":"Feature","properties":{"iso3":"FRO","name":"Faroe Islands"},"geometry":{"type":"MultiPolygon","coordinates":[[[[-6.135,60.905],[-6.265,60.905],[-6.396,61.036],[-6.135,61.036],[-6.135,60.905]]],[[[-6.004,61.298],[-6.135,61.167],[-6.265,61.298],[-6.004,61.298]]],[[[-6.658,61.56],[-6.527,61.56],[-6.527,61.429],[-6.658,61.429],[-6.789,61.56],[-6.92,61.56],[-6.658,61.56]]],[[[-6.135,61.691],[-6.135,61.56],[-6.265,61.56],[-6.135,61.429],[-6.265,61.429],[-6.658,61.691],[-6.396,61.822],[-6.265,61.691],[-6.135,61.691]]],[[[-5.873,61.691],[-6.004,61.691],[-6.004,61.822],[-5.873,61.691]]]]}},{"type":"Feature","properties":{"iso3":"FSM","name":"Micronesia, Federated States of"},"geometry":{"type":"MultiPolygon","coordinates":[[[[158.582,6.316],[158.582,6.185],[158.582,6.185],[158.582,6.447],[158.582,6.447],[158.909,6.316],[158.582,6.316]]],[[[152.265,6.84],[152.265,6.971],[152.396,6.84],[152.265,6.84]]],[[[138.52,8.935],[138.52,8.804],[138.52,9.065],[138.651,9.065],[138.651,8.935],[138.52,8.935]]]]}},{"type":"Feature","properties":{"iso3":"GAB","name":"Gabon"},"geometry":{"type":"MultiPolygon","coordinates":[[[[13.764,1.604],[13.764,1.473],[13.633,1.342],[13.633,0.687],[13.764,0.687],[13.895,0.818],[14.68,0.818],[14.68,0.556],[14.811,0.556],[14.811,0.033],[14.549,0.033],[14.549,-0.098],[14.418,-0.098],[14.418,-0.229],[14.287,-0.229],[14.287,-0.622],[14.68,-0.884],[14.811,-0.884],[14.942,-1.015],[14.811,-1.276],[14.811,-1.669],[14.942,-1.8],[14.811,-1.931],[14.811,-2.324],[14.68,-2.324],[14.68,-2.585],[14.549,-2.585],[14.549,-2.716],[14.68,-2.716],[14.418,-2.978],[14.156,-2.585],[13.895,-2.847],[13.633,-2.847],[13.371,-2.716],[13.371,-2.585],[13.24,-2.455],[13.24,-2.324],[13.109,-2.324],[13.109,-2.193],[12.978,-2.193],[12.847,-2.324],[12.847,-2.716],[12.455,-2.847],[12.324,-2.716],[12.193,-2.847],[12.062,-2.847],[12.062,-2.716],[12.062,-3.109],[11.931,-3.24],[12.062,-3.24],[12.062,-3.371],[12.193,-3.371],[12.193,-3.502],[12.062,-3.502],[12.324,-3.764],[12.324,-4.156],[12.062,-4.156],[11.931,-3.895],[11.669,-4.025],[11.669,-4.156],[11.538,-4.287],[11.407,-4.287],[11.407,-4.025],[11.276,-4.025],[10.753,-3.502],[10.229,-2.847],[10.36,-2.847],[10.491,-2.978],[10.098,-2.716],[10.098,-2.585],[9.836,-2.324],[10.098,-2.324],[9.836,-2.193],[9.575,-1.8],[9.575,-1.669],[9.836,-2.062],[10.098,-2.062],[10.098,-1.931],[9.836,-1.931],[9.967,-1.8],[9.705,-1.8],[9.444,-1.538],[9.444,-1.276],[9.313,-1.015],[9.313,-1.145],[9.444,-1.145],[9.575,-1.015],[9.705,-1.015],[9.836,-0.753],[9.836,-0.229],[9.967,-0.229],[9.967,-0.36],[10.098,-0.36],[10.36,-0.491],[10.491,-0.36],[9.967,-0.229],[9.967,-0.098],[9.836,0.033],[10.098,0.164],[10.098,0.033],[10.229,0.033],[10.229,0.164],[10.098,0.425],[10.229,0.425],[10.229,0.556],[10.36,0.556],[10.36,0.425],[11.8,0.425],[11.8,1.735],[13.633,1.735],[13.633,1.604],[13.764,1.604]]]]}},{"type":"Feature","properties":{"iso3":"GBR","name":"United Kingdom"},"geometry":{"type":"MultiPolygon","coordinates":[[[[-0.505,50.171],[-0.636,50.04],[-0.767,50.04],[-0.898,50.171],[-1.029,50.171],[-0.505,50.171]]],[[[-3.647,52.789],[-3.516,52.789],[-3.516,52.658],[-3.778,52.658],[-3.778,52.527],[-3.909,52.658],[-4.04,52.658],[-4.04,52.789],[-3.909,52.92],[-3.778,52.92],[-3.647,52.789]]],[[[-5.873,54.622],[-5.48,54.622],[-5.48,54.491],[-5.218,54.229],[-5.349,54.098],[-4.956,54.098],[-4.956,53.836],[-4.956,53.967],[-5.087,53.967],[-5.087,53.836],[-4.956,53.836],[-5.087,53.705],[-5.349,53.705],[-5.349,53.575],[-5.48,53.444],[-5.611,53.444],[-5.611,53.575],[-5.873,53.575],[-5.873,53.444],[-6.135,53.444],[-6.135,53.575],[-6.265,53.575],[-6.265,53.836],[-6.527,53.836],[-6.789,53.575],[-7.182,53.575],[-7.575,53.836],[-7.575,53.967],[-7.182,53.967],[-7.182,54.098],[-7.313,54.098],[-7.182,54.098],[-7.182,54.229],[-6.92,54.229],[-6.92,54.36],[-6.789,54.491],[-6.527,54.491],[-6.396,54.622],[-5.873,54.622]]],[[[-4.564,54.884],[-4.825,54.884],[-4.825,55.145],[-4.564,55.145],[-4.564,54.884]]],[[[-5.611,55.407],[-5.48,55.276],[-5.48,55.145],[-5.742,55.015],[-5.742,55.276],[-5.873,55.145],[-6.004,55.145],[-5.611,55.407]]],[[[-5.349,55.276],[-5.48,55.276],[-5.48,55.407],[-5.349,55.407],[-5.48,55.407],[-5.349,55.538],[-5.218,55.538],[-5.218,55.407],[-5.349,55.276]]],[[[-5.218,55.8],[-5.611,55.669],[-5.742,55.8],[-5.611,55.8],[-5.611,55.931],[-5.742,55.931],[-5.742,56.062],[-5.48,56.062],[-5.349,55.931],[-5.218,55.931],[-5.218,55.8]]],[[[-6.004,56.062],[-6.135,56.062],[-5.873,56.062],[-6.004,56.062]]],[[[-6.92,56.455],[-7.051,56.455],[-6.789,56.455],[-6.92,56.455]]],[[[-6.658,56.585],[-6.92,56.585],[-6.92,56.716],[-6.789,56.716],[-6.789,56.847],[-6.658,56.847],[-6.658,56.585]]],[[[-5.611,56.978],[-5.611,56.716],[-5.087,56.716],[-5.087,56.585],[-5.218,56.585],[-5.349,56.455],[-5.48,56.455],[-5.48,56.585],[-5.742,56.585],[-5.742,56.716],[-6.265,56.847],[-6.135,56.847],[-6.135,56.978],[-6.004,56.978],[-5.873,57.109],[-5.742,57.109],[-5.611,56.978]]],[[[-6.658,57.109],[-6.527,57.109],[-6.658,56.978],[-6.789,56.978],[-6.92,57.109],[-6.658,57.109]]],[[[-5.611,57.764],[-5.742,57.633],[-5.873,57.633],[-6.004,57.502],[-5.873,57.502],[-6.004,57.371],[-6.135,57.371],[-6.265,57.24],[-6.527,57.24],[-6.396,57.371],[-6.265,57.371],[-6.396,57.371],[-6.527,57.502],[-6.396,57.502],[-6.527,57.502],[-6.527,57.633],[-6.135,57.633],[-6.265,57.764],[-6.004,57.764],[-5.742,57.895],[-5.611,57.895],[-5.611,57.764]]],[[[-2.6,57.895],[-2.6,57.764],[-3.255,57.502],[-3.385,57.371],[-3.516,57.371],[-3.516,57.24],[-3.255,57.24],[-3.385,57.24],[-3.516,57.109],[-3.516,56.978],[-3.385,56.978],[-3.255,57.109],[-1.291,57.109],[-1.16,56.978],[-1.291,56.847],[-1.422,56.847],[-1.422,56.716],[-1.553,56.716],[-1.553,56.585],[-1.684,56.324],[-1.945,56.062],[-2.076,56.062],[-2.076,55.931],[-2.6,55.931],[-2.6,55.8],[-2.731,55.8],[-2.076,55.8],[-2.076,55.669],[-2.469,55.669],[-2.862,55.407],[-2.862,55.538],[-3.255,55.538],[-3.124,55.538],[-2.993,55.407],[-1.553,55.407],[-1.029,54.884],[-1.029,54.753],[-0.898,54.491],[-0.636,54.098],[-0.113,53.967],[0.28,53.575],[0.411,53.575],[0.411,53.313],[0.673,53.051],[0.542,53.051],[0.411,53.182],[-0.113,53.182],[0.28,53.182],[0.935,52.658],[0.673,52.396],[0.542,52.396],[0.804,52.265],[0.935,52.265],[1.065,52.396],[1.982,52.396],[2.244,52.135],[2.244,51.742],[2.113,51.611],[2.113,51.48],[1.982,51.48],[1.851,51.349],[1.851,51.48],[1.72,51.349],[1.851,51.349],[1.72,51.218],[1.327,51.218],[1.458,51.087],[1.458,50.956],[0.935,50.956],[1.196,50.956],[1.196,50.825],[1.982,50.825],[1.982,50.564],[1.589,50.433],[1.327,50.433],[1.196,50.302],[0.935,50.302],[0.804,50.171],[0.411,50.302],[0.149,50.302],[-0.244,50.171],[-0.375,50.171],[-0.505,50.302],[-0.898,50.302],[-0.767,50.302],[-0.898,50.171],[-1.422,50.171],[-1.422,50.04],[-1.945,50.04],[-2.076,50.171],[-2.469,50.171],[-2.993,50.04],[-2.993,49.778],[-3.124,49.647],[-3.255,49.647],[-3.385,49.778],[-4.171,49.778],[-4.302,49.647],[-4.433,49.647],[-4.433,49.516],[-5.087,49.516],[-4.956,49.647],[-4.825,49.647],[-4.564,49.778],[-4.302,50.04],[-4.04,50.171],[-4.04,50.302],[-3.909,50.433],[-3.778,50.433],[-3.647,50.695],[-2.469,50.695],[-2.207,50.956],[-2.076,50.956],[-2.076,51.087],[-1.815,51.218],[-1.945,51.087],[-2.207,51.087],[-2.731,50.825],[-2.993,50.825],[-3.385,51.087],[-3.516,50.956],[-3.647,50.956],[-3.647,51.087],[-3.516,51.087],[-3.778,51.087],[-3.778,51.218],[-4.04,51.218],[-4.171,51.087],[-4.564,51.087],[-4.564,51.218],[-4.695,51.349],[-4.564,51.349],[-4.564,51.48],[-4.302,51.48],[-4.04,51.611],[-3.778,51.611],[-3.385,52.004],[-3.516,52.004],[-3.516,52.396],[-3.778,52.396],[-3.909,52.265],[-4.171,52.265],[-4.04,52.396],[-3.909,52.396],[-3.778,52.527],[-3.647,52.527],[-3.255,52.789],[-2.731,52.789],[-2.6,52.658],[-2.6,52.789],[-2.469,52.92],[-2.338,52.789],[-2.207,52.789],[-2.469,52.789],[-2.469,53.051],[-2.338,53.182],[-2.469,53.182],[-2.469,53.313],[-2.338,53.444],[-2.338,53.575],[-2.6,53.575],[-2.731,53.705],[-2.862,53.705],[-2.993,53.967],[-2.731,54.36],[-2.469,54.36],[-3.255,54.36],[-3.255,54.229],[-4.302,54.229],[-4.302,54.098],[-4.564,54.36],[-4.564,54.491],[-4.171,54.753],[-4.171,55.015],[-4.302,55.145],[-4.302,55.407],[-4.04,55.407],[-4.171,55.407],[-4.302,55.538],[-4.433,55.407],[-4.695,55.407],[-4.695,55.276],[-4.695,55.538],[-4.564,55.538],[-4.433,55.669],[-4.564,55.669],[-4.825,55.407],[-4.956,54.884],[-5.087,54.753],[-5.218,54.753],[-5.218,54.884],[-4.956,55.276],[-5.087,55.276],[-5.087,55.538],[-4.956,55.538],[-4.956,55.8],[-4.825,55.931],[-4.825,56.062],[-4.695,56.062],[-4.695,56.193],[-5.087,55.931],[-5.218,55.931],[-5.349,56.062],[-5.349,56.193],[-5.611,56.193],[-5.349,56.193],[-5.218,56.324],[-5.349,56.324],[-4.956,56.716],[-5.087,56.716],[-5.218,56.847],[-5.218,56.978],[-5.087,56.978],[-5.218,57.109],[-5.087,57.24],[-5.087,57.371],[-4.564,57.371],[-4.825,57.502],[-4.825,57.633],[-4.564,57.633],[-4.433,57.764],[-4.564,57.764],[-4.564,58.025],[-4.171,58.025],[-4.171,57.895],[-4.04,58.025],[-3.909,58.025],[-3.909,57.895],[-3.647,58.025],[-2.862,58.025],[-2.731,58.156],[-2.469,58.025],[-2.6,57.895]]],[[[-2.338,58.156],[-2.469,58.156],[-2.469,58.287],[-2.338,58.287],[-2.338,58.156]]],[[[-2.6,58.287],[-2.862,58.287],[-2.862,58.418],[-2.731,58.287],[-2.6,58.287]]],[[[-2.469,58.418],[-2.207,58.418],[-2.207,58.287],[-2.338,58.287],[-2.469,58.418],[-2.862,58.418],[-2.731,58.549],[-2.469,58.549],[-2.469,58.418]]],[[[-1.945,58.68],[-2.076,58.68],[-1.945,58.811],[-1.815,58.68],[-1.945,58.68]]],[[[-2.207,58.68],[-2.207,58.549],[-2.338,58.68],[-2.469,58.68],[-2.469,58.811],[-2.338,58.68],[-2.207,58.68]]],[[[-0.767,59.989],[-0.767,59.858],[-0.636,59.989],[-0.636,59.858],[-0.505,59.858],[-0.636,59.596],[-0.636,59.465],[-0.767,59.335],[-0.767,59.596],[-0.898,59.596],[-0.898,59.727],[-1.16,59.727],[-0.767,59.727],[-1.029,59.989],[-0.767,59.989]]],[[[-0.505,59.989],[-0.636,59.989],[-0.505,60.12],[-0.375,60.12],[-0.505,60.12],[-0.505,59.989]]],[[[-0.244,60.251],[-0.244,60.12],[-0.375,60.12],[-0.375,60.251],[-0.244,60.251]]]]}},{"type":"Feature","properties":{"iso3":"GEO","name":"Georgia"},"geometry":{"type":"MultiPolygon","coordinates":[[[[46.884,41.4],[46.884,41.269],[46.753,41.269],[46.753,41.138],[46.622,41.138],[46.622,41.007],[46.753,41.007],[46.753,40.876],[46.884,40.876],[47.015,40.745],[47.145,40.745],[47.015,40.615],[47.015,40.484],[46.753,40.484],[46.753,40.615],[46.229,40.615],[45.836,40.876],[45.705,40.876],[45.444,40.745],[45.182,40.745],[45.313,40.615],[43.611,40.615],[43.611,40.745],[43.48,40.745],[43.349,40.876],[43.218,40.876],[43.218,41.007],[42.956,41.007],[42.956,40.876],[42.04,40.876],[41.909,41.007],[42.171,41.138],[42.171,41.4],[42.04,41.531],[42.04,41.793],[41.909,42.055],[41.909,42.185],[40.6,42.709],[40.469,42.84],[40.469,42.971],[41.255,42.971],[41.385,42.84],[41.778,42.84],[41.909,42.709],[42.433,42.578],[42.564,42.578],[42.564,42.709],[42.825,42.709],[42.956,42.578],[43.48,42.578],[43.48,42.447],[43.742,42.316],[44.004,42.316],[44.265,42.185],[44.135,42.055],[44.658,42.055],[44.789,42.185],[45.182,42.185],[45.182,42.055],[45.313,42.185],[45.444,42.185],[45.705,41.924],[46.098,41.924],[46.098,41.662],[46.229,41.531],[46.36,41.531],[46.491,41.4],[46.884,41.4]]]]}},{"type":"Feature","properties":{"iso3":"GGY","name":"Guernsey"},"geometry":{"type":"MultiPolygon","coordinates":[[[[-1.945,48.993],[-1.945,48.862],[-2.076,48.862],[-1.945,48.993]]]]}},{"type":"Feature","properties":{"iso3":"GHA","name":"Ghana"},"geometry":{"type":"MultiPolygon","coordinates":[[[[0.542,10.505],[0.542,10.244],[0.411,10.113],[0.542,10.113],[0.542,9.982],[0.673,9.982],[0.673,9.851],[0.804,9.851],[0.935,9.72],[0.935,9.196],[0.804,9.065],[0.935,9.065],[0.804,9.065],[0.804,8.935],[1.065,8.935],[1.065,8.28],[0.935,8.149],[1.196,7.887],[1.196,7.233],[1.065,6.971],[1.065,6.84],[1.196,6.84],[1.196,6.447],[1.065,6.447],[1.065,6.185],[1.196,6.185],[1.196,6.055],[1.327,6.055],[1.327,5.793],[1.589,5.793],[1.589,5.662],[1.72,5.662],[1.72,5.531],[1.458,5.269],[1.327,5.269],[1.196,5.138],[0.804,5.138],[0.411,5.007],[0.149,5.007],[-0.244,4.615],[-0.505,4.615],[-1.029,4.484],[-1.422,4.222],[-1.553,4.222],[-1.684,4.353],[-2.207,4.484],[-2.6,4.484],[-2.469,4.615],[-2.207,4.615],[-2.207,5.007],[-2.469,5.138],[-2.469,5.4],[-2.6,5.531],[-2.6,5.793],[-2.731,5.924],[-2.731,6.185],[-2.469,6.578],[-2.469,6.709],[-2.338,6.84],[-2.338,7.233],[-2.076,7.495],[-2.076,7.625],[-1.945,7.625],[-1.945,7.887],[-2.076,8.411],[-2.207,8.542],[-2.076,8.673],[-2.207,8.804],[-2.076,8.935],[-2.207,8.935],[-2.207,9.851],[-2.338,9.851],[-2.338,10.505],[-2.207,10.505],[-2.207,10.375],[-1.291,10.375],[-1.029,10.505],[-0.375,10.505],[-0.375,10.375],[0.018,10.375],[0.018,10.505],[0.28,10.505],[0.28,10.636],[0.542,10.505]]]]}},{"type":"Feature","properties":{"iso3":"GIN","name":"Guinea"},"geometry":{"type":"MultiPolygon","coordinates":[[[[-10.847,11.815],[-10.978,11.684],[-10.978,11.553],[-10.847,11.553],[-10.716,11.422],[-10.585,11.553],[-10.455,11.553],[-10.455,11.684],[-10.324,11.684],[-10.324,11.553],[-10.193,11.422],[-10.193,11.291],[-10.062,11.291],[-10.062,11.422],[-9.8,11.684],[-9.669,11.684],[-9.407,11.553],[-9.276,11.422],[-9.145,11.422],[-9.145,11.553],[-9.015,11.684],[-8.753,11.684],[-8.753,11.815],[-8.884,11.945],[-8.622,11.945],[-8.36,11.684],[-8.36,11.553],[-8.229,11.422],[-8.229,11.029],[-8.098,11.029],[-8.098,10.898],[-7.967,10.898],[-7.836,10.767],[-7.967,10.767],[-7.967,10.636],[-8.098,10.505],[-8.098,10.375],[-7.967,10.505],[-7.836,10.505],[-7.836,10.375],[-7.705,10.375],[-7.705,9.851],[-7.444,9.72],[-7.444,9.589],[-7.575,9.458],[-7.575,8.935],[-7.444,8.804],[-7.313,8.804],[-7.313,8.542],[-7.182,8.542],[-7.313,8.411],[-7.444,8.411],[-7.444,8.28],[-7.182,8.149],[-7.182,7.756],[-7.182,7.887],[-7.705,7.887],[-7.705,7.625],[-7.444,7.625],[-7.444,7.495],[-7.575,7.364],[-7.575,7.233],[-7.705,6.971],[-7.836,6.971],[-7.836,7.102],[-7.967,6.971],[-7.967,7.102],[-8.229,7.102],[-8.229,6.84],[-8.36,6.709],[-8.622,6.709],[-8.622,6.84],[-8.884,6.84],[-8.884,6.971],[-8.753,7.102],[-8.884,7.233],[-8.884,7.625],[-9.015,7.625],[-9.015,7.887],[-9.145,7.887],[-9.276,8.018],[-9.538,7.887],[-9.538,8.018],[-9.931,7.756],[-10.193,7.756],[-9.931,8.149],[-10.062,8.28],[-10.062,8.542],[-10.193,8.542],[-10.193,8.673],[-10.062,8.673],[-10.455,9.065],[-10.455,9.196],[-10.585,9.327],[-10.585,9.458],[-11.371,9.458],[-11.371,9.327],[-11.895,9.327],[-12.025,9.196],[-12.025,9.065],[-12.156,9.065],[-12.156,8.804],[-12.287,8.804],[-12.418,8.673],[-12.418,8.542],[-12.811,8.542],[-12.68,8.673],[-13.073,8.935],[-13.073,9.196],[-13.204,9.327],[-13.073,9.327],[-13.204,9.327],[-13.335,9.458],[-13.465,9.458],[-13.465,9.589],[-13.596,9.589],[-13.858,9.72],[-14.12,10.113],[-13.989,10.244],[-14.12,10.113],[-14.12,10.244],[-14.251,10.244],[-14.251,10.375],[-14.382,10.375],[-14.382,10.244],[-14.513,10.244],[-14.513,10.375],[-14.382,10.375],[-14.251,10.898],[-13.989,10.898],[-13.858,11.029],[-13.727,11.029],[-13.727,11.16],[-13.204,11.16],[-13.204,11.553],[-13.335,11.553],[-13.335,11.684],[-13.204,11.684],[-13.204,11.815],[-13.073,11.815],[-13.073,11.945],[-13.204,12.076],[-12.549,12.076],[-12.549,11.945],[-12.287,11.945],[-12.156,11.815],[-10.847,11.815]]]]}},{"type":"Feature","properties":{"iso3":"GMB","name":"Gambia, The"},"geometry":{"type":"MultiPolygon","coordinates":[[[[-16.215,12.469],[-16.215,12.862],[-16.084,12.862],[-15.953,12.731],[-15.691,12.731],[-15.56,12.862],[-14.905,12.862],[-15.036,12.993],[-15.298,12.862],[-15.56,12.862],[-15.822,12.731],[-15.822,12.862],[-15.953,12.862],[-15.953,12.993],[-14.905,12.993],[-14.905,13.124],[-14.775,13.255],[-14.382,13.255],[-14.251,13.124],[-13.989,13.124],[-13.989,12.993],[-13.465,12.993],[-13.335,12.862],[-13.335,12.731],[-14.12,12.731],[-14.513,12.993],[-14.644,12.993],[-14.644,12.862],[-15.036,12.862],[-15.167,12.731],[-15.298,12.731],[-15.298,12.6],[-16.084,12.6],[-16.215,12.469]]]]}},{"type":"Feature","properties":{"iso3":"GNB","name":"Guinea-Bissau"},"geometry":{"type":"MultiPolygon","coordinates":[[[[-15.298,10.505],[-15.429,10.505],[-15.429,10.636],[-15.298,10.636],[-15.298,10.505]]],[[[-15.56,10.505],[-15.691,10.505],[-15.691,10.636],[-15.56,10.636],[-15.56,10.505]]],[[[-15.298,10.898],[-15.429,10.898],[-15.429,11.029],[-15.298,11.029],[-15.298,10.898]]],[[[-15.036,11.029],[-15.036,10.898],[-15.036,11.029],[-14.905,11.029],[-15.036,11.029]]],[[[-15.429,11.291],[-15.429,11.16],[-15.56,11.16],[-15.56,11.291],[-15.429,11.291]]],[[[-13.073,11.945],[-13.073,11.815],[-13.204,11.815],[-13.204,11.684],[-13.335,11.684],[-13.335,11.553],[-13.204,11.553],[-13.204,11.16],[-13.727,11.16],[-13.727,11.029],[-13.858,11.029],[-13.989,10.898],[-14.251,10.898],[-14.382,10.375],[-14.513,10.375],[-14.513,10.636],[-14.644,10.505],[-14.644,10.636],[-14.775,10.636],[-14.905,10.767],[-14.775,10.767],[-14.775,10.898],[-14.905,10.898],[-14.644,11.029],[-14.513,11.029],[-14.513,11.16],[-14.775,11.16],[-14.775,11.029],[-14.905,11.029],[-14.905,11.291],[-14.513,11.291],[-14.513,11.422],[-14.905,11.422],[-15.298,11.16],[-15.429,11.291],[-15.298,11.422],[-15.691,11.422],[-15.822,11.553],[-15.691,11.684],[-16.215,11.815],[-15.822,11.815],[-15.691,11.945],[-15.036,11.945],[-14.775,12.076],[-13.204,12.076],[-13.073,11.945]]]]}},{"type":"Feature","properties":{"iso3":"GNQ","name":"Equatorial Guinea"},"geometry":{"type":"MultiPolygon","coordinates":[[[[11.8,0.556],[11.8,0.425],[10.36,0.425],[10.36,0.556],[10.229,0.556],[10.229,0.425],[10.098,0.425],[10.098,0.556],[9.967,0.556],[9.967,0.687],[10.098,0.818],[10.098,0.949],[10.229,0.949],[10.229,1.211],[10.36,1.342],[10.36,1.735],[10.491,1.604],[11.8,1.604],[11.8,0.556]]],[[[9.313,3.175],[9.444,3.175],[9.313,2.651],[9.051,2.651],[9.051,2.913],[9.182,2.913],[9.182,3.175],[9.313,3.175]]]]}},{"type":"Feature","properties":{"iso3":"GRC","name":"Greece"},"geometry":{"type":"MultiPolygon","coordinates":[[[[24.236,34.985],[24.629,34.985],[24.498,34.985],[24.629,34.855],[25.545,34.855],[25.676,34.724],[25.938,34.724],[26.2,34.855],[26.2,34.593],[26.331,34.593],[26.462,34.724],[26.724,34.724],[26.724,34.462],[25.676,34.462],[25.153,34.331],[25.153,34.593],[24.891,34.593],[24.367,34.724],[23.975,34.724],[23.975,34.985],[24.105,34.985],[24.105,35.116],[24.236,35.116],[24.236,34.985]]],[[[27.64,34.855],[27.509,34.855],[27.509,34.985],[27.64,35.116],[27.64,35.247],[27.64,34.855]]],[[[23.451,35.64],[23.32,35.64],[23.32,35.771],[23.451,35.771],[23.582,35.64],[23.451,35.64]]],[[[28.295,35.378],[28.164,35.378],[28.164,35.64],[28.295,35.771],[28.556,35.902],[28.687,35.902],[28.687,35.771],[28.556,35.64],[28.556,35.509],[28.425,35.509],[28.295,35.378]]],[[[25.938,35.771],[25.807,35.771],[25.807,35.902],[25.938,35.902],[25.938,35.771]]],[[[26.855,36.033],[26.724,35.902],[26.724,36.033],[26.855,36.033]]],[[[25.807,36.164],[25.676,36.164],[25.676,36.295],[25.807,36.164]]],[[[27.378,36.164],[27.509,36.295],[27.771,36.295],[27.64,36.295],[27.64,36.164],[27.378,36.164]]],[[[26.331,36.295],[26.2,36.164],[26.2,36.295],[26.331,36.295],[26.462,36.425],[26.462,36.295],[26.331,36.295]]],[[[27.509,36.425],[27.378,36.425],[27.378,36.556],[27.378,36.425],[27.509,36.425]]],[[[25.676,36.556],[25.676,36.425],[25.545,36.425],[25.545,36.556],[25.676,36.556]]],[[[25.938,36.425],[25.807,36.425],[25.807,36.556],[25.938,36.687],[26.069,36.556],[26.069,36.425],[25.938,36.425]]],[[[24.891,36.556],[24.891,36.687],[25.022,36.556],[24.891,36.556]]],[[[24.891,36.818],[24.76,36.818],[24.76,36.949],[24.891,36.949],[24.891,36.818]]],[[[25.415,36.949],[25.415,36.818],[25.284,36.818],[25.284,36.949],[25.415,36.949]]],[[[25.807,36.818],[25.676,36.818],[25.676,36.949],[25.938,36.949],[25.807,36.818]]],[[[26.462,36.949],[26.462,37.08],[26.724,37.08],[26.593,36.949],[26.462,36.949]]],[[[25.676,37.08],[25.676,36.949],[25.545,36.949],[25.415,37.08],[25.676,37.08]]],[[[24.76,37.08],[24.76,36.949],[24.76,37.08],[24.891,37.08],[24.76,37.08]]],[[[27.247,37.211],[27.509,37.211],[27.378,37.08],[27.247,37.08],[27.116,37.211],[26.985,37.211],[27.247,37.211]]],[[[21.356,37.211],[21.225,37.08],[21.095,37.211],[21.095,37.342],[21.225,37.342],[21.356,37.211]]],[[[25.415,37.211],[25.415,37.08],[25.284,37.211],[25.153,37.342],[25.153,37.473],[25.284,37.342],[25.415,37.342],[25.415,37.211]]],[[[23.975,37.342],[23.844,37.342],[23.844,37.473],[23.975,37.473],[23.975,37.342]]],[[[21.095,37.865],[21.095,37.735],[21.225,37.604],[21.225,37.473],[20.833,37.735],[20.833,37.604],[20.833,37.735],[20.964,37.735],[20.964,37.865],[21.095,37.865]]],[[[21.225,37.735],[21.095,37.735],[21.095,37.865],[21.225,37.865],[21.225,37.735]]],[[[26.462,37.604],[26.331,37.735],[26.462,37.735],[26.331,37.865],[26.331,37.996],[26.593,37.996],[26.593,37.735],[26.462,37.604]]],[[[21.095,37.996],[20.964,37.996],[20.964,38.258],[21.095,38.258],[21.095,37.996]]],[[[25.153,38.258],[25.022,38.258],[24.891,38.389],[25.022,38.389],[25.022,38.258],[25.153,38.258]]],[[[23.844,38.389],[23.844,38.258],[24.105,38.258],[24.367,38.127],[24.498,38.127],[24.629,37.996],[24.629,37.735],[24.76,37.604],[25.022,37.604],[25.022,37.473],[24.76,37.473],[24.629,37.604],[24.629,37.735],[24.498,37.735],[24.498,37.865],[24.105,37.865],[24.105,37.996],[23.975,37.996],[23.713,38.258],[23.32,38.258],[23.713,38.52],[23.844,38.389]]],[[[24.236,38.52],[24.105,38.52],[23.975,38.651],[24.236,38.52]]],[[[26.855,38.782],[26.855,38.651],[26.985,38.651],[26.985,38.52],[26.855,38.52],[26.985,38.52],[26.985,38.389],[26.855,38.389],[26.593,38.52],[26.724,38.651],[26.593,38.651],[26.462,38.52],[26.331,38.52],[26.331,38.782],[26.855,38.782]]],[[[20.44,38.913],[20.571,38.782],[20.44,38.913],[20.309,38.913],[20.047,39.175],[20.178,39.305],[20.309,39.305],[20.309,38.913],[20.44,38.913]]],[[[25.807,39.436],[25.807,39.305],[25.545,39.305],[25.415,39.436],[25.938,39.436],[25.807,39.436]]],[[[26.069,39.829],[25.938,39.829],[25.938,39.96],[26.069,39.96],[26.069,39.829]]],[[[25.153,40.091],[25.022,39.96],[24.891,40.091],[25.022,40.222],[25.153,40.222],[25.153,40.091]]],[[[26.985,40.745],[26.724,40.745],[26.724,40.353],[26.593,40.222],[26.462,40.222],[26.331,40.353],[25.676,40.353],[25.545,40.484],[25.415,40.353],[24.76,40.353],[24.629,40.222],[24.236,40.222],[24.105,40.091],[24.236,40.091],[24.367,39.96],[24.236,39.96],[24.236,39.829],[24.629,39.829],[24.76,39.698],[24.76,39.567],[24.367,39.829],[24.105,39.829],[24.105,39.698],[24.236,39.698],[24.367,39.567],[24.367,39.436],[24.236,39.436],[24.105,39.698],[23.844,39.698],[23.844,39.567],[24.105,39.436],[24.105,39.305],[23.844,39.436],[23.713,39.567],[23.713,39.698],[23.582,39.698],[23.32,39.829],[23.32,40.091],[23.189,39.96],[23.058,39.96],[23.058,39.436],[23.32,39.305],[23.32,39.044],[23.451,39.044],[23.713,38.782],[23.713,38.651],[23.582,38.52],[23.582,38.651],[23.451,38.782],[23.32,38.782],[23.32,38.52],[23.451,38.52],[23.32,38.389],[23.058,38.389],[23.058,38.258],[23.189,38.258],[23.451,38.127],[23.713,38.127],[23.844,37.996],[23.975,37.996],[24.105,37.735],[24.367,37.735],[24.498,37.604],[24.498,37.08],[24.367,37.08],[24.367,37.211],[23.975,37.473],[23.451,37.342],[23.582,37.211],[23.582,37.08],[23.844,37.08],[23.844,36.949],[23.975,36.949],[23.713,36.818],[23.582,36.818],[23.582,36.949],[23.32,36.949],[23.189,37.08],[23.189,36.818],[23.451,36.425],[23.451,36.033],[23.582,36.033],[23.582,35.902],[23.451,35.902],[23.451,36.033],[23.189,36.295],[22.927,36.033],[22.927,35.902],[22.796,35.902],[22.796,36.164],[22.665,36.295],[22.535,36.295],[22.535,36.425],[22.404,36.425],[22.404,36.295],[22.273,36.164],[22.011,36.556],[22.011,36.687],[22.142,36.818],[21.88,37.08],[21.749,37.08],[21.749,37.211],[21.618,37.211],[21.618,37.342],[21.487,37.342],[21.618,37.342],[21.88,37.604],[22.142,37.604],[22.142,37.735],[22.404,37.735],[22.665,37.604],[22.927,37.604],[23.189,37.473],[23.32,37.473],[23.32,37.342],[23.32,37.473],[23.582,37.473],[23.582,37.604],[23.32,37.604],[23.32,37.735],[23.058,37.735],[22.796,37.865],[22.665,37.735],[22.404,37.865],[22.273,37.865],[22.142,37.735],[21.88,37.735],[21.88,37.865],[21.749,37.865],[21.749,37.996],[21.749,37.865],[21.618,37.735],[21.487,37.865],[21.487,37.996],[21.356,38.127],[21.356,38.258],[21.225,38.258],[21.225,38.389],[21.618,38.389],[21.487,38.52],[21.356,38.52],[21.225,38.389],[20.964,38.651],[20.833,38.651],[20.44,39.175],[20.571,39.044],[20.702,39.175],[20.702,39.305],[20.833,39.175],[20.833,39.305],[20.702,39.436],[20.833,39.436],[20.833,39.567],[21.095,39.567],[21.095,39.698],[21.356,39.96],[21.487,39.96],[21.487,40.091],[21.356,40.222],[21.356,40.353],[22.142,40.353],[22.404,40.615],[23.189,40.615],[23.189,40.745],[23.582,40.745],[23.713,40.876],[24.498,40.876],[24.498,41.007],[24.891,41.007],[25.153,40.745],[25.284,40.876],[25.415,40.745],[26.462,40.745],[26.593,40.876],[26.593,41.007],[26.462,41.138],[26.985,41.138],[26.985,40.745]]]]}},{"type":"Feature","properties":{"iso3":"GRD","name":"Grenada"},"geometry":{"type":"MultiPolygon","coordinates":[[[[-61.116,11.422],[-61.247,11.422],[-61.247,11.553],[-61.116,11.684],[-60.985,11.684],[-61.116,11.553],[-61.116,11.422]]]]}},{"type":"Feature","properties":{"iso3":"GRL","name":"Greenland"},"geometry":{"type":"MultiPolygon","coordinates":[[[[-45.669,60.251],[-45.8,60.12],[-46.062,60.12],[-46.062,60.251],[-46.193,60.251],[-45.8,60.382],[-45.669,60.382],[-45.669,60.251]]],[[[-36.505,64.964],[-36.636,64.964],[-36.636,65.095],[-36.505,65.225],[-36.375,65.095],[-36.375,64.964],[-36.505,64.964]]],[[[-50.513,69.022],[-50.644,69.022],[-50.775,69.153],[-50.775,69.284],[-50.644,69.415],[-50.382,69.415],[-50.12,69.284],[-50.251,69.284],[-50.382,69.153],[-50.382,69.022],[-50.513,69.022]]],[[[-52.215,69.415],[-51.822,69.284],[-51.429,69.284],[-51.429,69.153],[-51.298,69.022],[-51.429,69.022],[-51.56,68.891],[-52.215,68.76],[-53.524,68.76],[-53.655,68.891],[-53.131,68.891],[-53.262,68.891],[-53.262,69.022],[-54.309,69.022],[-54.309,69.284],[-54.178,69.415],[-53.785,69.415],[-54.047,69.415],[-54.178,69.545],[-54.309,69.545],[-54.309,69.676],[-53.785,69.807],[-53.393,69.676],[-52.738,69.676],[-52.607,69.545],[-52.215,69.415]]],[[[-51.167,70.331],[-51.56,70.331],[-51.56,70.462],[-51.429,70.462],[-51.298,70.331],[-51.036,70.331],[-51.167,70.331]]],[[[-24.855,70.331],[-24.855,70.069],[-25.378,70.069],[-25.509,69.938],[-27.473,69.938],[-27.473,70.069],[-27.211,70.069],[-27.211,70.331],[-25.771,70.331],[-25.247,70.462],[-25.116,70.462],[-24.855,70.331]]],[[[-53.0,70.462],[-53.131,70.462],[-53.393,70.593],[-53.262,70.593],[-53.131,70.724],[-53.0,70.724],[-52.869,70.593],[-52.869,70.462],[-53.0,70.462]]],[[[-54.44,72.295],[-54.571,72.164],[-54.702,72.164],[-54.964,72.033],[-55.225,72.033],[-55.356,72.164],[-55.618,72.164],[-55.095,72.295],[-54.964,72.164],[-54.833,72.295],[-54.44,72.295]]],[[[-17.393,74.913],[-17.393,74.651],[-17.0,74.651],[-16.869,74.52],[-17.0,74.389],[-18.178,74.389],[-18.309,74.52],[-18.309,74.782],[-17.655,74.782],[-17.393,74.913]]],[[[-18.047,75.436],[-18.178,75.436],[-18.571,75.829],[-18.571,75.96],[-18.44,76.091],[-18.178,76.091],[-18.047,75.829],[-18.047,75.436]]],[[[-71.065,76.745],[-71.851,76.745],[-71.982,76.876],[-70.935,76.876],[-70.935,76.745],[-71.065,76.745]]],[[[-17.393,77.138],[-17.655,77.138],[-17.393,77.269],[-17.131,77.269],[-17.131,77.138],[-17.393,77.138]]],[[[-18.44,77.4],[-18.571,77.4],[-18.702,77.531],[-18.702,77.793],[-18.571,77.924],[-18.44,77.924],[-18.44,77.662],[-18.309,77.531],[-18.44,77.4]]],[[[-17.0,79.233],[-17.524,79.102],[-18.047,79.102],[-18.571,79.233],[-18.44,79.364],[-18.047,79.495],[-16.869,79.495],[-16.869,79.364],[-17.0,79.233]]],[[[-18.047,81.327],[-18.178,81.196],[-18.44,81.327],[-18.833,81.327],[-19.095,81.458],[-18.964,81.589],[-18.702,81.589],[-18.571,81.458],[-18.309,81.458],[-18.047,81.327]]],[[[-44.36,81.589],[-44.491,81.458],[-44.884,81.589],[-46.847,81.982],[-46.716,82.113],[-45.8,82.113],[-44.884,81.982],[-44.36,81.982],[-44.229,81.851],[-44.229,81.72],[-44.36,81.589]]],[[[-29.436,83.029],[-28.389,82.898],[-27.08,82.898],[-26.425,82.767],[-25.247,82.767],[-25.378,82.636],[-29.567,82.636],[-31.4,82.505],[-31.531,82.375],[-29.829,82.505],[-25.64,82.505],[-24.593,82.636],[-23.938,82.375],[-23.415,82.375],[-23.284,82.244],[-21.975,82.244],[-21.058,82.113],[-20.927,81.982],[-21.451,81.851],[-21.975,81.851],[-22.498,81.72],[-29.175,81.589],[-29.305,81.458],[-29.044,81.327],[-28.389,81.458],[-24.593,81.458],[-23.676,81.196],[-22.891,81.196],[-22.891,81.327],[-22.629,81.327],[-22.629,81.458],[-20.665,81.458],[-20.535,81.327],[-20.535,81.196],[-20.665,81.065],[-21.451,80.673],[-22.498,80.411],[-22.629,80.28],[-22.367,80.28],[-22.236,80.411],[-21.582,80.411],[-20.927,80.673],[-20.273,80.673],[-20.142,80.804],[-19.487,81.065],[-18.702,81.065],[-18.571,80.935],[-17.131,80.935],[-16.869,80.804],[-16.607,80.935],[-16.345,80.935],[-15.822,81.196],[-15.429,81.196],[-15.036,81.327],[-13.727,81.196],[-12.418,81.196],[-11.895,81.065],[-11.24,81.065],[-10.978,80.935],[-10.847,80.935],[-10.978,80.804],[-11.633,80.804],[-11.895,80.673],[-12.549,80.542],[-12.942,80.542],[-13.204,80.411],[-13.989,80.411],[-13.727,80.411],[-13.727,80.28],[-13.858,80.28],[-13.989,80.149],[-15.822,80.149],[-16.215,80.018],[-16.084,80.018],[-15.822,79.887],[-15.429,79.887],[-15.56,79.756],[-15.953,79.756],[-16.345,79.625],[-18.178,79.625],[-18.44,79.756],[-18.833,79.756],[-18.964,79.625],[-19.356,79.625],[-19.487,79.495],[-19.618,79.495],[-19.618,79.233],[-18.833,79.233],[-18.702,79.102],[-18.833,78.971],[-18.833,78.84],[-18.702,78.84],[-18.571,78.709],[-18.44,78.709],[-18.44,78.578],[-18.702,78.578],[-19.225,78.447],[-19.356,78.316],[-19.88,78.316],[-20.011,78.185],[-20.535,78.055],[-20.404,78.055],[-20.796,77.662],[-20.796,77.531],[-20.927,77.4],[-21.058,77.4],[-21.189,77.269],[-21.189,77.138],[-20.796,77.138],[-20.273,77.4],[-20.011,77.4],[-19.749,77.269],[-19.225,77.269],[-18.964,77.138],[-18.833,77.138],[-18.702,77.007],[-18.964,77.007],[-19.356,77.138],[-19.88,77.138],[-20.142,77.007],[-19.88,76.876],[-19.618,76.876],[-19.225,76.745],[-18.833,76.745],[-18.702,76.615],[-18.571,76.615],[-18.309,76.745],[-17.916,76.745],[-17.785,76.615],[-17.785,76.353],[-17.916,76.222],[-18.571,76.222],[-18.964,76.353],[-20.404,76.353],[-20.404,76.222],[-21.058,76.091],[-21.189,76.091],[-21.32,76.222],[-21.975,76.222],[-22.105,76.091],[-21.451,76.091],[-21.058,75.698],[-19.487,75.698],[-19.356,75.567],[-19.356,75.436],[-18.964,75.175],[-18.964,75.044],[-18.833,75.044],[-18.833,74.651],[-19.487,74.651],[-19.618,74.782],[-19.88,74.782],[-20.535,74.651],[-20.665,74.52],[-21.713,74.52],[-21.582,74.52],[-21.32,74.389],[-20.927,74.389],[-20.404,74.52],[-20.273,74.389],[-20.273,74.127],[-20.535,74.127],[-20.011,74.127],[-20.011,74.258],[-19.88,74.389],[-19.618,74.52],[-18.833,73.996],[-18.702,73.996],[-18.702,73.735],[-19.749,73.735],[-19.618,73.604],[-21.058,73.604],[-21.451,73.735],[-21.32,73.865],[-21.189,73.865],[-21.451,73.996],[-21.32,73.865],[-21.451,73.865],[-21.582,73.735],[-21.713,73.735],[-21.582,73.604],[-21.713,73.604],[-21.713,73.473],[-21.844,73.473],[-21.451,73.473],[-20.796,73.342],[-19.749,73.342],[-19.749,73.211],[-20.011,72.949],[-20.796,72.949],[-20.927,72.818],[-21.32,72.818],[-21.582,72.687],[-21.844,72.687],[-23.153,72.949],[-23.545,73.211],[-23.807,73.08],[-24.331,73.08],[-24.593,73.211],[-24.855,73.211],[-24.985,73.342],[-24.855,73.211],[-24.331,73.08],[-24.2,72.949],[-24.462,72.949],[-25.116,72.687],[-25.64,72.687],[-25.902,72.818],[-26.687,72.818],[-26.033,72.687],[-26.164,72.687],[-26.164,72.556],[-26.295,72.556],[-26.556,72.687],[-26.687,72.556],[-26.949,72.556],[-25.902,72.556],[-25.64,72.687],[-24.855,72.687],[-24.724,72.818],[-23.153,72.818],[-22.891,72.687],[-22.629,72.687],[-22.498,72.556],[-22.236,72.556],[-21.844,72.425],[-21.451,72.425],[-21.451,72.033],[-21.713,71.771],[-21.713,71.509],[-21.975,71.64],[-22.629,71.771],[-23.153,71.771],[-23.284,71.902],[-23.545,71.902],[-23.807,72.164],[-23.938,72.425],[-24.724,72.425],[-26.164,72.164],[-25.509,72.164],[-25.116,72.295],[-24.2,72.295],[-24.069,72.033],[-24.2,71.902],[-24.593,71.902],[-24.593,71.771],[-24.331,71.771],[-24.069,71.902],[-23.807,71.771],[-23.284,71.64],[-23.022,71.64],[-22.367,71.378],[-21.975,71.378],[-21.844,71.247],[-21.451,71.247],[-21.451,71.116],[-21.713,70.985],[-21.975,70.985],[-21.975,70.855],[-21.844,70.724],[-21.844,70.855],[-21.582,70.855],[-21.451,70.985],[-21.189,70.985],[-21.189,70.724],[-21.058,70.593],[-21.189,70.593],[-21.058,70.331],[-21.058,70.069],[-20.927,69.938],[-21.844,69.938],[-21.844,70.331],[-22.105,69.938],[-23.284,69.938],[-23.676,70.331],[-23.676,70.462],[-24.069,70.724],[-24.462,70.724],[-25.116,70.985],[-26.164,70.985],[-26.425,71.116],[-26.556,71.116],[-26.556,70.985],[-25.247,70.985],[-25.247,70.855],[-25.116,70.855],[-25.116,70.724],[-25.247,70.593],[-25.509,70.593],[-25.64,70.462],[-26.033,70.462],[-26.164,70.331],[-26.556,70.331],[-26.818,70.462],[-27.865,70.462],[-27.735,70.331],[-27.473,70.331],[-27.473,70.2],[-27.604,70.069],[-27.865,70.069],[-27.996,69.938],[-28.52,69.938],[-27.996,69.938],[-27.473,69.807],[-26.033,69.938],[-25.902,69.807],[-26.818,69.676],[-27.08,69.415],[-26.818,69.415],[-26.425,69.676],[-25.64,69.676],[-25.116,69.807],[-24.2,69.676],[-23.545,69.676],[-23.153,69.545],[-21.713,69.545],[-21.713,69.415],[-22.236,69.415],[-22.498,69.284],[-23.022,69.153],[-23.284,69.153],[-23.153,69.153],[-23.153,69.022],[-23.676,69.022],[-23.676,68.891],[-23.938,68.891],[-24.2,68.76],[-24.593,68.76],[-24.462,68.629],[-24.593,68.629],[-24.724,68.498],[-24.985,68.498],[-24.985,68.367],[-25.116,68.367],[-25.378,68.236],[-25.64,68.236],[-25.771,68.105],[-26.556,68.105],[-26.687,67.975],[-27.604,67.975],[-27.865,67.844],[-28.258,67.844],[-28.52,67.713],[-29.436,67.713],[-29.698,67.582],[-30.222,67.713],[-30.091,67.713],[-30.091,67.582],[-30.353,67.582],[-30.484,67.451],[-30.615,67.582],[-30.876,67.582],[-31.531,67.844],[-31.793,67.844],[-31.662,67.844],[-31.662,67.713],[-31.793,67.713],[-31.662,67.582],[-31.662,67.32],[-31.924,67.32],[-32.316,67.189],[-32.709,66.927],[-32.84,66.927],[-32.84,66.796],[-32.971,66.796],[-32.971,66.665],[-33.102,66.665],[-33.364,66.404],[-33.495,66.142],[-33.625,66.142],[-33.756,66.011],[-33.756,66.142],[-33.887,66.011],[-34.018,66.011],[-34.018,65.88],[-34.542,65.749],[-35.065,65.749],[-35.196,65.88],[-35.327,65.88],[-35.065,65.618],[-35.196,65.487],[-35.458,65.487],[-35.851,65.225],[-35.851,65.356],[-35.982,65.487],[-35.982,65.356],[-36.113,65.225],[-36.505,65.225],[-36.505,65.356],[-36.898,65.095],[-37.422,65.095],[-37.291,65.225],[-37.291,65.356],[-36.767,65.749],[-37.029,65.749],[-37.291,65.88],[-37.553,65.88],[-37.422,65.749],[-37.16,65.749],[-37.291,65.618],[-37.422,65.618],[-37.553,65.356],[-37.815,65.487],[-37.945,65.487],[-37.945,65.356],[-37.684,65.225],[-37.684,65.095],[-38.862,65.095],[-39.385,64.964],[-39.647,64.964],[-38.993,64.833],[-39.124,64.702],[-39.255,64.702],[-39.647,64.44],[-40.171,64.571],[-40.564,64.571],[-40.564,64.44],[-40.433,64.44],[-40.433,64.309],[-39.909,64.309],[-39.909,64.178],[-39.647,63.916],[-39.778,63.916],[-39.909,63.785],[-40.171,63.785],[-40.171,63.655],[-40.564,63.655],[-40.564,63.785],[-41.087,63.785],[-40.564,63.655],[-40.433,63.524],[-40.433,63.655],[-40.302,63.655],[-40.04,63.524],[-40.04,63.131],[-40.171,63.131],[-40.171,63.0],[-40.433,63.0],[-40.564,62.869],[-40.564,62.738],[-40.825,62.476],[-41.349,62.476],[-41.48,62.607],[-41.611,62.607],[-41.48,62.607],[-41.349,62.476],[-41.087,62.476],[-41.087,62.345],[-41.218,62.345],[-41.349,62.215],[-41.48,62.215],[-41.48,62.084],[-41.742,62.215],[-42.396,62.215],[-42.265,62.084],[-41.873,62.084],[-41.611,61.953],[-41.742,61.953],[-41.611,61.822],[-41.742,61.822],[-41.742,61.56],[-41.611,61.429],[-41.611,61.298],[-41.742,61.167],[-42.004,61.167],[-41.742,61.167],[-41.742,61.036],[-41.873,61.036],[-41.873,60.775],[-42.135,60.513],[-42.135,60.251],[-42.527,59.989],[-43.444,59.989],[-43.051,59.989],[-42.92,59.858],[-42.658,59.858],[-42.658,59.727],[-42.527,59.465],[-42.658,59.465],[-42.789,59.335],[-43.051,59.335],[-43.051,59.465],[-43.444,59.465],[-43.182,59.335],[-43.051,59.335],[-43.182,59.335],[-43.313,59.204],[-43.575,59.335],[-43.836,59.335],[-43.836,59.465],[-43.575,59.727],[-43.705,59.727],[-43.836,59.596],[-43.967,59.596],[-43.967,59.465],[-44.884,59.596],[-44.753,59.727],[-44.753,59.858],[-44.36,59.858],[-44.36,59.989],[-44.229,60.12],[-44.753,59.858],[-44.884,59.858],[-45.015,59.989],[-45.407,59.989],[-45.538,60.12],[-45.538,60.251],[-45.407,60.382],[-45.407,60.513],[-45.276,60.513],[-45.276,60.644],[-45.407,60.644],[-45.407,60.513],[-45.8,60.513],[-46.062,60.382],[-46.193,60.382],[-46.193,60.251],[-47.24,60.251],[-47.109,60.12],[-47.502,60.12],[-47.502,60.251],[-47.633,60.251],[-47.371,60.382],[-47.24,60.382],[-47.24,60.513],[-47.633,60.382],[-47.633,60.513],[-47.895,60.513],[-47.764,60.644],[-48.025,60.644],[-48.418,60.775],[-48.418,60.905],[-48.549,60.905],[-48.68,61.036],[-48.68,61.167],[-48.811,61.167],[-48.811,61.429],[-48.418,61.429],[-48.287,61.56],[-48.68,61.56],[-48.68,61.429],[-49.073,61.429],[-49.073,61.56],[-48.942,61.691],[-49.204,61.691],[-49.335,61.822],[-49.596,61.822],[-49.727,61.953],[-49.727,62.215],[-49.596,62.215],[-49.204,62.476],[-49.596,62.476],[-49.727,62.215],[-49.858,62.215],[-49.858,62.345],[-49.989,62.345],[-49.989,62.476],[-50.251,62.476],[-51.036,63.262],[-50.905,63.393],[-51.036,63.393],[-50.775,63.524],[-50.382,63.524],[-50.12,63.655],[-49.727,63.655],[-49.989,63.655],[-49.858,63.655],[-49.858,63.785],[-49.989,63.785],[-50.12,63.655],[-50.513,63.655],[-50.775,63.524],[-51.036,63.524],[-51.167,63.655],[-50.905,63.916],[-50.644,64.047],[-50.251,64.047],[-50.12,64.178],[-49.858,64.178],[-49.596,63.916],[-49.465,63.916],[-49.596,64.047],[-49.596,64.178],[-49.989,64.178],[-50.251,64.44],[-50.251,64.571],[-50.382,64.702],[-50.382,64.571],[-50.251,64.44],[-50.251,64.309],[-50.12,64.178],[-50.382,64.178],[-50.382,64.047],[-50.644,64.047],[-50.644,64.178],[-50.775,64.178],[-51.298,63.655],[-51.429,63.655],[-51.56,63.785],[-51.56,64.178],[-51.691,64.44],[-51.691,64.571],[-51.953,64.702],[-51.953,64.833],[-51.56,64.833],[-51.167,65.095],[-50.513,65.225],[-51.167,65.225],[-51.167,65.095],[-51.429,65.095],[-51.429,64.964],[-51.953,64.964],[-52.215,65.095],[-52.476,64.964],[-52.607,64.964],[-52.607,65.095],[-52.738,65.225],[-52.607,65.356],[-52.738,65.487],[-52.869,65.487],[-51.56,65.88],[-51.56,66.011],[-51.298,66.011],[-51.298,66.142],[-50.905,66.142],[-50.644,66.273],[-50.905,66.273],[-51.036,66.142],[-51.298,66.142],[-52.084,65.749],[-52.345,65.749],[-52.476,65.618],[-53.0,65.618],[-53.131,65.749],[-53.131,65.88],[-53.0,66.011],[-52.869,66.011],[-52.869,66.142],[-52.607,66.142],[-52.476,66.273],[-51.822,66.273],[-51.822,66.404],[-53.131,66.404],[-53.393,66.535],[-53.262,66.796],[-53.0,66.927],[-52.869,66.927],[-52.476,67.189],[-51.822,67.189],[-51.298,67.058],[-50.644,67.058],[-50.12,66.927],[-50.12,67.058],[-50.644,67.189],[-50.382,67.189],[-51.56,67.189],[-51.822,67.32],[-51.953,67.32],[-52.084,67.189],[-52.476,67.189],[-52.869,67.058],[-53.0,66.927],[-53.131,66.927],[-53.131,67.058],[-53.0,67.189],[-53.0,67.32],[-52.607,67.582],[-52.607,67.713],[-51.56,67.582],[-51.167,67.451],[-51.036,67.451],[-50.775,67.713],[-50.644,67.713],[-50.644,67.844],[-50.905,67.844],[-51.036,67.713],[-52.869,67.713],[-52.738,67.844],[-52.607,67.844],[-52.476,68.105],[-51.691,68.105],[-51.167,67.975],[-50.905,67.975],[-50.382,68.105],[-50.251,68.236],[-50.644,68.236],[-50.644,68.367],[-50.513,68.498],[-50.513,68.629],[-50.251,68.498],[-49.727,68.629],[-50.513,68.629],[-50.513,68.76],[-50.251,69.022],[-50.251,69.153],[-49.858,69.153],[-49.858,69.284],[-49.727,69.284],[-49.989,69.415],[-49.727,69.415],[-49.858,69.545],[-49.989,69.415],[-50.251,69.415],[-50.382,69.545],[-50.644,69.545],[-50.905,69.415],[-51.036,69.415],[-51.822,69.545],[-51.953,69.676],[-52.215,69.676],[-52.476,69.807],[-53.393,69.807],[-53.785,70.069],[-53.916,70.069],[-53.916,70.2],[-52.084,70.2],[-51.822,70.069],[-51.167,69.938],[-50.12,69.807],[-50.12,69.938],[-50.644,69.938],[-50.775,70.069],[-50.775,70.2],[-50.644,70.331],[-50.905,70.331],[-51.167,70.462],[-50.513,70.462],[-50.644,70.462],[-50.775,70.593],[-52.476,70.593],[-52.607,70.724],[-52.215,70.985],[-51.429,70.985],[-51.167,71.116],[-52.215,71.116],[-52.345,70.985],[-52.869,70.985],[-52.869,71.116],[-52.738,71.116],[-52.607,71.247],[-52.738,71.247],[-52.738,71.378],[-52.869,71.378],[-53.0,71.509],[-53.131,71.509],[-53.131,71.64],[-53.262,71.771],[-53.131,71.771],[-53.393,71.771],[-53.262,71.771],[-53.262,71.64],[-53.0,71.378],[-52.869,71.378],[-52.869,71.247],[-53.131,71.247],[-53.262,71.116],[-53.524,71.116],[-53.393,70.985],[-53.393,70.855],[-54.833,70.855],[-55.095,70.985],[-55.095,71.247],[-54.964,71.247],[-54.44,71.771],[-54.309,71.771],[-54.309,71.902],[-54.702,71.64],[-55.095,71.64],[-55.095,71.771],[-54.702,71.771],[-54.833,71.902],[-55.095,71.902],[-54.571,71.902],[-54.44,72.033],[-54.178,72.033],[-54.178,72.425],[-55.095,72.425],[-55.095,72.556],[-54.833,72.556],[-54.833,72.687],[-54.702,72.687],[-54.702,72.818],[-54.833,72.818],[-54.833,72.949],[-55.095,72.818],[-55.225,72.818],[-55.225,72.949],[-55.487,72.949],[-55.618,73.08],[-55.487,73.08],[-55.356,73.211],[-55.225,73.211],[-55.356,73.342],[-55.487,73.342],[-55.487,73.473],[-55.618,73.473],[-55.618,73.604],[-56.665,73.604],[-56.142,73.604],[-56.142,73.865],[-55.88,73.865],[-55.749,73.996],[-56.011,73.996],[-56.273,74.127],[-56.404,74.127],[-56.404,74.258],[-56.535,74.258],[-56.665,74.389],[-57.451,74.52],[-57.713,74.782],[-58.105,74.782],[-57.713,74.913],[-57.975,75.175],[-58.498,75.175],[-58.76,75.305],[-59.153,75.305],[-60.331,75.567],[-61.116,75.567],[-61.509,75.698],[-62.425,75.698],[-62.687,75.829],[-62.818,75.829],[-63.08,75.698],[-64.127,75.698],[-64.389,75.567],[-65.175,75.567],[-65.175,75.698],[-65.567,75.698],[-65.829,75.567],[-66.091,75.567],[-66.353,75.698],[-66.484,75.698],[-66.484,75.567],[-66.353,75.436],[-66.091,75.436],[-68.185,75.567],[-68.84,75.829],[-68.971,75.829],[-68.316,75.96],[-68.055,76.091],[-67.531,76.091],[-68.709,76.091],[-69.102,76.222],[-69.364,76.222],[-69.364,76.353],[-69.102,76.353],[-69.102,76.484],[-70.018,76.222],[-70.411,76.484],[-70.542,76.484],[-70.542,76.615],[-68.447,76.615],[-68.185,76.745],[-67.531,76.876],[-66.876,76.876],[-66.353,76.745],[-65.829,76.745],[-65.96,76.876],[-65.829,76.876],[-65.698,77.007],[-65.829,77.007],[-66.091,77.138],[-66.615,77.138],[-67.007,77.007],[-68.316,77.007],[-68.447,76.876],[-68.84,76.876],[-69.364,77.007],[-69.625,77.007],[-69.625,77.138],[-70.018,77.138],[-69.756,77.269],[-69.495,77.269],[-70.935,77.269],[-71.065,77.4],[-71.72,77.4],[-72.244,77.662],[-71.982,77.662],[-71.982,77.793],[-72.113,77.793],[-71.458,78.055],[-70.149,78.055],[-70.018,78.185],[-69.364,78.185],[-68.316,78.316],[-68.447,78.316],[-68.447,78.447],[-67.269,78.447],[-67.138,78.578],[-65.305,78.578],[-64.913,78.84],[-64.782,78.84],[-64.52,78.971],[-64.389,79.233],[-64.389,79.364],[-64.258,79.364],[-64.258,79.495],[-63.604,79.495],[-63.735,79.625],[-63.996,79.625],[-64.127,79.495],[-66.353,79.495],[-66.484,79.625],[-66.615,79.625],[-66.615,79.756],[-66.484,79.887],[-66.091,80.018],[-65.567,80.018],[-65.436,80.149],[-64.782,80.149],[-64.127,80.411],[-63.342,80.542],[-63.08,80.542],[-62.949,80.411],[-62.425,80.28],[-62.687,80.542],[-62.425,80.673],[-61.509,80.673],[-61.247,80.542],[-60.855,80.542],[-60.724,80.673],[-60.593,80.673],[-60.593,81.065],[-60.724,81.196],[-60.462,81.196],[-60.331,81.327],[-58.367,81.327],[-57.844,81.196],[-57.582,81.065],[-57.189,81.065],[-56.927,80.935],[-56.535,80.935],[-56.273,80.804],[-56.011,80.804],[-56.142,80.804],[-56.273,80.935],[-56.665,80.935],[-57.32,81.065],[-57.975,81.327],[-58.236,81.327],[-58.76,81.458],[-58.105,81.589],[-57.189,81.589],[-56.011,81.72],[-54.833,81.72],[-54.047,81.851],[-53.785,81.72],[-53.262,81.72],[-53.0,81.458],[-53.0,81.065],[-52.869,81.196],[-52.607,81.196],[-52.476,81.327],[-52.476,81.458],[-52.345,81.458],[-52.607,81.589],[-52.607,81.72],[-52.215,81.72],[-51.167,81.458],[-50.775,81.458],[-50.382,81.327],[-48.942,81.327],[-49.073,81.458],[-49.858,81.589],[-50.382,81.851],[-50.251,81.982],[-49.465,81.851],[-48.287,81.851],[-46.847,81.589],[-46.062,81.589],[-44.36,81.196],[-44.098,81.196],[-43.967,81.327],[-44.098,81.458],[-44.098,81.589],[-43.705,81.851],[-43.967,81.982],[-45.015,82.113],[-45.015,82.244],[-42.135,82.244],[-41.742,82.113],[-40.825,82.113],[-40.825,82.244],[-43.705,82.244],[-44.229,82.375],[-44.491,82.375],[-44.753,82.244],[-45.538,82.244],[-45.931,82.375],[-45.669,82.505],[-44.622,82.505],[-44.098,82.636],[-42.658,82.636],[-42.396,82.767],[-41.742,82.636],[-41.087,82.636],[-40.956,82.505],[-40.695,82.505],[-40.171,82.767],[-39.385,82.767],[-38.993,82.636],[-38.338,82.636],[-37.422,82.505],[-37.422,82.636],[-37.945,82.636],[-38.076,82.767],[-38.207,82.767],[-38.076,82.898],[-36.113,82.898],[-36.113,83.029],[-29.436,83.029]]]]}},{"type":"Feature","properties":{"iso3":"GTM","name":"Guatemala"},"geometry":{"type":"MultiPolygon","coordinates":[[[[-88.607,17.313],[-88.607,15.611],[-88.738,15.349],[-88.215,15.349],[-88.215,15.218],[-88.084,15.218],[-87.953,15.349],[-88.084,15.349],[-87.691,15.218],[-87.691,15.087],[-87.822,15.087],[-88.345,14.564],[-88.607,14.564],[-88.607,14.04],[-88.738,13.909],[-89.0,13.909],[-89.0,13.647],[-89.131,13.647],[-89.131,13.516],[-89.262,13.516],[-89.393,13.385],[-89.524,13.385],[-89.524,13.124],[-89.916,13.385],[-90.833,13.385],[-91.095,13.516],[-91.618,14.04],[-91.618,14.433],[-91.487,14.433],[-91.487,14.564],[-91.618,14.695],[-91.618,14.825],[-91.356,15.087],[-91.225,15.349],[-91.225,15.48],[-89.916,15.48],[-89.916,15.873],[-90.047,15.873],[-90.047,16.135],[-90.178,16.135],[-90.309,16.265],[-90.44,16.265],[-90.702,16.527],[-90.702,16.658],[-90.833,16.658],[-90.44,16.658],[-90.44,17.313],[-88.607,17.313]]]]}},{"type":"Feature","properties":{"iso3":"GUM","name":"Guam"},"geometry":{"type":"MultiPolygon","coordinates":[[[[145.196,12.731],[145.065,12.731],[145.065,12.862],[145.327,13.124],[145.327,12.993],[145.196,12.862],[145.196,12.731]]]]}},{"type":"Feature","properties":{"iso3":"GUY","name":"Guyana"},"geometry":{"type":"MultiPolygon","coordinates":[[[[-56.665,5.007],[-56.665,4.876],[-56.796,4.876],[-56.796,4.745],[-56.665,4.745],[-56.665,4.615],[-56.796,4.615],[-56.796,4.484],[-57.189,4.484],[-57.189,4.353],[-57.32,4.353],[-57.32,3.96],[-57.451,3.829],[-57.451,3.436],[-57.32,3.305],[-57.32,3.175],[-57.058,2.913],[-57.058,2.782],[-56.796,2.782],[-56.665,2.651],[-56.665,2.258],[-56.535,2.258],[-56.535,2.127],[-56.404,1.996],[-56.404,1.865],[-56.142,1.604],[-56.142,1.473],[-56.011,1.473],[-55.88,1.342],[-56.535,1.342],[-56.535,1.473],[-56.665,1.473],[-56.665,1.342],[-56.796,1.342],[-56.927,1.211],[-57.189,1.211],[-57.189,1.08],[-57.451,1.08],[-57.451,0.949],[-57.713,0.949],[-57.713,1.08],[-57.844,1.08],[-57.844,0.949],[-57.975,0.949],[-57.975,0.687],[-58.367,0.687],[-58.498,0.818],[-58.629,0.818],[-58.891,1.08],[-59.022,1.08],[-59.022,1.211],[-59.153,1.211],[-59.153,1.735],[-59.284,1.735],[-59.284,1.865],[-59.415,1.996],[-59.415,2.52],[-59.284,2.782],[-59.284,3.044],[-59.022,3.305],[-59.022,3.436],[-59.153,3.567],[-59.153,3.829],[-59.284,3.96],[-59.545,3.96],[-59.545,4.091],[-59.415,4.222],[-59.415,4.484],[-59.545,4.615],[-59.545,4.745],[-59.676,4.745],[-59.807,4.615],[-60.2,4.615],[-60.855,5.4],[-60.593,5.662],[-60.593,6.185],[-60.069,6.185],[-60.069,6.316],[-59.807,6.447],[-59.807,6.578],[-60.069,6.578],[-60.069,6.84],[-60.2,6.971],[-59.938,7.233],[-59.807,7.233],[-59.676,7.364],[-59.676,7.495],[-59.415,7.495],[-59.415,7.625],[-59.284,7.756],[-59.415,8.018],[-59.284,7.756],[-59.153,7.756],[-59.153,7.887],[-59.153,7.756],[-58.891,7.756],[-58.105,7.102],[-58.105,6.971],[-57.975,6.84],[-57.975,6.316],[-58.105,6.185],[-58.105,5.793],[-57.975,5.924],[-57.975,6.185],[-57.844,6.316],[-57.451,6.316],[-57.451,6.185],[-57.189,6.055],[-56.796,5.662],[-56.665,5.662],[-56.665,5.007]]]]}},{"type":"Feature","properties":{"iso3":"HKG","name":"Hong Kong"},"geometry":{"type":"MultiPolygon","coordinates":[[[[114.695,21.633],[114.564,21.764],[114.695,21.764],[114.695,21.633]]],[[[114.433,21.633],[114.302,21.633],[114.302,21.764],[114.433,21.764],[114.433,21.633]]],[[[114.825,21.895],[114.695,21.764],[114.302,21.764],[114.302,21.895],[114.433,21.895],[114.433,22.025],[114.695,22.025],[114.695,21.895],[114.825,21.895]]]]}},{"type":"Feature","properties":{"iso3":"HND","name":"Honduras"},"geometry":{"type":"MultiPolygon","coordinates":[[[[-85.204,15.48],[-84.942,15.349],[-84.549,15.349],[-84.549,15.48],[-84.418,15.48],[-84.025,15.349],[-84.025,15.218],[-83.895,15.218],[-83.895,15.349],[-84.025,15.349],[-83.24,14.825],[-83.371,14.956],[-83.502,14.956],[-83.502,14.825],[-83.371,14.825],[-83.24,14.695],[-82.978,14.695],[-83.109,14.825],[-82.847,14.695],[-82.716,14.564],[-82.716,14.433],[-82.585,14.433],[-82.978,14.433],[-82.978,14.302],[-83.371,14.302],[-83.371,14.171],[-83.895,14.171],[-83.895,14.04],[-84.025,14.04],[-84.156,14.171],[-84.287,14.171],[-84.287,14.302],[-84.549,14.04],[-84.418,14.04],[-84.549,14.04],[-84.549,13.909],[-84.68,13.909],[-84.68,13.778],[-84.811,13.647],[-84.942,13.516],[-85.073,13.516],[-85.073,13.385],[-85.204,13.385],[-85.204,13.255],[-85.465,13.385],[-85.465,13.516],[-85.596,13.516],[-85.596,13.385],[-85.727,13.385],[-85.727,13.255],[-86.251,13.255],[-86.12,12.731],[-86.382,12.731],[-86.382,12.469],[-86.775,12.469],[-86.905,12.6],[-86.905,12.862],[-87.298,12.862],[-87.167,12.862],[-87.167,13.255],[-87.298,13.385],[-87.691,13.385],[-87.822,13.255],[-87.953,13.255],[-87.953,13.385],[-88.084,13.385],[-88.084,13.516],[-88.345,13.516],[-88.345,13.647],[-88.476,13.647],[-88.476,13.778],[-88.607,13.778],[-88.738,13.909],[-88.869,13.909],[-88.738,13.909],[-88.607,14.04],[-88.607,14.564],[-88.345,14.564],[-87.822,15.087],[-87.691,15.087],[-87.691,15.218],[-87.56,15.087],[-87.56,15.218],[-87.429,15.218],[-87.298,15.349],[-87.036,15.349],[-87.036,15.218],[-85.858,15.218],[-85.596,15.349],[-85.335,15.349],[-85.335,15.48],[-85.465,15.48],[-85.204,15.48]]],[[[-85.858,15.873],[-85.989,15.742],[-86.12,15.742],[-85.989,15.742],[-85.858,15.873],[-85.727,15.873],[-85.858,15.873]]],[[[-85.335,15.873],[-85.465,15.873],[-85.335,15.873],[-85.335,16.004],[-85.335,15.873]]]]}},{"type":"Feature","properties":{"iso3":"HRV","name":"Croatia"},"geometry":{"type":"MultiPolygon","coordinates":[[[[18.084,42.185],[18.215,42.185],[17.822,42.185],[18.084,42.185]]],[[[17.036,42.447],[17.56,42.447],[17.56,42.316],[17.167,42.316],[17.036,42.447]]],[[[17.691,42.447],[18.084,42.316],[18.345,42.316],[18.476,42.185],[18.607,42.185],[18.738,42.055],[18.869,42.055],[18.869,41.924],[19.0,41.924],[18.738,41.924],[18.607,42.055],[17.691,42.447],[17.429,42.447],[17.691,42.447]]],[[[17.56,42.578],[16.775,42.578],[16.775,42.709],[17.036,42.709],[17.167,42.578],[17.56,42.578]]],[[[17.167,42.709],[16.905,42.709],[16.905,42.84],[17.298,42.84],[17.298,42.709],[17.167,42.709]]],[[[15.858,43.364],[15.727,43.364],[15.727,43.495],[15.858,43.364]]],[[[15.596,43.495],[15.727,43.495],[15.596,43.495],[15.465,43.625],[15.596,43.495]]],[[[15.596,43.756],[15.465,43.756],[15.465,43.887],[15.335,43.887],[15.335,44.018],[15.204,44.149],[15.335,44.018],[15.465,44.018],[15.727,43.756],[15.596,43.756]]],[[[15.204,44.149],[15.335,44.149],[15.073,44.149],[15.073,44.28],[15.204,44.28],[15.204,44.149]]],[[[14.942,44.149],[14.942,44.018],[14.68,44.28],[14.68,44.411],[14.811,44.411],[14.68,44.542],[14.811,44.673],[14.811,44.411],[14.942,44.411],[14.942,44.149]]],[[[15.204,44.411],[15.073,44.411],[14.942,44.542],[14.811,44.542],[14.942,44.542],[14.942,44.673],[15.073,44.673],[15.073,44.542],[15.204,44.542],[15.204,44.411]]],[[[17.167,45.851],[17.298,45.72],[17.429,45.72],[17.429,45.589],[17.56,45.589],[17.691,45.458],[17.822,45.458],[17.953,45.327],[18.084,45.327],[18.215,45.196],[19.0,45.196],[19.131,45.327],[19.393,45.327],[19.262,45.327],[19.262,45.196],[19.524,44.935],[19.393,44.935],[19.393,44.804],[19.524,44.804],[19.655,44.673],[19.785,44.673],[19.524,44.673],[19.524,44.411],[19.393,44.411],[19.393,44.28],[19.262,44.28],[19.262,44.411],[19.131,44.411],[19.131,44.542],[17.953,44.542],[17.691,44.673],[17.691,44.542],[17.56,44.673],[16.905,44.673],[16.905,44.542],[16.775,44.542],[16.775,44.411],[16.644,44.411],[16.644,44.542],[16.513,44.673],[16.251,44.673],[16.251,44.411],[16.12,44.28],[16.12,44.149],[16.251,44.149],[16.513,44.018],[16.513,43.887],[16.644,43.756],[16.644,43.625],[16.775,43.625],[16.775,43.495],[16.905,43.495],[17.298,43.102],[17.56,42.971],[17.691,42.971],[17.691,42.709],[18.084,42.447],[17.953,42.447],[17.691,42.578],[17.56,42.709],[17.036,42.971],[16.382,42.971],[16.382,43.102],[16.251,43.233],[16.12,43.233],[15.596,43.625],[15.596,43.756],[15.858,43.756],[15.335,44.149],[15.335,44.542],[14.942,44.804],[14.68,44.804],[14.68,44.542],[14.549,44.411],[14.418,44.411],[14.418,44.28],[14.287,44.28],[14.025,44.542],[14.025,44.673],[13.895,44.935],[14.811,44.935],[14.942,45.065],[15.073,45.065],[15.204,44.935],[15.727,44.935],[15.727,45.196],[15.858,45.196],[15.989,45.327],[16.12,45.327],[16.12,45.458],[15.989,45.589],[16.12,45.589],[16.12,45.72],[16.382,45.72],[16.513,45.851],[16.644,45.851],[16.644,45.982],[17.036,45.982],[17.167,45.851]]]]}},{"type":"Feature","properties":{"iso3":"HTI","name":"Haiti"},"geometry":{"type":"MultiPolygon","coordinates":[[[[-72.244,18.229],[-72.244,18.098],[-72.767,18.36],[-72.375,18.36],[-72.244,18.229]]],[[[-71.458,19.145],[-71.196,19.145],[-71.196,18.753],[-71.065,18.622],[-71.196,18.491],[-71.196,18.229],[-71.327,18.098],[-71.458,18.098],[-71.327,17.967],[-71.327,17.836],[-71.196,17.836],[-71.196,17.444],[-71.458,17.705],[-71.982,17.705],[-71.982,17.575],[-72.375,17.575],[-72.636,17.705],[-73.029,17.705],[-73.16,17.575],[-73.291,17.575],[-73.291,17.444],[-73.553,17.705],[-73.684,17.705],[-73.815,17.836],[-73.945,17.836],[-73.815,18.098],[-73.422,18.098],[-73.291,17.967],[-72.375,17.836],[-72.244,17.836],[-72.113,17.967],[-71.851,17.967],[-71.851,18.229],[-72.244,18.491],[-72.244,18.753],[-72.113,18.884],[-72.244,19.015],[-72.505,19.015],[-72.767,19.145],[-72.898,19.145],[-72.898,19.276],[-72.636,19.276],[-72.505,19.407],[-72.113,19.407],[-71.72,19.145],[-71.458,19.145]]],[[[-72.113,19.538],[-72.113,19.407],[-72.244,19.407],[-72.244,19.538],[-72.375,19.407],[-72.375,19.538],[-72.113,19.538]]]]}},{"type":"Feature","properties":{"iso3":"HUN","name":"Hungary"},"geometry":{"type":"MultiPolygon","coordinates":[[[[22.535,47.815],[22.665,47.815],[22.796,47.684],[22.927,47.684],[23.058,47.553],[23.32,47.553],[23.32,47.422],[23.058,47.291],[23.058,47.16],[22.665,47.16],[22.665,47.029],[22.404,47.029],[22.404,46.767],[22.273,46.767],[22.273,46.636],[22.142,46.505],[22.142,46.375],[22.011,46.375],[21.88,46.244],[21.88,46.113],[21.749,46.113],[21.749,45.982],[21.618,45.982],[21.749,45.851],[21.618,45.851],[21.618,45.72],[21.225,45.72],[21.095,45.589],[19.916,45.589],[19.785,45.458],[19.393,45.458],[19.393,45.327],[19.131,45.327],[19.0,45.196],[18.215,45.196],[18.084,45.327],[17.953,45.327],[17.822,45.458],[17.691,45.458],[17.56,45.589],[17.429,45.589],[17.429,45.72],[17.298,45.72],[17.036,45.982],[16.905,45.982],[16.905,46.113],[16.775,46.113],[16.775,46.244],[16.513,46.244],[16.775,46.505],[16.905,46.505],[16.905,46.898],[17.036,46.898],[17.167,47.029],[17.036,47.029],[16.905,47.16],[17.429,47.16],[17.429,47.291],[17.56,47.291],[17.56,47.422],[18.084,47.291],[18.215,47.16],[18.869,47.16],[19.131,47.291],[19.262,47.291],[19.131,47.291],[19.131,47.422],[19.262,47.422],[19.393,47.553],[19.916,47.553],[20.047,47.684],[20.178,47.684],[20.178,47.553],[20.44,47.553],[20.571,47.684],[20.702,47.684],[20.964,47.945],[22.011,47.945],[22.011,47.815],[22.535,47.815]]]]}},{"type":"Feature","properties":{"iso3":"IDN","name":"Indonesia"},"geometry":{"type":"MultiPolygon","coordinates":[[[[123.335,-11.356],[123.204,-11.356],[123.204,-11.225],[123.335,-11.225],[123.465,-11.095],[123.596,-11.095],[123.727,-10.964],[123.727,-10.833],[123.858,-10.964],[123.858,-11.095],[123.727,-11.095],[123.465,-11.356],[123.335,-11.356]]],[[[122.287,-10.964],[122.156,-10.964],[122.287,-10.833],[122.418,-10.833],[122.418,-10.964],[122.287,-10.964]]],[[[123.858,-10.702],[123.727,-10.702],[123.858,-10.571],[123.858,-10.702]]],[[[120.455,-9.785],[120.585,-9.916],[120.716,-9.916],[120.716,-10.047],[120.978,-10.047],[120.978,-10.178],[121.109,-10.178],[121.109,-10.309],[121.24,-10.44],[121.24,-10.571],[121.109,-10.571],[121.109,-10.702],[120.716,-10.702],[120.585,-10.571],[120.455,-10.571],[120.455,-10.44],[120.324,-10.44],[120.062,-10.178],[119.538,-10.178],[119.407,-10.047],[119.407,-9.916],[119.669,-9.785],[120.455,-9.785]]],[[[125.298,-9.524],[125.429,-9.524],[125.56,-9.393],[125.56,-9.655],[125.429,-9.655],[125.429,-10.047],[124.905,-10.571],[124.644,-10.571],[124.251,-10.833],[124.12,-10.833],[124.12,-10.702],[123.989,-10.702],[124.12,-10.571],[124.12,-10.44],[123.989,-10.44],[124.12,-10.309],[124.12,-10.047],[124.382,-9.785],[124.513,-9.785],[124.644,-9.916],[125.036,-9.524],[125.167,-9.524],[125.298,-9.393],[125.298,-9.524]]],[[[116.004,-9.131],[116.004,-9.262],[115.873,-9.131],[116.004,-9.131]]],[[[123.465,-9.0],[123.335,-9.0],[123.335,-8.869],[123.596,-8.869],[123.465,-8.869],[123.465,-9.0]]],[[[119.931,-9.131],[119.8,-9.131],[119.8,-8.869],[119.931,-8.869],[119.931,-9.131]]],[[[123.727,-8.738],[123.727,-8.869],[123.465,-8.869],[123.465,-8.738],[123.596,-8.738],[123.596,-8.607],[123.727,-8.738]]],[[[117.051,-9.0],[116.92,-9.262],[117.051,-9.262],[116.789,-9.393],[116.265,-9.262],[116.265,-9.131],[116.527,-9.131],[116.527,-8.869],[116.789,-8.607],[117.051,-8.738],[117.182,-8.738],[117.182,-8.869],[117.051,-9.0]]],[[[124.775,-8.738],[124.513,-9.0],[124.382,-8.869],[124.382,-8.738],[124.513,-8.738],[124.644,-8.607],[124.775,-8.607],[124.775,-8.738]]],[[[124.382,-8.738],[124.251,-8.738],[124.12,-8.869],[123.989,-8.869],[123.989,-9.0],[123.596,-9.0],[123.858,-8.738],[123.989,-8.738],[124.251,-8.607],[124.382,-8.607],[124.382,-8.738]]],[[[139.305,-8.869],[139.044,-8.738],[139.044,-8.607],[139.175,-8.607],[139.305,-8.738],[139.305,-8.869]]],[[[117.967,-8.738],[117.967,-8.607],[118.098,-8.607],[117.967,-8.738]]],[[[125.036,-8.607],[125.56,-8.607],[125.56,-8.738],[124.775,-8.869],[124.905,-8.738],[124.775,-8.738],[124.905,-8.607],[125.036,-8.607]]],[[[128.309,-8.476],[128.44,-8.607],[128.571,-8.607],[128.44,-8.738],[128.309,-8.607],[128.178,-8.607],[128.309,-8.476]]],[[[123.204,-9.0],[123.073,-9.131],[122.549,-9.131],[122.287,-9.262],[121.895,-9.262],[121.764,-9.393],[121.633,-9.262],[121.502,-9.393],[121.371,-9.393],[121.24,-9.262],[120.324,-9.262],[120.324,-9.131],[120.193,-9.131],[120.193,-9.0],[120.324,-9.0],[120.324,-8.869],[120.455,-8.869],[120.585,-8.738],[120.978,-8.738],[120.978,-8.607],[121.109,-8.738],[121.371,-8.738],[121.502,-8.869],[121.764,-8.869],[121.764,-9.0],[122.025,-9.0],[122.156,-8.869],[122.549,-8.869],[122.68,-9.0],[122.942,-9.0],[122.942,-8.869],[123.073,-8.869],[123.204,-8.738],[123.335,-8.738],[123.335,-8.607],[123.204,-8.607],[123.335,-8.476],[123.465,-8.607],[123.465,-8.738],[123.335,-8.738],[123.335,-8.869],[123.204,-8.869],[123.335,-9.0],[123.204,-9.0]]],[[[131.32,-8.738],[131.189,-8.738],[131.32,-8.738],[131.451,-8.476],[131.451,-8.607],[131.582,-8.607],[131.32,-8.607],[131.32,-8.738]]],[[[118.622,-8.738],[119.145,-8.738],[119.145,-8.869],[119.145,-8.738],[119.407,-8.738],[119.407,-9.0],[119.538,-9.0],[119.538,-9.131],[119.145,-9.131],[119.145,-9.262],[119.276,-9.262],[118.884,-9.262],[118.884,-9.131],[118.753,-9.131],[118.622,-9.262],[118.491,-9.262],[118.229,-9.393],[117.836,-9.393],[117.705,-9.524],[117.705,-9.393],[117.575,-9.524],[117.313,-9.524],[117.182,-9.393],[117.182,-9.0],[117.313,-9.0],[117.313,-8.869],[117.444,-8.869],[117.575,-8.738],[117.705,-8.738],[117.836,-8.869],[118.098,-8.869],[118.098,-9.0],[118.229,-9.131],[118.622,-9.131],[118.622,-9.0],[118.229,-8.738],[118.229,-8.476],[118.36,-8.476],[118.491,-8.607],[118.622,-8.607],[118.622,-8.738]]],[[[115.873,-8.607],[116.004,-8.607],[116.135,-8.738],[116.135,-8.869],[116.004,-9.0],[115.742,-9.0],[115.742,-9.131],[115.611,-9.131],[115.611,-9.262],[115.48,-9.262],[115.611,-9.131],[115.349,-8.869],[115.087,-8.869],[114.956,-8.738],[114.956,-8.607],[115.48,-8.607],[115.611,-8.476],[115.742,-8.476],[115.873,-8.607]]],[[[130.273,-8.345],[130.142,-8.476],[130.011,-8.345],[130.011,-8.215],[130.273,-8.215],[130.273,-8.345]]],[[[127.262,-8.084],[127.262,-8.215],[127.0,-8.215],[127.0,-8.345],[126.215,-8.345],[126.215,-8.215],[126.345,-8.084],[126.869,-8.084],[127.0,-7.953],[127.131,-8.084],[127.262,-8.084]]],[[[127.785,-8.084],[127.785,-7.953],[127.916,-7.953],[127.916,-8.084],[127.785,-8.084]]],[[[138.913,-8.738],[138.782,-8.869],[138.127,-8.869],[138.127,-8.738],[138.389,-8.084],[138.52,-7.953],[138.651,-7.953],[138.782,-7.822],[139.175,-7.822],[139.305,-7.953],[139.436,-7.953],[139.436,-8.084],[139.305,-8.345],[138.913,-8.738]]],[[[131.713,-8.476],[131.582,-8.476],[131.582,-8.345],[131.451,-8.345],[131.713,-7.953],[131.713,-7.822],[131.844,-7.822],[131.844,-7.691],[131.975,-7.691],[131.975,-7.56],[132.105,-7.56],[132.105,-8.084],[131.975,-8.084],[131.975,-8.215],[131.844,-8.215],[131.844,-8.345],[131.713,-8.345],[131.713,-8.476]]],[[[132.367,-7.691],[132.367,-7.56],[132.236,-7.56],[132.367,-7.56],[132.367,-7.691]]],[[[129.095,-7.56],[129.095,-7.691],[128.964,-7.56],[129.095,-7.429],[129.095,-7.56]]],[[[121.24,-7.56],[121.109,-7.56],[121.109,-7.429],[121.24,-7.429],[121.24,-7.56]]],[[[114.302,-7.56],[113.909,-7.56],[113.909,-7.691],[113.516,-7.691],[113.255,-7.56],[113.124,-7.56],[113.255,-7.429],[113.255,-7.298],[114.433,-7.298],[114.564,-7.429],[114.302,-7.429],[114.302,-7.56]]],[[[115.742,-7.429],[115.611,-7.429],[115.611,-7.298],[116.004,-7.298],[116.004,-7.429],[115.742,-7.429]]],[[[105.662,-7.036],[105.531,-7.036],[105.662,-7.036],[105.662,-6.905],[105.662,-7.036]]],[[[134.985,-6.905],[134.985,-7.036],[134.724,-7.298],[134.462,-7.298],[134.462,-7.167],[134.593,-6.905],[134.593,-6.644],[134.724,-6.644],[134.724,-6.775],[134.855,-6.775],[134.985,-6.905]]],[[[107.756,-6.382],[108.018,-6.644],[108.411,-6.644],[108.542,-6.775],[108.673,-6.775],[108.673,-6.644],[109.196,-7.298],[110.636,-7.298],[110.767,-7.429],[110.898,-7.429],[110.898,-7.298],[111.16,-7.036],[111.16,-6.905],[111.422,-6.905],[111.553,-7.036],[111.553,-7.167],[111.815,-7.167],[111.945,-7.036],[112.076,-7.167],[112.469,-7.167],[112.469,-7.298],[112.993,-7.298],[112.993,-7.56],[113.124,-7.691],[113.255,-7.691],[113.255,-7.953],[113.385,-8.084],[113.647,-8.084],[113.909,-8.215],[114.171,-8.084],[114.433,-8.084],[114.825,-8.215],[114.825,-9.0],[114.956,-9.0],[114.956,-9.131],[115.087,-9.131],[114.825,-9.131],[114.695,-9.0],[114.302,-9.0],[114.171,-8.869],[113.647,-8.738],[113.385,-8.738],[113.255,-8.869],[112.993,-8.869],[112.731,-8.738],[111.815,-8.738],[111.422,-8.607],[111.029,-8.607],[110.244,-8.215],[109.72,-8.084],[108.935,-8.084],[108.935,-8.215],[108.28,-8.215],[108.28,-8.084],[108.149,-8.084],[108.018,-7.953],[107.756,-7.953],[107.495,-7.822],[106.84,-7.822],[106.84,-7.56],[106.971,-7.56],[106.971,-7.429],[106.578,-7.298],[105.662,-7.298],[105.662,-7.167],[105.793,-7.036],[105.793,-7.167],[105.924,-7.167],[106.055,-7.036],[106.055,-6.905],[106.185,-6.905],[106.316,-6.382],[106.84,-6.382],[106.971,-6.513],[107.364,-6.513],[107.495,-6.382],[107.756,-6.382]]],[[[124.513,-6.382],[124.382,-6.382],[124.382,-6.251],[124.513,-6.382]]],[[[120.978,-6.775],[120.978,-6.905],[120.847,-6.775],[120.847,-6.251],[120.978,-6.382],[120.978,-6.775]]],[[[113.124,-6.251],[112.993,-6.251],[113.124,-6.12],[113.124,-6.251]]],[[[133.284,-6.251],[133.153,-6.382],[133.153,-6.12],[133.022,-5.989],[133.153,-5.989],[133.153,-6.12],[133.284,-6.251]]],[[[135.116,-6.12],[135.116,-6.513],[135.247,-6.513],[135.116,-6.644],[135.116,-6.775],[134.855,-6.775],[134.593,-6.513],[134.593,-6.382],[134.724,-6.382],[134.724,-6.251],[134.593,-6.12],[134.724,-6.12],[134.985,-5.858],[135.116,-5.858],[135.116,-6.12]]],[[[133.415,-6.382],[133.284,-6.382],[133.284,-6.251],[133.415,-6.12],[133.415,-5.989],[133.545,-5.727],[133.545,-5.989],[133.415,-6.12],[133.415,-6.382]]],[[[102.782,-5.858],[102.651,-5.858],[102.52,-5.727],[102.782,-5.727],[102.782,-5.858]]],[[[122.418,-5.858],[122.287,-5.727],[122.287,-5.465],[122.418,-5.465],[122.418,-5.596],[122.549,-5.596],[122.418,-5.858]]],[[[123.073,-5.727],[122.942,-5.858],[122.811,-5.727],[122.811,-5.858],[122.68,-5.858],[122.68,-5.727],[122.811,-5.596],[122.811,-5.204],[122.942,-5.073],[123.204,-5.073],[123.204,-5.335],[123.073,-5.596],[123.073,-5.727]]],[[[123.596,-4.942],[123.596,-5.204],[123.465,-5.204],[123.465,-5.335],[123.335,-5.596],[123.596,-5.596],[123.596,-5.858],[123.335,-5.858],[123.335,-6.12],[123.073,-6.12],[123.073,-5.727],[123.204,-5.727],[123.204,-5.335],[123.335,-5.204],[123.335,-4.811],[123.465,-4.811],[123.596,-4.942]]],[[[133.938,-4.68],[134.069,-4.68],[133.938,-4.68],[133.807,-4.549],[133.938,-4.68]]],[[[123.727,-4.549],[123.596,-4.68],[123.465,-4.68],[123.465,-4.549],[123.335,-4.549],[123.335,-4.418],[123.727,-4.418],[123.727,-4.549]]],[[[128.964,-4.025],[128.833,-4.025],[128.833,-3.895],[128.964,-4.025]]],[[[128.702,-4.156],[128.309,-4.156],[128.702,-3.895],[128.702,-4.156]]],[[[129.095,-4.025],[128.964,-3.895],[129.095,-3.895],[129.095,-4.025]]],[[[116.789,-3.895],[116.789,-4.025],[116.789,-3.764],[116.789,-3.895]]],[[[128.047,-3.764],[127.916,-3.764],[127.916,-3.633],[128.047,-3.764]]],[[[116.789,-4.287],[116.527,-4.418],[116.527,-4.287],[116.396,-4.156],[116.396,-4.025],[116.527,-3.895],[116.527,-3.764],[116.658,-3.633],[116.658,-4.025],[116.789,-4.156],[116.658,-4.287],[116.789,-4.287]]],[[[127.262,-3.502],[127.393,-3.633],[127.524,-3.633],[127.524,-3.764],[127.655,-3.764],[127.655,-4.025],[127.524,-4.025],[127.524,-4.156],[127.262,-4.156],[127.131,-4.287],[127.0,-4.156],[126.869,-4.156],[126.607,-4.025],[126.607,-3.895],[126.476,-3.895],[126.476,-3.502],[126.607,-3.633],[126.738,-3.502],[127.262,-3.502]]],[[[128.44,-3.371],[128.309,-3.502],[128.309,-3.371],[128.44,-3.371]]],[[[107.364,-3.371],[107.233,-3.502],[107.233,-3.371],[107.364,-3.371]]],[[[130.142,-3.24],[130.404,-3.371],[130.796,-3.371],[131.058,-3.502],[131.058,-3.764],[131.189,-3.895],[131.32,-3.895],[131.32,-4.025],[131.189,-4.287],[131.058,-4.156],[130.404,-3.895],[130.404,-3.764],[129.88,-3.764],[130.011,-3.764],[130.011,-3.895],[129.749,-3.895],[129.618,-3.764],[129.356,-3.764],[129.356,-3.633],[129.225,-3.633],[129.225,-3.764],[129.095,-3.764],[129.095,-3.895],[128.833,-3.895],[128.702,-3.633],[128.44,-3.633],[128.44,-3.895],[128.309,-3.895],[128.309,-3.633],[128.571,-3.371],[128.571,-3.24],[129.487,-3.24],[129.487,-3.371],[129.749,-3.371],[129.749,-3.24],[130.142,-3.24]]],[[[100.818,-3.633],[100.949,-3.764],[100.818,-3.633],[100.818,-3.502],[100.687,-3.502],[100.687,-3.371],[100.556,-3.24],[100.687,-3.24],[100.949,-3.502],[100.818,-3.502],[100.818,-3.633]]],[[[108.673,-3.371],[108.673,-3.502],[108.542,-3.633],[108.411,-3.633],[108.411,-3.502],[108.28,-3.502],[108.28,-3.633],[108.018,-3.633],[108.018,-3.109],[108.149,-2.978],[108.542,-2.978],[108.673,-3.109],[108.673,-3.371]]],[[[100.687,-3.109],[100.556,-3.24],[100.425,-3.24],[100.425,-2.978],[100.687,-3.109]]],[[[134.855,-2.585],[134.724,-2.585],[134.724,-2.455],[134.855,-2.455],[134.855,-2.585]]],[[[100.295,-2.716],[100.295,-2.847],[99.902,-2.585],[100.033,-2.585],[100.033,-2.455],[100.164,-2.455],[100.164,-2.585],[100.295,-2.716]]],[[[126.476,-2.847],[126.345,-2.847],[126.345,-2.455],[126.476,-2.455],[126.345,-2.585],[126.476,-2.847]]],[[[126.476,-2.193],[126.738,-2.193],[126.738,-2.324],[125.822,-2.324],[125.822,-2.193],[126.476,-2.193]]],[[[123.596,-2.193],[123.465,-2.324],[123.465,-2.193],[123.596,-2.193]]],[[[130.796,-2.062],[130.796,-2.455],[130.273,-2.455],[130.142,-2.324],[130.404,-2.193],[130.665,-2.193],[130.796,-2.062]]],[[[125.429,-2.193],[125.56,-2.193],[125.56,-2.062],[125.56,-2.193],[125.691,-2.193],[125.691,-2.324],[125.298,-2.324],[125.036,-2.455],[124.905,-2.455],[124.775,-2.324],[124.775,-2.062],[125.036,-2.062],[125.429,-2.193]]],[[[135.902,-2.062],[136.687,-2.062],[136.818,-2.193],[137.342,-2.193],[137.08,-2.324],[136.556,-2.324],[136.425,-2.193],[135.902,-2.062]]],[[[109.327,-2.062],[109.196,-1.931],[109.327,-1.931],[109.327,-2.062]]],[[[106.447,-2.062],[106.447,-2.193],[106.578,-2.193],[106.578,-2.585],[106.84,-2.847],[107.233,-2.978],[107.102,-3.109],[107.102,-3.502],[106.971,-3.502],[106.84,-3.371],[106.709,-3.371],[106.578,-3.24],[106.447,-3.24],[106.316,-3.109],[106.316,-2.847],[106.185,-2.716],[106.185,-2.585],[106.055,-2.585],[105.924,-2.455],[105.793,-2.585],[105.662,-2.585],[105.662,-2.455],[105.531,-2.455],[105.662,-2.324],[105.793,-2.324],[105.793,-2.062],[105.924,-2.062],[106.055,-1.931],[106.055,-2.062],[106.185,-2.193],[106.185,-1.931],[106.447,-1.931],[106.447,-2.062]]],[[[123.989,-2.193],[123.858,-2.062],[123.858,-1.931],[123.989,-1.931],[123.989,-2.193]]],[[[128.571,-2.062],[128.44,-2.193],[128.309,-2.062],[128.178,-2.062],[128.047,-2.193],[127.916,-2.062],[127.785,-2.062],[128.047,-1.8],[128.309,-1.8],[128.571,-2.062]]],[[[123.596,-1.538],[123.596,-1.669],[123.727,-1.8],[123.727,-1.669],[123.989,-1.669],[123.989,-1.931],[123.727,-1.931],[123.727,-1.8],[123.727,-2.062],[123.596,-2.062],[123.596,-1.669],[123.335,-2.062],[123.335,-1.931],[123.204,-1.8],[123.204,-1.669],[123.335,-1.669],[123.596,-1.538]]],[[[110.113,-1.669],[109.851,-1.669],[109.851,-1.407],[110.113,-1.407],[110.244,-1.538],[110.113,-1.538],[110.113,-1.669]]],[[[135.378,-1.538],[135.247,-1.538],[135.247,-1.407],[135.378,-1.407],[135.378,-1.538]]],[[[99.64,-2.193],[99.509,-2.193],[99.247,-2.062],[99.247,-1.931],[99.116,-1.669],[98.985,-1.669],[99.247,-1.276],[99.509,-1.669],[99.509,-1.931],[99.64,-1.931],[99.64,-2.193]]],[[[131.451,-1.8],[131.32,-1.8],[131.189,-1.669],[131.189,-1.538],[131.058,-1.407],[131.32,-1.276],[131.451,-1.407],[131.451,-1.8]]],[[[131.32,-1.145],[131.32,-1.276],[130.796,-1.407],[130.927,-1.276],[131.189,-1.276],[131.189,-1.145],[131.32,-1.145]]],[[[135.771,-1.015],[136.033,-1.145],[136.295,-1.145],[136.556,-1.276],[136.556,-1.407],[136.687,-1.538],[136.818,-1.538],[136.687,-1.538],[136.556,-1.669],[136.425,-1.538],[136.295,-1.669],[136.295,-1.407],[136.164,-1.276],[135.902,-1.276],[135.902,-1.145],[135.902,-1.276],[135.902,-1.145],[135.771,-1.145],[135.771,-1.015]]],[[[127.785,-1.145],[127.655,-1.276],[127.655,-1.145],[127.524,-1.145],[127.655,-1.015],[127.785,-1.145]]],[[[131.058,-1.015],[130.927,-0.884],[131.058,-0.884],[131.058,-1.015]]],[[[122.287,-0.884],[122.156,-0.884],[122.156,-1.015],[122.025,-1.015],[122.156,-0.884],[122.287,-0.884]]],[[[133.938,-1.145],[134.462,-1.145],[134.593,-1.276],[134.462,-1.276],[134.462,-1.407],[134.724,-1.8],[134.724,-1.931],[134.593,-1.931],[134.593,-2.716],[134.724,-3.109],[134.855,-3.24],[134.855,-2.978],[135.116,-2.978],[135.116,-3.371],[135.247,-3.371],[135.247,-3.633],[135.378,-3.633],[135.509,-3.764],[135.902,-3.764],[136.425,-3.24],[136.425,-3.109],[136.687,-2.978],[136.687,-2.847],[136.818,-2.716],[137.08,-2.585],[137.473,-2.585],[137.604,-2.455],[137.604,-2.193],[137.996,-1.931],[138.389,-1.931],[138.52,-2.062],[139.044,-2.193],[139.305,-2.455],[139.567,-2.455],[139.698,-2.585],[139.96,-2.585],[140.353,-2.847],[140.615,-2.716],[140.615,-2.847],[141.138,-2.847],[141.138,-2.978],[141.4,-2.978],[141.4,-6.905],[141.269,-7.036],[141.269,-7.167],[141.4,-7.298],[141.4,-9.524],[140.876,-9.0],[140.484,-8.738],[140.484,-8.607],[140.353,-8.607],[140.484,-8.476],[140.484,-8.345],[140.484,-8.476],[140.222,-8.476],[140.091,-8.607],[139.698,-8.607],[139.698,-8.345],[139.567,-8.476],[139.567,-8.607],[139.305,-8.738],[139.305,-8.345],[139.567,-7.953],[139.305,-7.953],[139.305,-7.822],[139.175,-7.691],[139.436,-7.691],[139.567,-7.56],[139.567,-7.691],[139.436,-7.691],[139.305,-7.56],[139.175,-7.56],[139.044,-7.298],[139.305,-7.298],[139.175,-7.167],[139.175,-7.036],[139.044,-7.036],[138.913,-6.905],[138.913,-6.775],[138.782,-6.513],[138.782,-6.251],[138.651,-6.251],[138.651,-6.12],[138.782,-6.12],[138.52,-6.12],[138.52,-5.858],[138.389,-5.858],[138.258,-5.727],[138.127,-5.727],[137.735,-5.465],[137.735,-5.335],[137.604,-5.465],[137.604,-5.335],[137.342,-5.335],[136.818,-5.073],[136.556,-5.073],[136.425,-4.942],[136.164,-4.942],[135.902,-4.811],[135.771,-4.811],[135.64,-4.942],[135.64,-4.811],[135.116,-4.68],[135.116,-4.418],[135.247,-4.418],[135.247,-4.287],[135.116,-4.418],[134.855,-4.418],[134.855,-4.287],[134.724,-4.418],[134.593,-4.287],[134.462,-4.287],[134.069,-3.895],[134.069,-3.633],[134.2,-3.633],[134.331,-3.502],[134.069,-3.502],[134.069,-3.895],[133.938,-3.895],[133.938,-4.025],[133.807,-4.156],[133.807,-4.287],[133.676,-4.549],[133.415,-4.549],[133.153,-4.287],[133.153,-4.156],[133.284,-4.025],[133.284,-3.895],[133.022,-3.502],[132.76,-3.371],[132.498,-3.371],[132.367,-3.24],[132.498,-3.24],[132.629,-3.109],[133.022,-3.109],[133.022,-3.24],[133.153,-3.24],[133.545,-2.847],[133.676,-2.847],[133.807,-2.978],[134.069,-2.978],[134.069,-3.109],[134.2,-2.978],[134.2,-2.847],[134.331,-2.847],[134.331,-2.716],[134.2,-2.716],[134.331,-2.585],[134.2,-2.585],[133.938,-2.716],[133.807,-2.585],[133.676,-2.585],[133.415,-2.716],[133.022,-2.716],[132.891,-2.585],[132.891,-2.716],[132.76,-2.716],[132.367,-2.324],[132.367,-1.931],[132.105,-1.931],[131.713,-1.8],[131.582,-1.931],[131.451,-1.931],[131.451,-1.669],[131.582,-1.669],[131.582,-1.538],[131.844,-1.145],[132.367,-1.145],[132.367,-1.015],[132.498,-1.015],[132.498,-0.884],[132.76,-0.753],[133.022,-0.753],[133.284,-0.884],[133.545,-0.884],[133.938,-1.145]]],[[[104.876,-0.753],[105.007,-0.884],[104.745,-1.145],[104.745,-0.753],[104.745,-0.884],[104.876,-0.753]]],[[[128.047,-0.753],[128.047,-1.145],[128.309,-1.145],[128.309,-1.276],[128.047,-1.276],[128.047,-1.145],[127.916,-1.276],[127.916,-1.015],[127.785,-1.015],[127.785,-0.753],[127.916,-0.884],[127.916,-0.753],[128.047,-0.753]]],[[[127.655,-0.884],[127.524,-0.884],[127.524,-0.753],[127.655,-0.622],[127.655,-0.884]]],[[[104.222,-0.753],[103.829,-0.753],[103.96,-0.753],[103.96,-0.622],[104.091,-0.622],[104.091,-0.753],[104.222,-0.753]]],[[[131.189,-0.491],[131.451,-0.491],[131.713,-0.622],[131.713,-0.753],[131.32,-0.753],[131.058,-0.491],[131.058,-0.622],[131.189,-0.753],[131.32,-0.753],[131.32,-0.884],[131.189,-0.884],[131.189,-0.753],[130.796,-0.753],[130.665,-0.622],[130.665,-0.491],[131.189,-0.491]]],[[[98.855,-1.015],[98.724,-1.015],[98.724,-0.753],[98.855,-0.753],[98.855,-0.622],[98.724,-0.491],[98.855,-0.491],[98.855,-0.622],[98.985,-0.622],[98.985,-0.753],[98.855,-1.015]]],[[[105.269,-0.622],[105.4,-0.622],[105.4,-0.753],[105.138,-0.622],[104.876,-0.622],[104.876,-0.491],[105.138,-0.491],[105.269,-0.622]]],[[[130.011,-0.622],[129.88,-0.622],[129.749,-0.491],[130.011,-0.622]]],[[[127.916,-0.491],[127.785,-0.491],[127.916,-0.36],[127.916,-0.491]]],[[[105.138,-0.491],[105.007,-0.491],[104.876,-0.36],[105.007,-0.36],[105.138,-0.491]]],[[[103.698,0.033],[103.567,0.033],[103.567,0.164],[103.698,0.164],[103.698,0.033]]],[[[127.785,0.033],[127.785,0.164],[127.916,0.164],[127.785,0.033]]],[[[127.785,0.295],[127.785,0.164],[127.655,0.295],[127.785,0.295]]],[[[103.829,0.164],[103.829,0.033],[103.829,0.295],[103.96,0.164],[103.829,0.164]]],[[[104.615,0.295],[104.484,0.295],[104.484,0.425],[104.615,0.295]]],[[[103.436,0.164],[103.175,0.164],[102.913,0.295],[102.913,0.556],[103.044,0.556],[103.305,0.295],[103.436,0.295],[103.436,0.164]]],[[[103.829,0.556],[103.829,0.425],[103.698,0.556],[103.829,0.556]]],[[[103.567,0.295],[103.436,0.295],[103.436,0.425],[103.175,0.425],[103.175,0.556],[103.436,0.556],[103.436,0.425],[103.567,0.295]]],[[[104.484,0.687],[104.484,0.556],[104.615,0.556],[104.484,0.425],[104.353,0.425],[104.353,0.556],[104.484,0.556],[104.484,0.687]]],[[[105.007,0.687],[105.007,0.556],[105.138,0.556],[105.138,0.425],[105.007,0.295],[104.876,0.295],[104.876,0.556],[104.745,0.425],[104.615,0.425],[104.615,0.556],[104.745,0.687],[105.007,0.687]]],[[[102.913,0.425],[102.782,0.425],[102.651,0.556],[102.651,0.818],[102.782,0.818],[102.782,0.687],[102.913,0.687],[102.913,0.425]]],[[[97.938,0.949],[98.069,0.687],[98.331,0.425],[98.331,0.033],[98.069,0.033],[98.069,0.295],[97.938,0.425],[97.807,0.425],[97.807,0.556],[97.545,0.818],[97.676,0.818],[97.807,0.949],[97.938,0.949]]],[[[102.913,0.949],[102.913,0.818],[102.782,0.818],[102.651,0.949],[102.389,0.949],[102.389,1.08],[102.913,0.949]]],[[[125.298,0.425],[124.905,0.033],[124.905,-0.098],[124.644,-0.098],[124.644,-0.229],[123.727,-0.229],[123.596,-0.098],[121.109,-0.098],[120.978,0.033],[120.585,-0.229],[120.585,-0.36],[120.455,-0.491],[120.455,-1.015],[120.585,-1.015],[120.716,-1.276],[120.847,-1.407],[120.978,-1.407],[120.978,-1.669],[121.109,-1.8],[121.633,-1.8],[121.633,-1.669],[121.895,-1.407],[121.895,-1.276],[122.156,-1.276],[122.156,-1.407],[122.418,-1.407],[122.68,-1.145],[123.335,-1.145],[123.204,-1.145],[123.335,-1.015],[123.858,-1.015],[123.858,-1.407],[123.596,-1.407],[123.596,-1.276],[123.335,-1.276],[123.335,-1.407],[123.204,-1.407],[123.204,-1.538],[123.073,-1.538],[122.811,-1.931],[122.68,-1.931],[122.549,-2.062],[122.287,-2.062],[122.156,-2.193],[122.156,-2.324],[121.764,-2.324],[122.025,-2.585],[122.156,-2.585],[122.156,-2.716],[122.287,-2.716],[122.418,-2.978],[122.418,-3.109],[122.68,-3.371],[122.68,-3.502],[122.811,-3.633],[122.68,-3.764],[122.68,-4.025],[122.942,-4.287],[123.073,-4.287],[123.073,-4.549],[123.204,-4.549],[123.204,-4.418],[123.335,-4.549],[123.335,-4.811],[122.942,-4.811],[122.68,-4.942],[122.549,-4.942],[122.418,-5.073],[122.549,-5.204],[122.418,-5.204],[122.287,-5.335],[122.156,-5.204],[122.025,-5.204],[121.895,-5.073],[121.895,-4.942],[122.025,-4.68],[122.025,-4.418],[121.895,-4.418],[121.371,-4.025],[121.371,-3.895],[121.502,-3.633],[121.502,-3.24],[121.371,-3.109],[120.978,-3.109],[120.716,-3.24],[120.716,-3.633],[120.847,-3.633],[120.847,-5.204],[120.716,-5.335],[120.716,-5.596],[120.847,-5.858],[120.847,-5.989],[120.324,-5.989],[120.193,-6.12],[119.931,-5.989],[119.8,-5.858],[119.8,-5.465],[119.931,-5.335],[119.931,-5.073],[120.062,-4.942],[120.062,-4.418],[119.931,-4.156],[119.931,-3.895],[119.669,-3.895],[119.407,-4.025],[119.407,-3.895],[119.276,-3.764],[119.276,-3.24],[119.145,-3.24],[119.145,-3.109],[119.276,-3.109],[119.538,-2.847],[119.538,-2.585],[119.8,-2.324],[119.8,-2.193],[119.669,-2.062],[119.8,-2.062],[119.8,-1.931],[119.669,-1.8],[119.8,-1.669],[119.931,-1.276],[120.062,-1.145],[120.193,-1.145],[120.324,-1.276],[120.324,-1.145],[120.193,-1.145],[120.193,-0.491],[120.324,-0.491],[120.193,-0.36],[120.324,-0.098],[120.455,-0.098],[120.455,0.164],[120.585,0.164],[120.716,0.295],[120.716,0.425],[120.847,0.295],[121.109,0.295],[121.109,0.425],[121.24,0.425],[121.24,0.687],[121.371,0.687],[121.371,0.818],[121.502,0.818],[121.633,0.687],[121.895,0.687],[121.895,0.556],[122.287,0.556],[122.549,0.425],[123.073,0.425],[123.204,0.295],[123.335,0.295],[123.335,0.425],[123.727,0.425],[124.382,0.295],[124.644,0.425],[124.775,0.687],[125.036,0.687],[125.036,0.818],[125.298,1.08],[125.56,1.08],[125.691,0.949],[125.429,0.687],[125.429,0.556],[125.298,0.425]]],[[[102.127,1.473],[102.258,1.342],[102.127,1.342],[102.127,1.211],[101.865,1.211],[101.865,1.473],[101.996,1.473],[102.127,1.604],[102.127,1.473]]],[[[128.178,0.295],[128.309,0.295],[128.309,0.425],[128.44,0.425],[128.44,0.556],[128.571,0.556],[128.571,0.818],[128.702,0.818],[129.095,1.08],[129.095,0.556],[128.833,0.295],[128.702,0.295],[128.702,0.164],[128.833,0.033],[129.095,0.033],[129.095,-0.229],[129.225,-0.229],[129.356,-0.36],[128.833,-0.229],[128.702,-0.098],[128.309,-0.098],[128.309,-0.491],[128.44,-0.622],[128.702,-1.145],[128.702,-1.276],[128.833,-1.276],[128.702,-1.276],[128.44,-1.145],[128.309,-0.884],[128.309,-0.753],[128.178,-0.753],[128.178,-0.622],[128.047,-0.622],[128.178,-0.491],[128.047,-0.491],[128.047,-0.36],[128.178,-0.229],[128.047,-0.229],[127.916,-0.098],[127.916,0.164],[128.047,0.164],[128.047,0.295],[127.785,0.687],[127.916,0.949],[127.916,1.08],[128.047,1.08],[128.047,1.342],[128.309,1.604],[128.44,1.604],[128.309,1.342],[128.309,1.211],[128.44,1.08],[128.44,0.687],[128.047,0.425],[128.047,0.295],[128.178,0.295]]],[[[97.807,1.473],[97.676,1.604],[97.545,1.604],[97.545,1.735],[97.676,1.604],[97.807,1.604],[97.807,1.473]]],[[[128.833,1.473],[128.702,1.473],[128.702,1.865],[128.833,1.996],[128.964,1.996],[129.095,1.865],[129.095,1.604],[128.964,1.604],[128.833,1.473]]],[[[96.891,1.865],[96.891,1.735],[96.76,1.865],[96.498,1.996],[96.367,1.996],[96.367,2.127],[96.236,2.127],[96.105,2.258],[96.236,2.258],[96.236,2.389],[96.367,2.389],[96.367,2.258],[96.498,2.127],[96.629,2.127],[96.891,1.996],[96.891,1.865]]],[[[109.327,2.389],[109.327,2.258],[109.196,2.389],[109.327,2.389]]],[[[106.185,2.258],[106.185,2.389],[106.055,2.52],[106.185,2.52],[106.185,2.389],[106.316,2.389],[106.185,2.389],[106.185,2.258]]],[[[106.709,2.651],[106.709,2.52],[106.578,2.52],[106.578,2.651],[106.709,2.651]]],[[[118.098,2.782],[118.098,2.651],[117.967,2.782],[117.967,2.913],[118.098,2.913],[118.098,2.782]]],[[[126.084,2.913],[125.953,2.913],[125.953,3.044],[125.822,3.175],[125.953,3.175],[125.953,3.044],[126.084,2.913]]],[[[127.131,3.305],[127.131,3.436],[127.0,3.436],[127.131,3.436],[127.131,3.305]]],[[[118.36,3.567],[118.36,3.436],[118.098,3.436],[118.098,3.567],[118.36,3.567]]],[[[108.804,3.175],[108.542,3.044],[108.542,3.175],[108.673,3.175],[108.673,3.305],[108.411,3.305],[108.411,3.436],[108.673,3.698],[108.673,3.567],[108.804,3.436],[108.804,3.175]]],[[[116.92,3.829],[117.575,3.829],[117.967,3.567],[117.836,3.567],[118.098,3.305],[118.098,3.175],[118.229,3.175],[118.098,3.044],[117.967,3.175],[117.836,3.044],[117.444,3.044],[117.575,3.044],[117.836,2.913],[117.836,2.782],[117.705,2.651],[117.836,2.651],[117.967,2.52],[118.098,2.52],[118.098,2.389],[117.967,2.389],[118.098,2.389],[118.098,2.258],[118.229,2.258],[118.229,2.127],[118.491,1.865],[118.491,1.604],[118.36,1.604],[118.36,1.473],[118.229,1.473],[118.884,0.818],[119.015,0.818],[119.407,0.425],[119.276,0.295],[118.622,0.295],[118.36,0.556],[118.36,0.295],[118.229,0.295],[118.229,0.164],[117.967,-0.229],[117.967,-0.36],[117.836,-0.622],[117.836,-0.753],[117.967,-1.015],[117.967,-1.276],[117.836,-1.276],[117.705,-1.407],[117.575,-1.407],[117.444,-1.538],[117.444,-1.669],[117.182,-1.669],[117.182,-1.407],[117.182,-1.8],[117.051,-1.8],[116.92,-1.931],[116.92,-2.062],[116.789,-2.193],[116.658,-2.193],[116.789,-2.193],[116.92,-2.324],[116.789,-2.455],[116.789,-2.585],[116.92,-2.585],[117.051,-2.716],[116.92,-2.847],[116.92,-2.978],[116.789,-2.978],[116.789,-3.371],[116.527,-3.371],[116.658,-3.502],[116.658,-3.633],[116.527,-3.633],[116.527,-3.764],[116.396,-3.895],[116.396,-4.025],[115.087,-4.549],[115.087,-4.156],[114.956,-3.895],[114.956,-3.764],[114.825,-3.895],[114.695,-3.895],[114.695,-3.764],[114.825,-3.633],[114.695,-3.764],[114.433,-3.764],[114.171,-3.895],[114.04,-3.895],[114.04,-3.633],[113.778,-3.633],[113.516,-3.371],[113.385,-3.633],[113.124,-3.764],[112.6,-3.764],[112.338,-3.895],[112.338,-4.025],[112.207,-3.895],[112.207,-3.371],[111.684,-3.371],[111.422,-3.502],[111.291,-3.502],[111.291,-3.371],[111.16,-3.371],[111.16,-3.502],[111.029,-3.371],[110.636,-3.371],[110.636,-3.109],[110.505,-2.716],[110.505,-2.324],[110.375,-2.324],[110.375,-2.193],[110.505,-2.062],[110.505,-1.8],[110.244,-1.538],[110.244,-1.407],[109.72,-1.276],[109.72,-1.145],[109.851,-1.145],[109.851,-1.015],[109.72,-1.015],[109.589,-0.884],[109.589,-0.491],[109.72,-0.491],[109.589,-0.491],[109.589,-0.36],[109.458,-0.36],[109.327,-0.229],[109.327,0.556],[109.458,0.687],[109.589,0.687],[109.458,0.687],[109.458,0.949],[109.851,1.342],[110.113,1.473],[109.982,1.342],[109.982,1.211],[110.113,1.211],[110.113,0.949],[110.244,0.818],[110.375,0.818],[110.375,0.687],[110.505,0.687],[110.898,0.295],[111.422,0.425],[111.553,0.556],[111.684,0.425],[112.207,0.425],[112.338,0.556],[112.469,0.556],[112.731,0.949],[113.385,0.949],[113.385,0.818],[113.778,0.818],[113.909,0.687],[114.171,0.687],[114.171,0.818],[114.302,0.818],[114.433,0.949],[114.956,0.949],[115.087,1.08],[115.087,1.342],[115.218,1.342],[115.218,1.735],[115.349,1.735],[115.611,1.996],[115.48,2.127],[115.48,2.389],[115.611,2.389],[115.611,2.52],[115.742,2.389],[115.873,2.389],[115.873,2.651],[116.004,2.782],[116.004,3.567],[116.135,3.698],[116.265,3.698],[116.265,3.829],[116.396,3.698],[116.527,3.829],[116.789,3.829],[116.789,3.698],[116.92,3.829]]],[[[127.262,3.436],[127.131,3.436],[127.131,3.567],[127.262,3.698],[127.131,3.698],[127.131,3.96],[127.262,3.96],[127.262,3.829],[127.393,3.698],[127.262,3.567],[127.262,3.436]]],[[[96.891,4.615],[97.022,4.615],[97.284,4.745],[97.415,4.745],[97.545,4.615],[98.069,4.615],[98.069,4.484],[98.331,4.353],[98.331,4.222],[98.724,3.829],[98.724,3.567],[98.985,3.436],[99.116,3.436],[99.116,3.305],[99.247,3.175],[99.64,3.044],[99.902,2.782],[100.164,2.651],[100.295,2.389],[100.425,2.389],[100.425,2.258],[100.687,1.865],[100.818,1.865],[100.818,1.735],[100.949,1.604],[101.08,1.604],[101.342,1.342],[101.342,1.473],[101.211,1.604],[101.211,1.735],[101.473,1.735],[101.735,1.473],[101.735,1.342],[101.865,1.211],[101.865,1.08],[102.258,1.08],[102.52,0.818],[102.52,0.687],[102.651,0.556],[102.651,0.425],[102.913,0.164],[103.436,0.164],[103.436,-0.098],[102.913,-0.36],[103.175,-0.36],[103.567,-0.098],[103.96,-0.098],[103.96,-0.229],[104.091,-0.229],[104.222,-0.36],[104.222,-0.491],[103.96,-0.491],[103.829,-0.622],[103.829,-0.753],[103.96,-0.884],[103.829,-1.015],[103.96,-1.145],[103.96,-1.276],[104.484,-1.407],[104.615,-1.538],[104.745,-1.538],[104.745,-1.407],[104.745,-1.538],[104.876,-1.669],[104.876,-2.062],[105.007,-2.062],[104.876,-2.193],[105.138,-2.455],[105.269,-2.455],[105.269,-2.716],[105.138,-2.847],[105.007,-2.847],[105.007,-2.978],[105.138,-2.978],[105.269,-2.847],[105.4,-2.847],[105.662,-2.716],[105.793,-2.847],[105.924,-2.847],[106.447,-3.502],[106.447,-3.633],[106.316,-3.895],[106.316,-5.465],[106.185,-6.251],[106.055,-6.251],[105.793,-5.989],[105.531,-6.12],[105.007,-5.989],[105.007,-6.12],[105.138,-6.251],[105.138,-6.382],[105.007,-6.382],[104.615,-5.989],[104.615,-5.858],[104.484,-5.858],[104.222,-5.465],[103.829,-5.204],[103.698,-5.204],[103.698,-5.073],[103.567,-5.073],[103.305,-4.942],[102.782,-4.418],[102.651,-4.156],[102.258,-3.764],[102.127,-3.633],[101.996,-3.633],[101.735,-3.24],[101.735,-3.109],[101.604,-3.109],[101.604,-2.978],[101.211,-2.585],[101.342,-2.324],[100.818,-1.538],[100.556,-1.015],[100.425,-0.884],[100.295,-0.884],[100.295,-0.753],[100.164,-0.491],[100.033,-0.491],[99.771,-0.36],[99.509,-0.098],[99.509,0.164],[99.116,1.211],[98.985,1.342],[98.462,1.604],[98.462,1.735],[98.2,1.735],[98.069,1.865],[98.069,2.258],[97.676,2.52],[97.676,2.782],[97.415,3.044],[97.284,3.044],[97.284,3.175],[96.891,3.175],[96.891,3.305],[96.76,3.436],[96.367,3.698],[95.975,4.091],[95.975,4.222],[95.844,4.353],[95.844,4.484],[95.582,4.745],[95.713,4.876],[95.713,5.007],[96.236,5.007],[96.498,4.745],[96.629,4.745],[96.891,4.615]]],[[[95.844,5.269],[95.582,5.269],[95.713,5.4],[95.844,5.269]]]]}},{"type":"Feature","properties":{"iso3":"IMN","name":"Isle of Man"},"geometry":{"type":"MultiPolygon","coordinates":[[[[-3.909,53.575],[-4.04,53.444],[-4.171,53.575],[-4.171,53.705],[-4.04,53.705],[-3.909,53.836],[-3.778,53.836],[-3.778,53.705],[-3.909,53.575]]]]}},{"type":"Feature","properties":{"iso3":"IND","name":"India"},"geometry":{"type":"MultiPolygon","coordinates":[[[[94.273,6.316],[94.273,6.185],[94.142,6.447],[94.142,6.578],[94.273,6.709],[94.404,6.447],[94.273,6.316]]],[[[94.142,6.84],[94.011,6.709],[94.011,6.84],[94.142,6.84]]],[[[93.88,7.364],[93.749,7.364],[93.749,7.495],[93.88,7.364]]],[[[94.011,7.495],[93.88,7.495],[93.88,7.625],[94.011,7.625],[93.88,7.625],[94.011,7.495]]],[[[93.618,7.756],[93.618,7.625],[93.487,7.625],[93.487,7.756],[93.618,7.756]]],[[[93.225,8.542],[93.095,8.673],[93.225,8.673],[93.225,8.542]]],[[[92.964,9.982],[92.833,9.982],[92.833,10.375],[92.964,10.375],[92.964,9.982]]],[[[93.095,10.767],[92.964,10.767],[93.095,10.898],[93.095,10.767]]],[[[93.487,11.422],[93.487,11.291],[93.356,11.422],[93.487,11.422]]],[[[93.095,12.338],[93.095,12.207],[93.095,12.469],[93.095,12.338]]],[[[93.095,11.029],[93.095,10.898],[93.095,11.029],[92.964,11.16],[92.964,11.422],[93.095,11.422],[93.095,11.684],[93.225,11.684],[93.095,11.815],[93.095,12.076],[93.225,12.076],[93.225,12.862],[93.356,12.993],[93.487,12.993],[93.487,12.469],[93.356,12.469],[93.356,11.945],[93.225,11.815],[93.356,11.684],[93.225,11.553],[93.225,11.029],[93.095,11.029]]],[[[79.087,31.32],[79.087,31.451],[79.087,31.189],[79.218,31.058],[79.087,30.927],[79.218,30.927],[79.218,30.796],[79.48,30.796],[79.48,30.927],[79.48,30.796],[79.742,30.535],[79.873,30.535],[79.873,30.404],[80.265,30.404],[80.658,30.142],[80.658,30.011],[80.789,30.011],[80.92,29.88],[81.051,29.88],[81.444,29.618],[81.182,29.618],[81.051,29.487],[81.051,29.356],[80.92,29.356],[80.789,29.225],[80.789,28.964],[80.658,28.833],[80.658,28.571],[80.527,28.571],[80.527,28.178],[80.658,28.178],[80.789,28.047],[81.182,28.047],[81.313,27.916],[81.444,27.916],[82.098,27.393],[82.229,27.393],[82.229,27.262],[82.36,27.262],[82.36,27.393],[82.491,27.393],[82.491,27.262],[82.753,27.262],[82.884,27.131],[83.145,27.131],[83.145,27.0],[83.407,26.869],[84.455,26.869],[84.455,27.0],[84.847,26.738],[85.109,26.738],[85.109,26.476],[85.371,26.345],[85.633,26.345],[85.633,26.215],[85.895,26.215],[86.025,26.345],[86.025,26.215],[86.156,26.215],[86.156,26.084],[86.68,26.084],[87.073,25.822],[87.204,25.822],[87.465,25.953],[87.465,25.822],[88.513,25.822],[88.513,26.084],[88.644,26.215],[88.382,26.476],[88.382,26.607],[88.513,26.869],[88.513,27.131],[88.644,27.262],[88.513,27.262],[88.513,27.393],[88.905,27.393],[88.905,27.524],[89.167,27.524],[89.167,27.393],[89.298,27.393],[89.298,27.262],[89.167,27.0],[89.167,26.869],[89.298,26.869],[89.298,26.738],[89.167,26.607],[89.298,26.607],[89.298,26.345],[89.429,26.345],[89.56,26.215],[89.822,26.345],[89.822,26.215],[90.084,26.215],[90.215,26.084],[90.345,26.215],[90.607,26.215],[90.607,26.345],[90.869,26.345],[91.0,26.215],[91.655,26.215],[91.916,26.345],[91.916,26.215],[92.178,26.215],[92.309,26.345],[92.44,26.345],[92.44,26.607],[92.571,26.738],[92.44,26.869],[92.178,26.869],[92.047,27.0],[92.047,27.262],[92.178,27.262],[92.309,27.131],[92.44,27.131],[92.571,27.262],[92.964,27.262],[93.095,27.393],[93.095,27.655],[93.356,27.655],[93.618,27.916],[93.618,28.047],[94.142,28.178],[94.273,28.309],[94.404,28.309],[94.404,28.44],[94.665,28.44],[94.665,28.571],[94.927,28.702],[95.189,28.702],[95.189,28.571],[95.582,28.571],[95.713,28.44],[95.844,28.44],[95.844,28.571],[95.975,28.571],[95.975,28.702],[96.498,28.833],[96.629,28.702],[96.76,28.702],[96.76,28.571],[96.498,28.571],[96.629,28.44],[96.498,28.309],[96.629,28.309],[96.76,28.44],[96.891,28.44],[97.022,28.309],[97.022,28.178],[96.76,28.047],[96.76,27.785],[96.891,27.785],[97.022,27.916],[97.153,27.785],[97.545,27.785],[97.676,27.655],[97.807,27.655],[97.676,27.655],[97.676,27.524],[97.807,27.524],[97.807,27.393],[97.676,27.393],[97.545,27.262],[97.415,27.262],[97.415,27.131],[97.284,27.131],[97.284,26.869],[97.545,26.607],[97.284,26.607],[97.284,26.738],[96.629,26.738],[96.498,26.607],[96.367,26.607],[96.367,26.476],[96.236,26.476],[95.451,25.953],[95.451,25.691],[95.582,25.56],[95.582,25.429],[95.451,25.429],[95.451,25.167],[95.32,25.167],[95.32,25.036],[95.189,24.905],[95.058,24.905],[95.058,24.775],[94.927,24.644],[95.058,24.644],[95.189,24.513],[95.058,24.382],[95.058,24.251],[94.796,23.989],[94.796,23.858],[94.535,23.465],[94.535,23.335],[94.273,23.335],[94.142,23.465],[93.749,23.465],[93.749,23.204],[93.88,23.073],[93.88,22.811],[93.749,22.549],[93.749,22.418],[93.618,22.418],[93.618,22.287],[93.487,22.287],[93.487,22.025],[93.618,21.764],[93.618,21.633],[93.487,21.633],[93.356,21.502],[93.356,21.371],[93.095,21.633],[93.095,21.502],[92.964,21.371],[92.964,22.156],[92.833,22.156],[92.833,22.418],[92.702,22.549],[92.702,23.073],[92.571,23.073],[92.571,23.204],[92.44,23.073],[92.309,23.073],[92.309,22.942],[92.178,22.811],[92.178,22.418],[91.916,22.418],[91.916,22.68],[91.785,22.68],[91.785,22.549],[91.655,22.811],[91.655,23.073],[91.524,23.073],[91.785,23.465],[91.785,23.596],[92.309,23.596],[92.309,23.727],[92.44,23.858],[92.571,23.858],[92.571,24.12],[92.702,24.251],[92.702,24.382],[92.833,24.251],[92.964,24.251],[92.964,24.382],[92.833,24.382],[92.833,24.513],[92.571,24.513],[92.44,24.644],[90.476,24.644],[90.345,24.775],[90.215,24.775],[90.215,25.429],[90.084,25.56],[90.084,25.691],[89.953,25.691],[89.953,25.429],[89.691,25.429],[89.429,25.822],[89.298,25.822],[89.429,25.822],[89.429,25.691],[89.167,25.691],[89.167,25.822],[89.036,25.822],[88.905,25.953],[88.775,25.953],[88.905,25.822],[88.644,25.56],[88.513,25.56],[88.513,25.298],[88.644,25.298],[89.036,24.905],[89.167,24.905],[89.298,24.775],[89.429,24.775],[89.429,24.644],[88.905,24.644],[88.775,24.382],[88.513,24.382],[88.513,23.989],[88.905,23.727],[89.167,23.727],[89.167,23.465],[89.036,23.335],[89.036,22.942],[89.167,22.942],[89.167,22.68],[89.298,22.68],[89.298,22.025],[89.429,21.895],[89.429,21.109],[89.298,21.109],[89.298,21.24],[89.298,21.109],[89.167,20.978],[89.167,21.502],[89.036,21.502],[89.036,21.109],[88.775,21.109],[88.775,21.24],[88.644,21.109],[88.513,21.109],[88.644,21.633],[88.513,21.633],[88.382,21.764],[88.382,21.633],[88.513,21.633],[88.644,21.502],[88.513,21.502],[88.251,21.109],[87.465,20.978],[87.335,20.847],[87.335,20.716],[87.204,20.585],[87.335,20.455],[87.335,20.193],[87.465,20.193],[87.204,19.931],[87.204,19.8],[86.811,19.538],[86.811,19.407],[86.68,19.538],[86.68,19.276],[86.287,19.276],[86.025,19.145],[85.895,19.145],[86.025,19.145],[86.025,19.276],[85.895,19.276],[85.633,19.145],[85.633,19.015],[85.764,19.145],[85.895,19.145],[85.895,19.015],[85.633,19.015],[85.24,18.622],[85.24,18.491],[85.109,18.36],[84.978,18.36],[84.847,18.098],[84.585,17.836],[84.585,17.705],[84.062,17.575],[84.062,17.444],[83.669,17.051],[82.753,16.527],[82.753,16.135],[82.622,16.004],[82.622,15.873],[82.229,15.742],[82.098,15.742],[81.836,15.873],[81.705,15.742],[81.575,15.349],[81.444,15.349],[81.444,15.218],[81.313,15.218],[81.182,15.349],[80.658,15.218],[80.527,14.825],[80.527,14.04],[80.658,13.909],[80.658,13.778],[80.527,13.778],[80.527,13.516],[80.658,13.255],[80.658,13.124],[80.789,12.993],[80.658,12.993],[80.527,13.124],[80.527,12.993],[80.658,12.862],[80.789,12.862],[80.658,12.076],[80.527,11.945],[80.527,11.684],[80.396,11.684],[80.135,11.16],[80.135,11.029],[80.265,10.898],[80.135,10.767],[80.265,10.767],[80.265,9.72],[79.742,9.72],[79.742,9.458],[79.48,9.065],[79.349,9.065],[79.349,8.804],[79.873,8.673],[79.349,8.673],[78.825,8.542],[78.564,8.28],[78.564,8.018],[78.171,7.625],[78.04,7.625],[77.909,7.495],[77.385,7.887],[76.993,8.28],[76.993,8.411],[76.862,8.542],[76.862,8.673],[76.731,8.935],[76.731,9.327],[76.862,9.196],[76.862,8.935],[76.731,9.458],[76.6,9.458],[76.6,9.72],[76.469,9.851],[76.207,10.505],[76.207,10.767],[75.684,11.422],[75.684,11.553],[75.422,11.945],[75.291,12.469],[75.16,12.469],[75.16,13.124],[74.898,13.516],[74.767,14.04],[74.505,14.302],[74.505,14.433],[74.375,14.564],[74.375,14.695],[74.244,14.825],[74.375,14.825],[74.244,14.956],[74.244,15.087],[74.113,15.087],[73.851,15.48],[73.851,15.611],[73.72,15.873],[73.72,16.658],[73.458,17.313],[73.458,17.705],[73.327,17.836],[73.327,18.229],[73.458,18.36],[73.458,18.622],[73.196,18.36],[73.196,18.753],[73.458,18.753],[73.196,18.753],[73.196,19.015],[73.065,19.145],[73.327,20.062],[73.327,20.455],[73.196,20.585],[73.065,20.585],[73.065,20.847],[73.196,20.978],[73.065,20.847],[73.196,20.978],[73.196,21.109],[73.458,21.109],[73.589,21.24],[73.458,21.109],[72.935,21.109],[73.065,21.371],[72.935,21.371],[72.935,21.633],[73.196,21.633],[73.065,21.764],[72.935,21.633],[72.804,21.764],[72.673,21.764],[72.673,21.502],[72.411,21.24],[72.542,21.24],[72.673,21.109],[72.673,20.978],[72.542,20.716],[72.411,20.585],[72.018,20.455],[71.887,20.324],[71.495,20.193],[71.102,20.193],[70.578,20.585],[70.447,20.585],[70.185,20.978],[69.924,21.109],[69.4,21.633],[69.4,21.764],[69.531,21.895],[69.662,21.764],[69.924,21.895],[70.185,21.895],[70.447,22.025],[70.578,22.025],[70.709,22.287],[70.84,22.418],[70.971,22.418],[70.971,22.549],[70.84,22.549],[70.84,22.418],[70.578,22.418],[70.185,22.156],[70.055,22.156],[69.662,22.287],[69.007,22.68],[69.007,22.811],[68.876,23.073],[69.138,23.335],[68.745,23.073],[68.615,23.073],[68.615,23.335],[68.745,23.335],[68.876,23.465],[69.138,23.465],[69.138,23.727],[70.055,23.727],[70.185,23.596],[70.447,23.596],[70.447,23.727],[70.578,23.727],[70.709,23.858],[70.971,23.858],[70.971,23.727],[71.364,23.727],[71.364,23.858],[71.495,23.858],[71.364,23.989],[71.364,24.12],[71.495,24.12],[71.495,24.251],[71.364,24.382],[71.364,24.513],[71.102,24.775],[71.102,25.167],[70.709,25.167],[70.447,25.429],[70.447,25.56],[70.578,25.691],[70.578,25.953],[70.447,26.084],[70.055,26.084],[69.924,26.215],[69.924,26.607],[70.055,26.607],[70.055,26.738],[70.185,26.738],[70.316,26.869],[70.578,27.262],[70.578,27.393],[70.709,27.393],[70.84,27.524],[70.971,27.524],[70.971,27.393],[71.102,27.393],[71.102,27.131],[71.364,27.131],[71.625,27.262],[72.018,27.262],[72.149,27.393],[72.28,27.393],[72.28,27.524],[72.542,27.785],[72.542,27.916],[72.673,28.047],[72.673,28.178],[72.804,28.178],[73.327,28.44],[73.327,28.571],[73.72,28.964],[73.72,29.225],[74.113,29.487],[74.244,29.487],[74.375,29.618],[74.375,29.749],[74.244,29.749],[74.375,29.88],[74.375,30.011],[75.029,30.535],[74.898,30.665],[75.029,30.927],[74.898,31.189],[75.16,31.451],[75.684,31.582],[75.815,31.713],[75.684,31.713],[75.684,31.844],[75.16,31.844],[75.16,31.975],[75.029,31.975],[75.029,32.236],[74.767,32.236],[74.767,32.498],[74.505,32.498],[74.505,32.629],[74.375,32.629],[74.505,32.76],[74.505,32.891],[74.636,32.891],[74.505,33.022],[74.375,33.022],[74.375,33.284],[74.636,33.284],[74.636,33.415],[74.375,33.415],[74.375,33.676],[74.244,33.807],[74.244,33.938],[74.375,34.069],[74.505,34.069],[74.636,34.2],[75.029,34.2],[75.16,34.069],[75.684,34.069],[75.815,33.938],[76.076,33.938],[76.338,34.069],[76.6,34.069],[76.862,34.2],[77.124,34.2],[77.124,34.331],[77.255,34.331],[77.385,34.462],[77.516,34.462],[77.516,34.593],[77.647,34.593],[77.778,34.724],[77.909,34.724],[78.04,34.855],[78.171,34.855],[78.171,34.985],[78.302,34.985],[78.302,34.855],[78.433,34.855],[78.433,34.985],[78.433,34.724],[78.564,34.593],[78.564,34.331],[78.695,34.2],[78.695,34.069],[78.956,33.938],[79.218,33.938],[79.349,33.807],[79.349,33.676],[79.087,33.415],[79.218,33.284],[79.218,32.891],[79.349,32.891],[79.349,32.76],[79.48,32.76],[79.48,32.629],[79.611,32.629],[79.611,32.498],[79.48,32.498],[79.611,32.498],[79.611,31.975],[79.48,31.844],[79.218,31.844],[79.218,31.975],[79.087,32.105],[79.087,31.975],[78.825,31.975],[78.825,31.713],[78.956,31.713],[79.087,31.451],[79.218,31.451],[79.087,31.32]]]]}},{"type":"Feature","properties":{"iso3":"IRL","name":"Ireland"},"geometry":{"type":"MultiPolygon","coordinates":[[[[-9.407,53.313],[-9.538,53.444],[-9.669,53.444],[-9.407,53.444],[-9.407,53.313]]],[[[-6.789,54.491],[-6.92,54.36],[-6.92,54.229],[-7.182,54.229],[-7.182,54.098],[-7.313,54.098],[-7.182,54.098],[-7.182,53.967],[-7.575,53.967],[-7.575,53.836],[-7.182,53.575],[-6.789,53.575],[-6.527,53.836],[-6.265,53.836],[-6.265,53.575],[-6.135,53.575],[-6.135,53.444],[-5.873,53.444],[-5.873,53.575],[-5.611,53.575],[-5.611,53.444],[-5.742,53.444],[-5.742,53.313],[-5.611,53.182],[-5.611,52.789],[-5.48,52.658],[-5.48,52.265],[-5.611,52.265],[-5.611,52.004],[-5.742,51.873],[-5.873,51.873],[-5.873,51.742],[-5.742,51.742],[-5.873,51.611],[-6.396,51.611],[-6.396,51.742],[-6.396,51.611],[-6.92,51.611],[-6.92,51.48],[-7.444,51.349],[-7.444,51.218],[-7.575,51.218],[-7.705,51.349],[-7.836,51.349],[-7.836,51.218],[-7.967,51.087],[-8.229,51.087],[-8.753,50.956],[-9.276,50.956],[-9.145,51.087],[-9.015,51.087],[-9.538,51.087],[-9.407,51.218],[-9.145,51.218],[-9.015,51.349],[-9.538,51.218],[-9.8,51.218],[-9.8,51.349],[-9.669,51.48],[-9.407,51.48],[-9.407,51.611],[-9.8,51.611],[-9.669,51.742],[-9.276,51.742],[-9.276,51.873],[-9.407,51.873],[-9.145,51.873],[-9.015,52.004],[-8.491,52.004],[-8.229,52.135],[-8.622,52.135],[-8.884,52.004],[-8.884,52.135],[-9.015,52.135],[-9.015,52.004],[-9.407,52.004],[-9.015,52.265],[-8.884,52.265],[-8.884,52.396],[-8.753,52.527],[-8.622,52.527],[-8.491,52.658],[-8.36,52.658],[-9.015,52.658],[-9.015,52.789],[-9.407,52.789],[-9.538,52.92],[-9.538,53.051],[-9.145,53.051],[-9.407,53.051],[-9.407,53.182],[-9.145,53.182],[-9.015,53.313],[-9.407,53.313],[-9.276,53.444],[-9.276,53.575],[-9.538,53.575],[-9.538,53.705],[-7.967,53.705],[-8.098,53.836],[-7.967,53.836],[-7.836,53.967],[-7.575,53.967],[-7.575,54.098],[-8.229,54.098],[-8.098,54.229],[-7.967,54.229],[-7.836,54.36],[-7.836,54.491],[-7.705,54.491],[-7.705,54.622],[-7.182,54.622],[-7.182,54.753],[-7.051,54.753],[-7.051,54.36],[-7.051,54.491],[-6.92,54.491],[-6.92,54.753],[-6.527,54.753],[-6.396,54.622],[-6.658,54.622],[-6.658,54.491],[-6.789,54.491]]]]}},{"type":"Feature","properties":{"iso3":"IRN","name":"Iran"},"geometry":{"type":"MultiPolygon","coordinates":[[[[56.571,26.345],[56.571,26.215],[56.44,26.084],[56.309,26.215],[56.178,26.084],[55.785,26.084],[55.916,26.215],[56.178,26.215],[56.178,26.345],[56.309,26.345],[56.44,26.476],[56.702,26.476],[56.702,26.345],[56.571,26.345]]],[[[45.444,38.913],[45.444,38.782],[45.575,38.782],[45.575,38.651],[45.705,38.651],[45.705,38.52],[45.836,38.52],[45.967,38.389],[46.36,38.389],[46.491,38.258],[46.622,38.258],[46.753,38.389],[47.015,38.389],[47.276,38.651],[47.538,38.651],[47.8,38.913],[47.931,38.913],[48.062,39.044],[48.193,39.044],[48.324,39.175],[48.455,39.175],[48.716,38.913],[48.716,38.782],[48.585,38.782],[48.585,38.651],[48.716,38.52],[48.716,38.389],[48.455,38.389],[48.455,38.258],[48.585,38.127],[48.716,38.127],[48.716,37.996],[48.847,37.996],[48.978,37.865],[49.24,37.865],[49.371,37.604],[49.371,37.342],[49.502,37.211],[49.502,37.08],[49.633,37.08],[49.764,36.949],[50.418,36.949],[50.549,36.818],[50.68,36.818],[50.942,36.425],[51.596,36.164],[52.251,36.033],[52.644,36.033],[54.215,36.425],[54.345,36.425],[54.215,36.295],[54.084,36.295],[54.476,36.295],[54.345,36.818],[54.869,36.818],[55.0,36.949],[55.131,36.949],[55.262,37.211],[55.655,37.473],[55.785,37.473],[56.047,37.604],[56.309,37.604],[56.44,37.473],[56.702,37.473],[56.702,37.604],[56.833,37.604],[56.833,37.735],[57.225,37.735],[57.356,37.604],[57.749,37.604],[57.749,37.473],[57.88,37.342],[58.273,37.342],[58.665,37.08],[59.32,37.08],[59.713,36.949],[59.844,36.818],[59.844,36.687],[59.975,36.687],[60.105,36.556],[60.367,36.425],[60.498,36.425],[60.76,36.033],[61.545,36.033],[61.545,35.771],[61.676,35.64],[61.676,35.509],[61.545,35.509],[61.545,35.378],[61.676,35.378],[61.676,34.724],[61.545,34.724],[61.545,34.331],[61.415,34.2],[61.415,34.069],[61.284,34.069],[61.284,33.938],[61.153,33.938],[61.284,33.807],[61.022,33.807],[61.022,33.676],[60.891,33.545],[60.891,33.022],[61.284,33.022],[61.284,32.891],[61.022,32.629],[61.022,32.236],[61.153,32.105],[61.284,31.713],[61.284,31.582],[61.153,31.451],[61.153,31.32],[61.284,31.189],[61.153,31.058],[61.284,30.927],[61.807,30.927],[62.069,30.796],[62.2,30.665],[62.2,30.273],[61.938,30.011],[61.807,29.749],[61.545,29.618],[61.284,29.356],[61.545,28.964],[61.807,28.833],[61.938,28.309],[62.2,28.047],[62.331,28.047],[62.462,27.916],[62.724,27.916],[62.985,27.655],[63.247,27.655],[63.116,27.393],[63.247,27.262],[63.247,26.738],[63.116,26.738],[63.247,26.738],[63.378,26.607],[63.64,26.738],[63.64,26.607],[63.771,26.607],[63.64,26.476],[63.64,26.084],[63.116,26.084],[62.855,25.953],[62.724,25.953],[62.724,25.822],[62.462,25.822],[62.2,25.56],[62.2,25.298],[62.069,25.167],[62.069,24.644],[61.938,24.644],[61.807,24.513],[61.676,24.644],[61.022,24.775],[61.022,24.905],[60.891,24.905],[60.891,24.775],[60.367,24.775],[60.236,24.905],[59.451,24.905],[59.189,25.036],[58.404,25.036],[58.404,25.167],[58.273,25.036],[58.142,25.167],[57.749,25.298],[57.618,25.429],[57.618,25.56],[57.487,25.822],[57.487,26.215],[57.356,26.345],[57.356,26.476],[57.225,26.476],[57.095,26.607],[56.571,26.607],[56.309,26.476],[56.047,26.476],[56.047,26.345],[55.916,26.215],[55.524,26.215],[55.262,25.953],[55.131,25.953],[55.0,26.084],[54.607,26.084],[54.476,26.215],[54.084,26.215],[53.953,26.345],[53.822,26.345],[53.822,26.476],[53.167,26.738],[53.036,26.869],[53.036,27.0],[52.905,27.0],[52.513,27.262],[51.989,27.262],[51.989,27.393],[51.727,27.524],[51.727,27.655],[51.596,27.916],[51.465,27.916],[51.465,28.178],[51.335,28.309],[51.204,28.309],[51.335,28.44],[51.335,28.571],[51.073,28.571],[51.073,28.833],[50.811,29.095],[50.68,29.356],[50.549,29.356],[50.549,29.618],[50.025,29.487],[49.895,29.618],[49.502,29.749],[49.371,29.88],[49.633,29.88],[49.502,30.011],[49.371,30.011],[49.502,29.88],[49.371,29.88],[49.371,29.618],[48.978,29.356],[48.716,29.749],[48.585,29.749],[48.585,29.88],[48.455,29.88],[48.455,30.404],[48.062,30.404],[48.062,30.796],[48.193,31.058],[48.193,31.32],[48.062,31.582],[47.931,31.582],[47.669,31.975],[47.407,31.975],[47.276,32.105],[46.753,32.367],[46.491,32.367],[46.491,32.498],[46.622,32.629],[46.491,32.891],[46.36,32.891],[46.36,33.022],[46.229,33.022],[45.836,33.415],[45.836,33.545],[45.967,33.545],[45.967,33.676],[45.836,33.807],[45.836,33.938],[45.967,33.938],[45.967,34.069],[46.098,34.069],[46.098,34.2],[46.36,34.462],[46.491,34.462],[46.622,34.593],[46.622,34.724],[46.491,34.724],[46.491,34.855],[46.36,34.985],[46.36,35.116],[46.622,35.116],[46.753,35.247],[46.098,35.247],[46.098,35.378],[45.967,35.378],[45.967,35.509],[45.836,35.509],[45.705,35.771],[45.575,35.902],[45.444,35.902],[45.444,36.164],[45.313,36.164],[45.313,36.295],[45.182,36.556],[45.182,36.818],[45.051,36.818],[45.051,37.08],[44.92,37.08],[45.051,37.211],[44.789,37.211],[44.789,37.342],[44.658,37.342],[44.658,37.473],[44.789,37.604],[44.789,37.735],[44.92,37.735],[44.92,37.865],[44.658,37.865],[44.658,38.389],[44.527,38.389],[44.527,38.52],[44.658,38.52],[44.658,38.651],[44.527,38.651],[44.527,38.782],[44.396,38.782],[44.527,38.782],[44.527,38.913],[44.658,38.782],[44.789,38.782],[44.789,38.913],[44.92,39.175],[45.182,39.175],[45.182,39.044],[45.313,39.044],[45.444,38.913]]]]}},{"type":"Feature","properties":{"iso3":"IRQ","name":"Iraq"},"geometry":{"type":"MultiPolygon","coordinates":[[[[45.182,36.556],[45.313,36.295],[45.313,36.164],[45.444,36.164],[45.444,35.902],[45.575,35.902],[45.705,35.771],[45.836,35.509],[45.967,35.509],[45.967,35.378],[46.098,35.378],[46.098,35.247],[46.753,35.247],[46.622,35.116],[46.36,35.116],[46.36,34.985],[46.491,34.855],[46.491,34.724],[46.622,34.724],[46.622,34.593],[46.491,34.462],[46.36,34.462],[46.098,34.2],[46.098,34.069],[45.967,34.069],[45.967,33.938],[45.836,33.938],[45.836,33.807],[45.967,33.676],[45.967,33.545],[45.836,33.545],[45.836,33.415],[46.229,33.022],[46.36,33.022],[46.36,32.891],[46.491,32.891],[46.622,32.629],[46.491,32.498],[46.491,32.367],[46.753,32.367],[47.276,32.105],[47.407,31.975],[47.669,31.975],[47.931,31.582],[48.062,31.582],[48.193,31.32],[48.193,31.058],[48.062,30.796],[48.062,30.404],[48.455,30.404],[48.455,29.88],[48.585,29.88],[48.585,29.749],[48.716,29.749],[48.978,29.356],[48.716,29.356],[48.585,29.487],[47.538,29.487],[47.538,29.356],[47.407,29.225],[47.407,29.095],[47.145,28.833],[47.145,28.702],[47.015,28.571],[45.444,28.571],[45.182,28.702],[45.051,28.702],[44.789,28.833],[44.135,29.356],[43.218,29.88],[42.564,30.535],[41.647,30.927],[41.255,31.189],[40.731,31.32],[40.469,31.451],[40.076,31.451],[39.815,31.582],[39.553,31.582],[39.684,31.713],[39.684,31.844],[39.553,31.713],[39.422,31.713],[39.422,32.105],[39.291,32.367],[39.291,32.629],[39.16,32.76],[39.422,33.022],[39.684,33.022],[41.124,33.807],[41.385,33.807],[41.647,34.2],[41.647,34.855],[41.778,34.985],[41.778,35.378],[41.647,35.509],[41.647,35.771],[41.778,35.771],[41.778,35.902],[42.04,36.033],[42.171,36.033],[42.433,36.164],[42.825,36.556],[43.218,36.818],[43.742,36.818],[44.004,36.687],[44.396,36.687],[44.396,36.818],[44.527,36.818],[44.527,36.687],[44.658,36.687],[44.658,36.425],[44.789,36.425],[44.789,36.556],[45.182,36.556]]]]}},{"type":"Feature","properties":{"iso3":"ISL","name":"Iceland"},"geometry":{"type":"MultiPolygon","coordinates":[[[[-15.036,65.618],[-14.905,65.618],[-14.644,65.749],[-14.382,65.749],[-14.251,65.88],[-13.989,65.88],[-14.12,65.749],[-14.382,65.749],[-14.513,65.618],[-14.513,65.487],[-14.12,65.487],[-14.12,65.356],[-14.251,65.225],[-13.858,65.225],[-13.858,65.095],[-13.727,65.095],[-13.858,64.964],[-13.727,65.095],[-13.335,65.095],[-13.204,64.964],[-13.073,64.964],[-13.073,64.833],[-13.204,64.833],[-13.204,64.702],[-13.073,64.702],[-13.204,64.702],[-13.204,64.571],[-12.942,64.571],[-13.073,64.571],[-13.073,64.44],[-13.335,64.44],[-13.335,64.178],[-13.858,64.178],[-13.858,63.916],[-14.12,63.916],[-14.251,63.785],[-14.644,63.785],[-14.905,63.655],[-15.298,63.655],[-15.56,63.524],[-15.691,63.524],[-16.084,63.262],[-17.393,63.131],[-17.393,63.0],[-17.262,63.0],[-17.655,63.0],[-17.655,62.869],[-18.964,62.869],[-19.225,63.0],[-19.618,63.0],[-19.88,63.131],[-19.88,63.262],[-19.749,63.262],[-19.88,63.262],[-20.011,63.131],[-20.142,63.131],[-20.142,63.262],[-20.404,63.262],[-20.535,63.393],[-20.665,63.393],[-20.796,63.262],[-22.105,63.262],[-22.236,63.393],[-22.236,63.524],[-22.105,63.524],[-21.975,63.393],[-21.451,63.524],[-21.189,63.785],[-20.927,63.785],[-21.451,63.785],[-21.32,63.785],[-21.451,63.785],[-21.451,63.916],[-21.189,64.047],[-21.058,64.047],[-21.32,64.047],[-21.582,63.916],[-21.582,64.047],[-21.713,64.047],[-21.713,64.178],[-22.105,64.178],[-22.76,64.309],[-22.891,64.309],[-23.153,64.178],[-23.415,64.178],[-23.415,64.309],[-23.153,64.309],[-22.891,64.44],[-21.32,64.44],[-21.32,64.571],[-21.189,64.571],[-21.844,64.571],[-21.975,64.702],[-21.713,64.702],[-21.582,64.833],[-21.32,64.833],[-21.451,64.964],[-23.022,64.964],[-23.284,64.833],[-23.415,64.833],[-23.676,64.964],[-23.938,64.964],[-23.807,65.095],[-23.545,65.095],[-23.415,64.964],[-23.284,64.964],[-23.415,65.095],[-23.545,65.095],[-23.545,65.225],[-22.891,65.095],[-22.891,65.225],[-22.76,65.225],[-23.153,65.225],[-23.284,65.356],[-23.022,65.356],[-23.153,65.356],[-23.153,65.487],[-23.284,65.487],[-22.891,65.487],[-23.022,65.487],[-23.022,65.618],[-22.76,65.618],[-22.498,65.487],[-22.105,65.487],[-22.105,65.356],[-21.844,65.356],[-21.844,65.487],[-22.367,65.618],[-22.367,65.749],[-21.975,65.749],[-22.498,65.749],[-22.498,65.88],[-21.713,65.88],[-21.582,65.749],[-21.451,65.749],[-21.058,65.487],[-20.796,65.487],[-20.927,65.487],[-20.927,65.356],[-20.796,65.356],[-20.796,65.095],[-20.927,65.095],[-21.058,65.225],[-21.058,65.095],[-20.927,65.095],[-20.927,64.964],[-20.796,65.095],[-20.796,64.964],[-20.927,64.964],[-20.796,64.964],[-20.665,64.833],[-20.665,64.702],[-20.535,64.702],[-20.535,64.833],[-20.404,64.833],[-20.404,64.964],[-20.273,65.095],[-20.142,65.095],[-20.011,64.964],[-19.88,64.964],[-19.88,65.095],[-19.749,65.225],[-19.88,65.356],[-19.749,65.487],[-19.487,65.487],[-19.095,65.225],[-18.833,65.225],[-18.964,65.487],[-18.702,65.487],[-18.571,65.618],[-18.178,65.618],[-17.916,65.356],[-17.785,65.356],[-17.655,65.225],[-17.524,65.225],[-17.785,65.487],[-17.785,65.618],[-17.262,65.618],[-17.0,65.356],[-17.0,65.487],[-16.738,65.487],[-16.607,65.618],[-15.953,65.618],[-15.822,65.749],[-15.953,65.88],[-15.691,66.011],[-15.429,66.011],[-15.298,65.88],[-15.167,65.88],[-15.167,65.749],[-15.036,65.749],[-15.036,65.618]]]]}},{"type":"Feature","properties":{"iso3":"ISR","name":"Israel"},"geometry":{"type":"MultiPolygon","coordinates":[[[[36.149,32.236],[36.018,32.105],[36.018,31.844],[35.887,31.844],[35.756,31.975],[35.625,31.975],[35.364,31.713],[35.364,31.32],[35.495,31.32],[35.625,31.189],[35.495,31.058],[35.364,31.058],[35.364,30.796],[35.887,30.927],[35.887,30.535],[35.625,30.142],[35.625,29.88],[35.495,29.618],[35.625,29.618],[35.495,29.356],[35.495,29.225],[35.364,28.964],[35.233,28.964],[35.233,29.225],[35.102,29.487],[34.971,30.011],[34.709,30.404],[34.709,30.796],[34.84,30.796],[34.971,30.927],[34.84,31.058],[34.971,31.058],[35.233,31.582],[35.364,32.105],[35.495,32.236],[35.495,32.498],[35.887,32.498],[36.018,32.629],[36.018,32.76],[36.018,32.629],[36.018,32.76],[36.149,32.76],[36.28,32.891],[36.28,32.236],[36.149,32.236]]]]}},{"type":"Feature","properties":{"iso3":"ITA","name":"Italy"},"geometry":{"type":"MultiPolygon","coordinates":[[[[12.455,36.164],[12.324,36.164],[12.324,36.295],[12.455,36.295],[12.455,36.164]]],[[[15.989,37.604],[15.596,37.211],[15.596,36.949],[15.465,36.949],[15.596,36.818],[15.596,36.556],[15.727,36.556],[15.727,36.425],[15.596,36.425],[15.596,36.295],[15.465,36.164],[15.596,36.164],[14.942,36.164],[14.942,36.295],[14.811,36.425],[14.68,36.425],[14.549,36.556],[14.287,36.556],[13.764,36.818],[13.633,36.818],[13.633,36.949],[13.371,36.949],[13.24,37.08],[13.24,36.949],[12.847,37.211],[12.847,37.342],[13.109,37.604],[13.24,37.473],[13.502,37.473],[13.502,37.604],[13.895,37.604],[14.156,37.473],[15.073,37.473],[15.204,37.604],[15.596,37.604],[15.727,37.735],[15.727,37.604],[15.989,37.735],[16.12,37.735],[15.989,37.604]]],[[[9.051,38.52],[8.92,38.389],[8.92,38.52],[9.051,38.52]]],[[[14.418,40.091],[14.287,40.091],[14.287,40.222],[14.418,40.222],[14.418,40.091]]],[[[8.789,40.484],[8.92,40.615],[8.92,40.484],[8.789,40.484]]],[[[10.229,40.353],[10.36,39.829],[10.229,39.698],[10.229,38.782],[10.098,38.651],[10.098,38.52],[9.967,38.651],[9.575,38.651],[9.575,38.389],[9.182,38.389],[8.92,38.651],[8.92,38.913],[9.051,39.044],[9.051,39.305],[8.92,39.305],[8.92,39.436],[9.051,39.567],[9.051,39.698],[8.92,39.829],[8.92,39.96],[8.789,39.96],[8.789,40.353],[8.92,40.353],[9.051,40.222],[9.182,40.353],[9.313,40.353],[9.575,40.615],[9.705,40.615],[9.705,40.745],[9.836,40.745],[9.836,40.615],[10.098,40.615],[10.098,40.484],[10.229,40.484],[10.098,40.484],[10.098,40.353],[10.229,40.353]]],[[[10.884,42.316],[10.884,42.185],[10.491,42.185],[10.491,42.316],[10.884,42.316]]],[[[12.585,46.375],[12.847,46.113],[13.24,46.113],[13.633,45.982],[14.156,45.982],[14.156,45.851],[13.895,45.851],[13.764,45.72],[13.895,45.72],[14.025,45.589],[13.895,45.458],[14.025,45.458],[14.025,45.196],[14.156,45.196],[14.287,45.065],[14.156,45.065],[14.025,45.196],[13.502,45.196],[13.502,45.065],[13.371,45.065],[13.24,44.935],[12.716,44.935],[12.716,44.673],[12.978,44.411],[12.978,44.28],[12.716,44.28],[12.716,43.887],[12.847,43.625],[13.764,43.102],[13.895,43.102],[14.156,42.84],[14.287,42.578],[14.287,42.316],[14.549,41.924],[14.942,41.662],[15.596,41.4],[16.644,41.4],[16.644,41.269],[16.382,41.007],[16.382,40.876],[17.036,40.615],[17.691,40.484],[17.953,40.222],[18.345,40.091],[18.869,39.698],[18.869,39.305],[18.607,39.305],[18.345,39.698],[17.953,39.698],[17.822,39.829],[17.691,39.829],[17.691,39.96],[17.298,39.96],[17.167,39.829],[16.905,39.305],[16.905,39.175],[17.036,39.044],[17.298,39.044],[17.56,38.782],[17.56,38.389],[17.167,38.389],[17.036,38.258],[17.036,37.865],[16.644,37.735],[16.513,37.473],[16.513,37.342],[16.12,37.342],[16.12,37.735],[16.251,37.735],[16.382,37.865],[16.251,37.996],[16.644,38.258],[16.644,38.389],[16.513,38.52],[16.513,38.782],[16.251,39.044],[16.251,39.305],[16.12,39.436],[15.858,39.436],[15.727,39.567],[15.335,39.698],[15.465,39.829],[15.204,40.091],[14.811,40.091],[14.942,40.222],[14.418,40.222],[14.418,40.353],[14.287,40.615],[14.156,40.615],[14.156,40.745],[14.025,40.615],[13.764,40.745],[13.502,40.745],[13.24,40.876],[13.109,40.876],[12.455,41.4],[12.193,41.531],[12.062,41.793],[11.931,41.793],[11.669,41.924],[11.669,41.793],[11.538,41.793],[11.538,41.924],[11.669,41.924],[11.538,41.924],[11.407,42.185],[11.276,42.185],[11.015,42.447],[10.884,42.447],[11.015,42.578],[10.884,42.709],[10.884,42.84],[10.753,42.971],[10.622,43.233],[10.622,43.364],[10.491,43.495],[10.229,43.495],[9.836,43.756],[9.313,43.887],[8.789,43.625],[8.658,43.364],[8.527,43.364],[8.265,43.233],[8.004,43.233],[8.004,43.364],[8.135,43.364],[8.265,43.495],[8.135,43.625],[7.742,43.625],[7.48,43.756],[7.48,43.887],[7.349,44.018],[7.48,44.018],[7.48,44.149],[7.611,44.149],[7.611,44.28],[7.349,44.28],[7.349,44.411],[7.218,44.411],[7.218,44.542],[7.349,44.542],[7.48,44.673],[7.611,44.673],[7.611,44.804],[7.742,44.804],[7.349,45.196],[7.48,45.327],[8.004,45.327],[8.135,45.458],[8.396,45.327],[8.658,45.589],[8.658,45.72],[8.789,45.72],[8.92,45.851],[9.051,45.851],[9.051,45.72],[9.313,45.458],[9.444,45.458],[9.313,45.458],[9.444,45.327],[9.575,45.327],[9.575,45.589],[9.705,45.72],[9.836,45.72],[9.836,45.982],[9.967,45.982],[9.967,45.851],[10.098,45.851],[10.098,45.72],[10.229,45.72],[10.36,45.851],[10.491,45.851],[10.491,45.72],[10.622,45.72],[10.491,45.72],[10.491,45.982],[10.622,46.113],[10.753,45.982],[10.884,45.982],[10.884,46.244],[11.538,46.244],[11.538,46.375],[11.8,46.375],[11.931,46.505],[12.062,46.505],[12.062,46.375],[12.585,46.505],[12.585,46.375]]],[[[12.847,43.364],[12.978,43.364],[12.978,43.495],[12.847,43.364]]]]}},{"type":"Feature","properties":{"iso3":"JAM","name":"Jamaica"},"geometry":{"type":"MultiPolygon","coordinates":[[[[-76.695,17.836],[-76.302,17.836],[-76.302,17.705],[-75.778,17.575],[-75.647,17.444],[-75.647,17.313],[-76.171,17.313],[-76.171,17.444],[-76.302,17.444],[-76.302,17.313],[-76.564,17.313],[-76.695,17.182],[-76.825,17.313],[-77.218,17.313],[-77.48,17.575],[-77.742,17.705],[-77.742,17.836],[-77.48,17.836],[-77.48,17.967],[-76.825,17.967],[-76.695,17.836]]]]}},{"type":"Feature","properties":{"iso3":"JEY","name":"Jersey"},"geometry":{"type":"MultiPolygon","coordinates":[[[[-1.422,48.731],[-1.422,48.6],[-1.684,48.6],[-1.684,48.731],[-1.422,48.731]]]]}},{"type":"Feature","properties":{"iso3":"JOR","name":"Jordan"},"geometry":{"type":"MultiPolygon","coordinates":[[[[39.553,31.582],[39.422,31.451],[39.16,31.451],[38.505,31.189],[38.244,31.189],[37.982,31.058],[37.589,31.058],[37.327,30.927],[37.589,30.796],[37.72,30.535],[38.244,30.142],[38.375,29.88],[38.244,29.88],[37.851,29.487],[37.589,29.356],[37.196,29.356],[36.935,28.964],[36.673,28.833],[36.411,28.571],[36.28,28.702],[35.625,28.702],[35.364,28.833],[35.495,29.356],[35.625,29.618],[35.495,29.618],[35.625,29.88],[35.625,30.142],[35.887,30.535],[35.887,31.058],[36.018,31.189],[36.018,32.105],[36.149,32.236],[36.542,31.975],[36.673,31.975],[36.673,31.844],[36.935,31.844],[37.196,31.713],[37.458,31.975],[37.72,31.975],[37.982,32.236],[38.244,32.236],[38.505,32.498],[38.636,32.498],[39.16,32.76],[39.291,32.629],[39.291,32.367],[39.422,32.105],[39.422,31.713],[39.553,31.713],[39.684,31.844],[39.684,31.713],[39.553,31.582]]]]}},{"type":"Feature","properties":{"iso3":"JPN","name":"Japan"},"geometry":{"type":"MultiPolygon","coordinates":[[[[124.251,23.727],[124.12,23.727],[124.12,23.858],[124.382,23.858],[124.382,23.727],[124.251,23.727]]],[[[124.775,23.989],[124.644,23.858],[124.644,23.727],[124.513,23.727],[124.513,23.858],[124.644,23.858],[124.775,23.989]]],[[[125.822,24.251],[125.822,24.12],[125.691,24.12],[125.691,24.251],[125.822,24.251]]],[[[128.702,26.084],[128.571,26.084],[128.571,25.953],[128.44,25.953],[128.178,25.691],[128.178,25.56],[128.047,25.56],[128.047,25.691],[128.178,25.691],[128.178,25.953],[128.309,25.953],[128.309,26.084],[128.571,26.084],[128.571,26.215],[128.702,26.215],[128.702,26.345],[128.702,26.084]]],[[[129.487,27.131],[129.356,27.131],[129.356,27.393],[129.356,27.262],[129.487,27.262],[129.487,27.131]]],[[[129.749,27.524],[129.618,27.524],[129.618,27.655],[129.749,27.524]]],[[[129.88,27.655],[129.749,27.524],[129.749,27.655],[129.618,27.655],[129.618,27.785],[129.88,27.785],[130.011,27.916],[130.142,27.916],[130.011,27.916],[130.011,27.785],[129.88,27.785],[129.88,27.655]]],[[[131.058,29.749],[130.927,29.749],[130.796,29.88],[131.058,29.88],[131.058,29.749]]],[[[131.32,29.88],[131.32,30.142],[131.451,30.273],[131.451,30.011],[131.32,29.88]]],[[[130.142,31.058],[130.142,31.189],[130.273,31.189],[130.142,31.058]]],[[[130.796,31.844],[130.665,31.844],[130.796,31.975],[130.927,31.975],[130.796,31.844]]],[[[130.535,31.713],[130.404,31.582],[130.404,31.975],[130.665,31.975],[130.665,31.844],[130.535,31.713]]],[[[129.095,32.236],[129.225,32.236],[129.356,32.105],[129.225,32.105],[129.225,31.975],[129.095,32.105],[129.095,32.236]]],[[[140.222,32.498],[140.222,32.629],[140.353,32.498],[140.222,32.498]]],[[[129.487,32.236],[129.487,32.629],[129.487,32.498],[129.618,32.498],[129.618,32.367],[129.487,32.367],[129.487,32.236]]],[[[129.88,32.629],[129.749,32.629],[129.88,32.629],[129.88,32.76],[130.011,32.76],[129.88,32.76],[129.88,32.629]]],[[[130.273,33.153],[130.142,33.153],[130.142,33.284],[130.273,33.153]]],[[[131.582,33.022],[131.975,33.022],[131.975,33.153],[132.105,33.022],[132.105,32.891],[131.975,32.76],[132.367,32.76],[132.236,32.629],[132.236,32.498],[132.367,32.498],[132.367,32.367],[132.498,32.367],[132.367,32.367],[132.367,32.236],[132.105,31.975],[131.975,31.713],[131.975,31.451],[131.844,31.32],[131.844,31.058],[131.713,30.796],[131.582,30.927],[131.451,30.927],[131.451,30.796],[131.582,30.665],[131.058,30.404],[131.058,30.535],[131.189,30.535],[131.189,31.189],[131.058,31.189],[131.058,31.058],[130.927,31.058],[130.927,30.796],[131.058,30.665],[130.665,30.665],[130.665,30.796],[130.535,30.796],[130.665,30.927],[130.796,30.927],[130.796,31.058],[130.665,31.189],[130.665,31.582],[130.796,31.582],[130.796,31.713],[130.927,31.713],[130.927,31.844],[131.058,32.105],[130.927,32.105],[131.058,32.236],[130.927,32.236],[130.927,32.367],[130.665,32.629],[130.535,32.498],[130.535,32.367],[130.665,32.236],[130.665,32.367],[130.796,32.236],[130.796,32.105],[130.665,32.105],[130.535,32.236],[130.142,31.975],[130.273,32.105],[130.273,32.236],[130.142,32.367],[130.142,32.498],[130.142,32.367],[130.273,32.367],[130.273,32.236],[130.404,32.236],[130.404,32.367],[130.142,32.629],[130.011,32.629],[130.011,32.76],[130.273,32.76],[130.273,32.891],[130.404,32.891],[130.535,33.022],[130.796,33.022],[131.058,33.415],[131.32,33.415],[131.32,33.284],[131.451,33.284],[131.451,33.153],[131.582,33.022]]],[[[132.629,33.415],[132.891,33.415],[132.891,33.284],[132.629,33.284],[132.629,33.415]]],[[[133.022,33.545],[132.891,33.545],[133.022,33.676],[133.022,33.545]]],[[[129.749,33.545],[129.618,33.545],[129.618,33.807],[129.749,33.676],[129.749,33.545]]],[[[134.724,33.676],[135.116,33.676],[135.116,33.284],[134.855,33.022],[134.724,33.022],[134.724,32.891],[134.593,32.76],[134.593,32.629],[134.593,32.76],[134.069,33.022],[134.069,32.891],[133.676,32.76],[133.676,32.629],[133.545,32.498],[133.415,32.498],[133.415,32.236],[133.022,32.236],[133.153,32.367],[132.891,32.367],[132.891,32.891],[132.76,32.891],[132.498,32.76],[132.498,32.891],[132.76,32.891],[133.022,33.022],[133.022,33.153],[133.153,33.284],[133.153,33.415],[133.284,33.415],[133.415,33.545],[133.415,33.415],[134.069,33.415],[134.069,33.676],[134.2,33.807],[134.593,33.807],[134.724,33.676]]],[[[134.724,33.938],[134.724,33.807],[134.724,33.938],[134.593,33.938],[134.855,33.938],[134.724,33.938]]],[[[135.378,33.676],[135.116,33.676],[135.247,33.807],[135.247,33.938],[135.378,33.938],[135.378,33.676]]],[[[129.749,33.807],[129.749,34.069],[129.88,34.069],[129.88,33.938],[129.749,33.807]]],[[[133.807,35.64],[133.676,35.64],[133.676,35.771],[133.807,35.64]]],[[[138.782,37.211],[138.651,37.211],[138.651,37.342],[138.782,37.473],[138.651,37.473],[138.913,37.735],[138.913,37.473],[139.044,37.473],[138.782,37.211]]],[[[141.662,40.876],[141.662,40.745],[141.924,40.876],[141.793,40.745],[141.793,40.222],[141.924,40.091],[141.924,39.96],[142.055,39.96],[142.316,39.567],[142.316,39.436],[142.447,39.305],[142.447,38.913],[142.316,38.651],[142.316,38.52],[142.185,38.52],[142.185,38.389],[142.055,38.389],[142.055,38.258],[141.924,38.258],[141.924,37.865],[141.662,37.865],[141.4,37.604],[141.4,36.425],[141.269,36.425],[141.269,36.295],[141.007,35.902],[141.007,35.509],[141.138,35.247],[141.269,35.247],[141.269,35.116],[141.007,35.116],[140.876,34.985],[140.876,34.724],[140.745,34.593],[140.615,34.593],[140.353,34.331],[140.222,34.331],[140.222,34.724],[140.353,34.724],[140.353,34.855],[140.484,34.985],[140.484,35.116],[140.222,35.116],[140.222,34.985],[140.091,34.855],[140.091,34.724],[140.222,34.724],[140.091,34.724],[140.091,34.593],[139.96,34.724],[139.698,34.724],[139.567,34.593],[139.567,34.331],[139.305,34.069],[139.175,34.069],[139.175,34.462],[139.305,34.462],[139.305,34.593],[139.044,34.593],[138.913,34.462],[138.913,34.331],[138.782,34.331],[138.651,34.2],[138.651,34.069],[137.473,34.069],[137.735,34.2],[137.473,34.2],[137.342,34.331],[137.342,34.2],[137.342,34.462],[137.08,34.462],[136.949,34.2],[136.949,34.069],[137.08,34.069],[137.211,33.938],[137.342,33.938],[137.342,33.807],[136.818,33.676],[136.556,33.284],[136.164,32.891],[135.902,33.022],[135.771,33.022],[135.771,33.153],[135.509,33.415],[135.509,33.807],[135.771,33.807],[135.771,33.938],[135.902,33.938],[135.902,34.069],[135.378,34.069],[135.247,34.2],[134.593,34.2],[134.331,33.938],[133.807,33.938],[133.807,33.807],[133.415,33.807],[133.153,33.676],[133.022,33.676],[132.891,33.807],[132.76,33.807],[132.629,33.676],[132.629,33.284],[132.498,33.284],[132.236,33.545],[132.105,33.545],[131.844,33.415],[131.32,33.415],[131.32,33.807],[131.844,33.807],[131.844,33.938],[131.975,33.938],[131.975,34.069],[132.105,34.069],[132.236,34.2],[132.367,34.2],[132.629,34.462],[132.891,34.593],[133.284,34.985],[133.676,34.985],[133.807,34.855],[133.938,34.985],[134.724,34.985],[134.855,35.116],[135.247,35.116],[135.64,35.247],[135.64,34.985],[136.295,34.985],[136.556,35.247],[136.425,35.378],[136.556,35.509],[136.556,35.64],[136.687,35.771],[136.818,35.771],[137.211,36.425],[137.08,36.687],[137.211,36.818],[137.735,36.949],[137.735,36.818],[137.604,36.687],[137.473,36.687],[137.342,36.556],[137.604,36.164],[137.735,36.164],[137.865,36.425],[138.389,36.556],[138.651,36.556],[139.044,36.949],[139.175,36.949],[139.175,37.08],[139.305,37.211],[139.305,37.342],[139.698,37.473],[139.829,37.604],[139.829,37.735],[139.96,37.865],[139.96,37.996],[140.222,38.258],[140.222,38.389],[140.353,38.52],[140.353,38.782],[140.484,38.782],[140.484,39.305],[140.222,39.305],[140.222,39.436],[140.353,39.436],[140.353,39.567],[140.484,39.698],[140.353,39.829],[140.353,40.091],[140.745,40.353],[140.745,40.615],[141.007,40.615],[141.138,40.353],[141.138,40.222],[141.269,40.222],[141.269,40.353],[141.662,40.353],[141.662,40.745],[141.531,40.745],[141.531,40.615],[141.269,40.615],[141.269,40.876],[141.4,41.007],[141.531,40.876],[141.662,40.876]]],[[[139.96,41.531],[139.829,41.531],[139.829,41.662],[139.96,41.662],[139.96,41.531]]],[[[141.662,44.542],[141.531,44.542],[141.531,44.673],[141.793,44.673],[141.793,44.542],[141.662,44.542]]],[[[141.531,44.804],[141.4,44.673],[141.4,44.935],[141.531,44.935],[141.531,44.804]]],[[[144.28,43.625],[144.411,43.495],[144.411,43.625],[144.542,43.495],[144.935,43.364],[145.327,43.364],[145.72,43.756],[145.851,43.756],[145.589,43.364],[145.589,42.971],[145.72,42.971],[145.72,42.709],[145.982,42.709],[146.113,42.84],[146.244,42.84],[146.113,42.84],[146.113,42.709],[145.982,42.578],[145.589,42.578],[145.458,42.447],[144.673,42.447],[144.149,42.185],[144.018,42.055],[143.756,41.793],[143.756,41.531],[143.625,41.4],[143.495,41.531],[142.971,41.662],[142.316,42.055],[141.793,42.055],[141.4,41.793],[141.138,42.055],[140.876,42.055],[140.745,41.924],[140.745,41.793],[141.007,41.531],[141.138,41.531],[141.4,41.4],[141.531,41.269],[141.531,41.138],[141.269,41.138],[141.269,41.269],[141.007,41.269],[140.876,41.138],[140.876,41.007],[140.745,41.007],[140.745,40.876],[140.484,40.876],[140.484,41.531],[140.353,41.662],[140.222,41.662],[140.222,42.055],[140.353,42.055],[140.484,42.185],[140.615,42.185],[140.876,42.447],[140.876,42.578],[140.745,42.709],[140.876,42.709],[140.876,42.84],[141.007,42.709],[141.4,42.709],[141.531,42.578],[141.662,42.578],[141.793,42.709],[141.793,43.102],[142.055,43.364],[142.055,43.756],[142.185,43.756],[142.185,44.411],[142.055,44.542],[142.055,44.804],[142.185,44.804],[142.316,44.935],[142.447,44.935],[143.102,44.28],[143.756,43.887],[144.018,43.625],[144.28,43.625]]]]}},{"type":"Feature","properties":{"iso3":"KAZ","name":"Kazakhstan"},"geometry":{"type":"MultiPolygon","coordinates":[[[[50.549,44.28],[50.418,44.411],[50.418,44.542],[50.549,44.542],[50.418,44.411],[50.549,44.28]]],[[[50.68,44.411],[50.68,44.542],[50.811,44.542],[50.811,44.411],[50.68,44.411]]],[[[53.167,44.804],[53.036,44.804],[53.036,44.935],[53.167,44.935],[53.167,44.804]]],[[[70.578,54.622],[70.84,54.622],[70.84,54.753],[71.233,54.753],[71.364,54.622],[71.364,54.36],[71.495,54.098],[71.625,54.098],[71.625,53.836],[71.495,53.705],[71.756,53.575],[72.149,53.575],[72.28,53.705],[72.673,53.705],[72.804,53.575],[72.804,53.444],[73.065,53.444],[72.935,53.575],[73.327,53.575],[73.589,53.444],[73.982,53.444],[73.982,53.575],[74.113,53.444],[74.113,53.313],[73.851,53.313],[73.72,53.182],[73.72,53.051],[73.851,52.92],[74.113,53.051],[74.636,53.051],[74.767,52.92],[75.291,53.313],[75.684,53.313],[75.815,53.444],[75.815,53.575],[76.338,53.575],[76.6,53.705],[76.731,53.705],[76.862,53.836],[77.255,53.836],[77.255,53.705],[77.124,53.575],[76.862,53.575],[76.862,53.444],[76.993,53.444],[77.255,53.313],[77.516,53.051],[78.171,52.789],[78.564,52.396],[78.956,52.135],[79.087,51.742],[79.611,51.349],[80.396,50.171],[80.527,50.171],[80.527,50.302],[80.658,50.302],[80.658,50.433],[80.789,50.302],[80.789,50.433],[80.92,50.433],[80.92,50.564],[80.789,50.564],[80.92,50.564],[80.92,50.695],[81.575,50.695],[81.575,50.564],[81.444,50.433],[81.836,50.433],[81.836,50.171],[83.015,50.171],[83.145,50.302],[83.407,50.302],[83.538,50.433],[84.062,50.433],[84.193,50.302],[84.324,50.302],[84.324,50.171],[84.455,50.171],[84.585,50.04],[84.585,49.909],[84.716,49.778],[84.716,49.647],[84.978,49.647],[85.24,49.516],[85.371,49.516],[85.371,49.385],[85.764,48.993],[85.764,49.124],[85.895,48.993],[86.68,48.993],[87.073,49.255],[87.204,49.255],[87.204,49.124],[87.073,49.124],[87.073,48.993],[87.204,48.993],[87.335,48.731],[87.596,48.731],[87.596,48.6],[87.727,48.6],[87.727,48.469],[87.596,48.6],[87.335,48.6],[87.335,48.469],[87.204,48.469],[87.204,48.076],[87.073,48.076],[86.942,47.945],[86.68,47.945],[86.418,47.815],[86.156,47.815],[86.025,47.684],[86.025,47.553],[85.895,47.422],[86.025,47.16],[86.025,46.898],[86.156,46.767],[85.895,46.505],[85.633,46.505],[85.24,46.244],[85.109,46.244],[85.109,46.375],[84.455,46.375],[84.193,46.505],[83.931,46.505],[83.669,46.636],[83.407,46.636],[83.407,46.375],[83.015,45.589],[82.884,45.458],[82.884,45.196],[82.753,45.065],[82.753,44.935],[83.015,44.935],[83.015,44.542],[82.884,44.542],[82.753,44.673],[82.491,44.673],[82.36,44.542],[82.229,44.673],[82.229,44.804],[81.967,44.804],[81.705,44.673],[81.444,44.673],[81.313,44.542],[80.658,44.542],[80.527,44.411],[80.396,44.411],[80.265,44.28],[80.658,44.28],[80.789,44.149],[80.92,44.149],[80.789,44.149],[80.789,43.495],[80.92,43.364],[81.051,43.102],[81.051,42.971],[81.182,42.84],[81.051,42.84],[81.051,42.709],[81.182,42.709],[81.182,42.578],[80.92,42.578],[80.789,42.447],[80.92,42.316],[80.789,42.316],[80.527,42.055],[80.658,41.924],[80.658,41.662],[80.265,41.924],[79.873,41.924],[79.742,42.055],[79.611,42.055],[79.611,42.185],[79.218,42.185],[79.087,42.316],[77.647,42.316],[77.516,42.447],[77.385,42.447],[77.124,42.316],[75.422,42.316],[75.291,42.447],[75.029,42.447],[74.636,42.709],[74.636,42.578],[74.113,42.578],[73.982,42.447],[73.851,42.185],[73.851,42.055],[73.982,41.793],[73.851,41.924],[73.589,41.924],[73.327,42.055],[73.065,42.055],[72.935,42.185],[72.542,42.185],[72.28,42.316],[72.149,42.316],[72.018,42.185],[71.625,42.185],[71.625,42.055],[71.495,42.055],[71.495,41.924],[71.364,41.924],[71.364,41.662],[71.102,41.662],[71.102,41.531],[70.709,41.531],[70.709,41.4],[70.447,41.138],[70.055,41.138],[70.055,41.007],[69.793,41.007],[69.793,40.876],[69.531,40.876],[69.531,40.745],[69.4,40.615],[69.269,40.615],[69.138,40.484],[69.138,40.353],[69.007,40.353],[69.007,40.091],[68.745,40.091],[68.615,40.222],[68.484,40.222],[68.484,40.484],[68.353,40.615],[67.175,40.615],[67.044,40.745],[67.044,41.007],[66.913,41.138],[66.913,41.4],[66.389,41.4],[66.389,41.793],[66.52,41.924],[66.52,42.447],[66.389,42.447],[66.389,42.316],[66.258,42.316],[65.996,42.709],[65.865,42.709],[65.604,42.971],[65.473,42.971],[65.473,43.102],[65.08,43.102],[64.949,42.971],[64.295,42.971],[64.164,43.102],[63.509,43.102],[63.247,42.971],[62.331,42.971],[61.807,43.495],[61.676,43.495],[61.415,43.887],[61.284,43.887],[61.153,44.018],[61.022,44.018],[60.629,44.28],[60.498,44.28],[60.367,44.411],[60.236,44.411],[60.105,44.542],[59.975,44.542],[59.844,44.673],[59.582,44.673],[59.189,44.935],[58.404,44.935],[58.142,44.804],[57.749,44.804],[57.618,44.673],[57.225,44.673],[56.964,44.542],[56.702,44.542],[56.571,44.411],[56.44,44.411],[56.44,40.745],[55.785,40.745],[55.785,40.876],[55.655,40.876],[55.524,41.007],[55.524,41.138],[55.393,41.269],[55.393,41.4],[55.262,41.4],[55.131,41.531],[54.869,41.662],[54.738,41.662],[54.607,41.793],[54.084,41.793],[53.953,41.662],[53.691,41.662],[53.429,41.531],[53.298,41.531],[52.905,41.269],[52.905,41.662],[53.036,41.793],[53.036,42.185],[52.905,42.316],[52.775,42.316],[52.644,42.185],[52.644,42.316],[52.251,42.316],[52.251,42.447],[52.12,42.578],[51.727,42.578],[51.727,42.971],[51.335,43.364],[51.073,43.756],[50.68,43.756],[50.68,44.018],[51.465,44.018],[51.596,43.887],[51.727,44.018],[51.989,44.018],[51.727,44.018],[51.465,44.28],[51.465,44.411],[51.596,44.542],[51.727,44.542],[51.727,44.673],[51.858,44.804],[53.691,44.804],[53.56,44.804],[53.167,45.065],[53.56,45.589],[53.56,45.851],[53.429,45.982],[53.56,45.982],[53.56,46.244],[53.429,46.375],[52.775,46.375],[52.644,46.244],[52.513,46.244],[52.382,46.375],[52.12,46.375],[52.12,46.505],[51.335,46.505],[51.204,46.375],[50.811,46.375],[50.549,46.113],[50.418,46.113],[50.287,45.982],[49.764,45.982],[49.764,45.851],[49.633,45.851],[49.633,45.72],[49.633,45.851],[49.371,45.851],[49.24,45.982],[48.978,45.982],[48.978,46.244],[49.109,46.244],[49.24,46.113],[49.371,46.113],[49.371,46.244],[49.109,46.505],[48.978,46.767],[48.585,47.16],[48.324,47.16],[48.062,47.291],[47.931,47.291],[47.8,47.16],[47.669,47.16],[47.669,47.291],[47.538,47.291],[47.538,47.684],[47.407,47.684],[47.276,47.815],[47.145,47.815],[47.015,48.076],[47.276,48.469],[47.407,48.469],[47.407,48.731],[47.276,48.731],[47.276,49.124],[47.538,49.385],[47.669,49.385],[47.669,49.647],[47.931,49.909],[48.062,49.909],[48.193,49.778],[48.324,49.778],[48.455,49.516],[48.716,49.255],[48.978,49.255],[49.24,49.385],[49.24,49.647],[49.109,49.778],[49.109,50.04],[49.371,50.04],[49.764,50.302],[49.764,50.433],[49.895,50.433],[49.895,50.564],[50.287,50.564],[50.418,50.695],[50.68,50.695],[50.68,50.825],[50.811,50.825],[51.073,51.087],[51.204,51.087],[51.204,51.218],[51.335,51.218],[51.465,51.087],[51.727,51.087],[51.727,50.956],[52.251,50.956],[52.644,51.218],[52.775,51.087],[52.905,51.087],[52.905,50.956],[53.822,50.956],[53.822,50.825],[53.953,50.825],[54.345,50.564],[54.476,50.564],[54.869,50.171],[54.869,50.04],[55.131,50.04],[55.0,50.171],[55.0,50.433],[55.262,50.433],[55.393,50.302],[55.655,50.171],[55.785,50.171],[55.916,50.04],[56.309,50.04],[56.44,50.171],[56.571,50.171],[56.571,50.302],[56.702,50.433],[57.225,50.433],[57.487,50.564],[57.88,50.302],[58.011,50.302],[58.273,50.564],[58.796,50.564],[59.189,50.171],[59.451,50.171],[59.582,50.04],[59.975,50.04],[59.975,49.909],[60.367,50.171],[60.367,50.302],[60.498,50.302],[60.629,50.171],[61.676,50.171],[61.938,50.433],[61.938,50.564],[62.069,50.695],[61.938,50.825],[60.891,51.087],[60.498,51.349],[60.498,51.48],[60.629,51.48],[60.891,51.611],[61.153,51.611],[61.284,51.742],[61.415,51.742],[61.415,51.873],[61.153,52.135],[61.284,52.135],[61.284,52.265],[61.415,52.265],[61.415,52.396],[62.462,52.396],[62.462,52.527],[62.2,52.658],[61.676,52.658],[61.676,52.789],[61.545,52.789],[61.676,52.789],[61.676,52.92],[61.938,52.92],[61.938,53.051],[61.415,53.051],[61.545,53.182],[61.545,53.444],[62.985,53.444],[63.116,53.575],[63.902,53.575],[64.033,53.705],[64.425,53.705],[64.687,53.836],[65.604,53.836],[65.604,53.967],[65.865,53.967],[65.865,54.098],[67.044,54.098],[67.175,54.229],[67.698,54.229],[67.96,54.36],[68.615,54.36],[68.615,54.622],[69.007,54.622],[69.4,54.884],[69.662,54.753],[70.316,54.753],[70.447,54.622],[70.578,54.622]]]]}},{"type":"Feature","properties":{"iso3":"KEN","name":"Kenya"},"geometry":{"type":"MultiPolygon","coordinates":[[[[41.385,-2.585],[41.516,-2.455],[41.516,-2.585],[41.385,-2.585]]],[[[35.756,4.876],[35.756,4.745],[35.756,4.876],[36.28,4.745],[36.149,4.615],[36.28,4.615],[36.149,4.615],[36.149,4.222],[36.542,3.829],[37.327,3.829],[38.244,3.305],[38.505,3.044],[39.16,3.044],[39.422,2.913],[39.945,2.913],[40.207,3.175],[40.207,3.305],[40.731,3.567],[40.993,3.567],[41.255,3.698],[41.385,3.436],[42.302,3.436],[41.778,2.651],[41.385,2.258],[41.385,-1.276],[41.516,-1.538],[41.909,-1.931],[41.909,-2.062],[41.778,-2.324],[41.647,-2.324],[41.516,-2.455],[41.385,-2.324],[41.385,-2.455],[41.255,-2.455],[41.385,-2.585],[41.385,-2.716],[41.255,-2.716],[41.255,-2.847],[41.124,-2.978],[40.862,-2.978],[40.731,-3.109],[40.6,-3.109],[40.6,-3.633],[40.338,-3.895],[40.338,-4.025],[40.207,-4.156],[40.207,-4.418],[40.076,-4.549],[39.945,-4.942],[39.815,-5.073],[39.553,-5.073],[38.898,-4.549],[38.767,-4.549],[38.375,-4.156],[38.244,-4.156],[38.244,-4.025],[38.113,-4.025],[38.113,-3.895],[37.982,-3.895],[38.113,-3.895],[38.113,-3.502],[37.982,-3.371],[37.065,-2.978],[35.887,-2.193],[34.709,-1.669],[34.447,-1.407],[34.316,-1.407],[34.316,-0.36],[34.578,-0.098],[34.578,0.033],[34.971,0.425],[34.971,0.556],[35.102,0.687],[35.233,0.687],[35.233,0.949],[35.364,0.949],[35.364,1.865],[35.233,1.996],[35.233,2.258],[35.102,2.258],[34.971,2.389],[34.971,2.52],[34.84,2.651],[34.84,3.175],[34.709,3.175],[34.578,3.305],[34.447,3.698],[35.495,4.745],[35.756,4.876],[35.625,4.876],[35.756,4.876]]]]}},{"type":"Feature","properties":{"iso3":"KGZ","name":"Kyrgyzstan"},"geometry":{"type":"MultiPolygon","coordinates":[[[[80.658,41.662],[80.658,41.531],[80.396,41.4],[80.135,41.4],[79.873,41.269],[79.742,41.269],[79.611,41.138],[78.956,40.876],[78.825,40.876],[78.825,40.745],[78.564,40.484],[77.255,40.484],[76.993,40.091],[76.993,39.96],[76.862,39.829],[76.469,39.829],[76.338,39.698],[76.076,39.698],[76.076,39.96],[75.945,40.091],[75.684,39.96],[75.553,39.96],[75.422,39.829],[75.291,39.96],[75.291,39.829],[75.16,39.829],[75.16,39.698],[75.029,39.698],[74.898,39.567],[74.505,39.567],[74.375,39.436],[74.375,39.305],[74.244,39.305],[74.244,39.175],[74.375,39.044],[74.244,38.913],[73.72,38.913],[73.72,38.782],[72.673,38.782],[72.673,38.651],[72.542,38.651],[72.542,38.782],[72.149,38.782],[72.149,38.913],[71.887,38.913],[71.887,39.044],[71.756,39.044],[71.625,38.913],[71.495,38.913],[71.233,38.782],[70.971,39.044],[70.055,39.044],[69.924,38.913],[69.662,38.913],[69.662,39.305],[69.793,39.436],[69.793,39.305],[69.924,39.305],[69.924,39.567],[70.185,39.567],[70.447,39.698],[70.447,39.567],[70.84,39.567],[70.84,39.436],[71.102,39.436],[71.102,39.567],[71.364,39.567],[71.364,39.698],[72.018,39.698],[72.149,39.567],[72.28,39.698],[72.411,39.698],[72.411,39.829],[72.542,39.829],[72.673,39.96],[72.673,39.829],[72.804,39.829],[72.804,39.96],[73.065,39.96],[73.196,40.091],[73.589,40.222],[73.458,40.353],[73.327,40.222],[72.935,40.484],[72.542,40.484],[72.542,40.615],[72.28,40.615],[72.28,40.876],[72.149,40.876],[72.149,41.007],[72.018,41.007],[72.018,40.745],[71.887,40.745],[71.887,40.615],[71.233,40.615],[71.233,40.745],[71.102,40.876],[70.709,40.876],[70.578,41.007],[70.971,41.269],[71.102,41.269],[71.102,41.4],[71.233,41.4],[71.233,41.531],[71.495,41.531],[71.625,41.662],[71.495,41.662],[71.495,41.793],[71.364,41.662],[71.364,41.924],[71.495,41.924],[71.495,42.055],[71.625,42.055],[71.625,42.185],[72.018,42.185],[72.149,42.316],[72.28,42.316],[72.542,42.185],[72.935,42.185],[73.065,42.055],[73.327,42.055],[73.589,41.924],[73.851,41.924],[73.982,41.793],[73.851,42.055],[73.851,42.185],[73.982,42.447],[74.113,42.578],[74.636,42.578],[74.636,42.709],[74.767,42.578],[75.029,42.447],[75.291,42.447],[75.422,42.316],[77.124,42.316],[77.385,42.447],[77.516,42.447],[77.647,42.316],[79.087,42.316],[79.218,42.185],[79.611,42.185],[79.611,42.055],[79.742,42.055],[79.873,41.924],[80.265,41.924],[80.658,41.662]]],[[[71.102,39.305],[70.971,39.305],[70.971,39.175],[71.102,39.175],[71.102,39.305]]],[[[72.149,39.436],[72.28,39.436],[72.149,39.436],[72.149,39.305],[72.149,39.436]]],[[[71.625,39.305],[71.625,39.436],[71.495,39.567],[71.364,39.567],[71.364,39.436],[71.495,39.436],[71.495,39.305],[71.625,39.305]]]]}},{"type":"Feature","properties":{"iso3":"KHM","name":"Cambodia"},"geometry":{"type":"MultiPolygon","coordinates":[[[[108.018,14.04],[107.887,14.04],[107.887,13.909],[107.756,13.778],[107.756,13.385],[108.018,13.124],[108.018,12.731],[107.887,12.469],[107.887,12.338],[108.018,12.207],[108.018,11.815],[107.887,11.815],[107.887,11.684],[107.756,11.684],[107.756,11.815],[107.625,11.684],[107.495,11.684],[107.364,11.553],[107.233,11.553],[107.102,11.422],[106.84,11.422],[106.84,11.16],[106.316,11.16],[106.316,10.636],[106.578,10.505],[106.578,10.244],[106.447,10.244],[106.316,10.375],[106.316,10.244],[106.185,10.375],[105.793,10.375],[105.793,10.244],[105.662,10.244],[105.531,10.375],[105.4,10.375],[105.4,10.244],[105.531,10.113],[105.4,10.113],[105.269,9.982],[105.007,9.982],[104.876,9.851],[104.745,9.982],[104.353,9.982],[104.353,10.113],[104.222,9.982],[103.96,9.982],[103.96,10.113],[104.091,10.244],[104.091,10.505],[103.96,10.505],[103.96,10.636],[103.829,10.505],[103.829,10.375],[103.567,10.375],[103.567,10.898],[103.436,11.029],[103.436,11.16],[103.305,11.16],[103.175,11.553],[103.175,11.945],[103.044,12.076],[102.913,12.076],[102.913,12.469],[102.782,12.6],[102.782,12.993],[102.913,12.993],[103.044,13.124],[102.913,13.124],[103.044,13.124],[103.175,13.255],[103.175,13.385],[103.567,13.778],[103.829,13.778],[103.96,13.909],[104.091,13.909],[104.222,13.778],[105.007,13.778],[105.269,13.909],[105.4,13.778],[105.4,13.647],[105.531,13.647],[105.531,13.778],[105.662,13.778],[105.662,13.647],[105.793,13.516],[105.924,13.647],[106.316,13.385],[106.447,13.385],[106.578,13.516],[106.447,13.647],[106.447,13.778],[106.578,13.778],[106.709,13.909],[106.84,13.909],[106.971,14.04],[106.971,13.909],[107.102,13.909],[107.102,13.778],[107.364,13.778],[107.495,13.909],[107.625,13.909],[107.625,14.04],[107.887,14.04],[107.887,14.171],[108.018,14.04]]]]}},{"type":"Feature","properties":{"iso3":"KIR","name":"Kiribati"},"geometry":{"type":"MultiPolygon","coordinates":[[[[-154.455,-4.549],[-154.455,-4.418],[-154.324,-4.418],[-154.455,-4.418],[-154.455,-4.549]]],[[[174.945,-1.276],[174.945,-1.015],[174.945,-1.015],[174.945,-1.015],[174.945,-1.276]]],[[[173.636,0.425],[173.636,0.295],[173.309,0.295],[173.636,0.295],[173.636,0.425]]],[[[173.636,1.342],[173.636,1.211],[173.309,1.342],[173.636,1.342]]],[[[-156.811,1.342],[-156.68,1.211],[-156.811,1.211],[-157.073,1.342],[-156.811,1.342],[-156.942,1.473],[-156.811,1.473],[-156.811,1.342]]],[[[-158.775,3.305],[-158.644,3.305],[-158.905,3.305],[-158.775,3.305]]]]}},{"type":"Feature","properties":{"iso3":"KNA","name":"Saint Kitts and Nevis"},"geometry":{"type":"MultiPolygon","coordinates":[[[[-62.033,16.658],[-62.164,16.658],[-62.164,16.789],[-62.295,16.789],[-62.164,16.789],[-62.033,16.658]]]]}},{"type":"Feature","properties":{"iso3":"KOR","name":"Korea, South"},"geometry":{"type":"MultiPolygon","coordinates":[[[[126.738,32.629],[126.607,32.629],[126.607,32.76],[126.738,32.891],[127.131,33.022],[127.262,33.022],[127.393,32.891],[127.0,32.629],[126.738,32.629]]],[[[126.607,33.807],[126.476,33.807],[126.738,34.069],[126.738,33.938],[126.869,33.938],[126.738,33.807],[126.607,33.807]]],[[[126.607,34.2],[126.476,34.2],[126.476,34.331],[126.607,34.331],[126.607,34.2]]],[[[128.44,34.2],[128.309,34.2],[128.309,34.331],[128.44,34.331],[128.44,34.2]]],[[[129.225,34.2],[128.964,34.2],[128.964,34.331],[129.095,34.462],[129.225,34.2]]],[[[126.869,35.902],[126.738,35.902],[126.738,36.033],[126.869,36.033],[126.869,35.902]]],[[[127.0,37.211],[127.0,37.08],[126.869,37.08],[126.738,37.211],[127.0,37.211]]],[[[128.833,38.127],[129.225,37.342],[129.88,36.556],[129.88,35.509],[130.011,35.509],[129.88,34.985],[129.618,34.593],[128.964,34.593],[128.833,34.462],[128.833,34.331],[128.571,34.331],[128.44,34.462],[128.178,34.462],[128.047,34.331],[128.178,34.2],[128.047,34.069],[128.047,34.2],[127.916,34.331],[127.785,34.331],[127.785,34.069],[127.916,34.069],[127.785,33.938],[127.655,33.938],[127.655,34.2],[127.262,33.938],[127.131,33.938],[127.0,33.807],[126.869,33.807],[126.869,33.938],[126.738,34.069],[126.738,34.2],[127.0,34.2],[126.869,34.2],[127.0,34.2],[127.0,34.331],[126.869,34.2],[126.869,34.331],[126.738,34.462],[126.738,34.724],[126.869,34.724],[126.869,34.985],[127.0,34.985],[126.869,34.985],[126.869,35.116],[127.0,35.116],[127.131,35.247],[127.131,35.509],[127.0,35.509],[127.0,35.902],[126.869,36.033],[126.869,36.164],[126.869,36.033],[126.607,36.164],[126.607,36.295],[126.738,36.425],[127.262,36.425],[127.262,36.295],[127.393,36.295],[127.393,36.425],[127.262,36.425],[127.262,36.556],[127.131,36.687],[127.262,36.687],[127.0,37.08],[127.0,37.211],[127.131,37.211],[127.131,37.473],[127.262,37.604],[127.393,37.604],[127.393,37.735],[128.571,37.735],[128.571,37.865],[128.702,37.865],[128.702,37.996],[128.833,38.127]]]]}},{"type":"Feature","properties":{"iso3":"KWT","name":"Kuwait"},"geometry":{"type":"MultiPolygon","coordinates":[[[[48.716,29.095],[48.585,29.095],[48.455,29.225],[48.585,29.356],[48.585,29.487],[48.716,29.356],[48.716,29.095]]],[[[48.585,29.095],[48.585,28.964],[48.455,28.964],[48.455,29.095],[48.193,28.964],[48.193,28.833],[48.455,28.833],[48.455,28.702],[48.585,28.702],[48.585,28.44],[48.716,28.309],[48.716,28.178],[48.847,28.178],[48.847,28.047],[48.716,28.047],[48.455,27.916],[48.062,27.916],[48.062,28.047],[47.8,28.44],[47.407,28.44],[47.145,28.571],[47.015,28.571],[47.145,28.702],[47.145,28.833],[47.407,29.095],[47.407,29.225],[47.538,29.356],[47.538,29.487],[48.455,29.487],[48.455,29.095],[48.585,29.095]]]]}},{"type":"Feature","properties":{"iso3":"LAO","name":"Laos"},"geometry":{"type":"MultiPolygon","coordinates":[[[[102.52,21.764],[102.651,21.764],[102.913,21.502],[102.913,21.371],[103.044,21.371],[103.044,21.109],[103.175,21.109],[103.175,21.24],[103.305,21.24],[103.305,21.109],[103.436,21.109],[103.436,20.978],[103.305,20.978],[103.305,20.585],[103.567,20.324],[103.698,20.324],[103.829,20.193],[104.222,20.193],[104.353,20.324],[104.484,20.324],[104.484,20.455],[104.615,20.324],[104.745,20.324],[104.876,20.193],[105.007,20.193],[105.007,20.062],[104.876,19.931],[104.745,19.931],[104.876,19.931],[104.876,19.8],[105.138,19.8],[105.138,19.669],[105.269,19.669],[105.4,19.538],[105.4,19.407],[105.269,19.407],[105.269,19.276],[105.007,19.015],[104.745,19.145],[104.484,19.145],[104.484,18.884],[104.353,18.753],[104.484,18.622],[104.876,18.491],[105.138,18.229],[105.4,18.229],[105.531,18.098],[105.531,17.836],[105.793,17.575],[105.924,17.575],[106.055,17.444],[106.055,17.182],[106.709,16.658],[106.709,16.527],[106.84,16.396],[106.971,16.396],[106.971,16.004],[107.102,16.004],[107.102,15.873],[107.233,15.873],[107.233,16.004],[107.364,15.873],[107.364,15.742],[107.495,15.742],[107.756,15.48],[107.887,15.48],[107.625,15.218],[107.625,15.087],[107.756,15.087],[107.756,14.956],[107.887,14.956],[108.018,14.825],[108.018,14.564],[107.887,14.433],[107.887,14.04],[107.625,14.04],[107.625,13.909],[107.495,13.909],[107.364,13.778],[107.102,13.778],[107.102,13.909],[106.971,13.909],[106.971,14.04],[106.84,13.909],[106.709,13.909],[106.578,13.778],[106.447,13.778],[106.447,13.647],[106.578,13.516],[106.447,13.385],[106.316,13.385],[105.924,13.647],[105.793,13.516],[105.662,13.647],[105.662,13.778],[105.793,13.909],[105.924,13.909],[105.924,14.825],[106.055,14.825],[106.055,15.087],[105.924,15.218],[105.793,15.218],[105.793,15.48],[105.531,15.48],[105.531,15.611],[105.269,15.873],[105.138,16.135],[105.138,16.527],[105.269,16.789],[105.138,16.92],[105.138,17.051],[105.007,17.051],[104.745,17.313],[104.484,17.705],[104.222,17.705],[104.091,17.836],[103.698,17.836],[103.698,17.705],[103.567,17.705],[103.567,17.575],[103.436,17.444],[103.175,17.444],[103.175,17.313],[103.044,17.313],[102.913,17.444],[102.782,17.444],[102.52,17.705],[102.52,17.575],[102.389,17.575],[102.258,17.444],[102.127,17.444],[102.127,17.313],[101.996,17.313],[101.604,16.92],[101.342,16.92],[101.342,17.051],[101.604,17.444],[101.604,17.705],[101.473,17.836],[101.473,17.967],[101.735,18.36],[101.735,18.491],[101.604,18.622],[101.604,19.015],[101.211,19.015],[101.08,18.884],[100.818,19.145],[100.949,19.276],[100.949,19.669],[100.818,19.669],[100.818,19.8],[100.687,19.8],[100.556,19.669],[100.556,20.062],[100.818,20.324],[100.949,20.193],[100.949,20.324],[101.08,20.324],[100.949,20.324],[100.949,20.455],[101.08,20.455],[101.08,20.716],[101.211,20.716],[101.604,20.978],[101.604,20.716],[101.735,20.585],[101.865,20.716],[101.996,20.716],[101.996,20.585],[102.258,20.585],[102.258,20.716],[102.127,20.716],[102.127,21.371],[101.996,21.371],[101.996,21.764],[102.127,21.895],[102.52,21.895],[102.52,21.764]]]]}},{"type":"Feature","properties":{"iso3":"LBN","name":"Lebanon"},"geometry":{"type":"MultiPolygon","coordinates":[[[[36.28,32.891],[36.149,32.76],[36.018,32.76],[36.018,32.629],[36.018,32.76],[36.018,32.629],[35.887,32.498],[35.495,32.498],[35.625,32.629],[35.625,32.891],[35.756,32.891],[35.887,33.284],[36.018,33.415],[36.018,33.676],[36.28,33.938],[36.411,33.938],[36.411,34.069],[36.804,34.069],[36.804,33.938],[36.935,33.938],[37.065,33.676],[36.935,33.545],[36.804,33.545],[36.804,33.415],[36.673,33.415],[36.673,33.284],[36.804,33.284],[36.411,33.284],[36.411,32.891],[36.28,32.891]]]]}},{"type":"Feature","properties":{"iso3":"LBR","name":"Liberia"},"geometry":{"type":"MultiPolygon","coordinates":[[[[-7.967,6.971],[-7.836,6.971],[-7.836,6.84],[-7.705,6.578],[-7.705,6.316],[-8.098,5.924],[-7.836,5.924],[-7.836,5.793],[-7.444,5.793],[-7.313,5.662],[-7.313,5.531],[-7.182,5.531],[-7.182,5.4],[-7.051,5.4],[-6.92,5.269],[-6.92,5.138],[-6.789,5.007],[-6.92,5.007],[-6.92,4.615],[-7.051,4.484],[-7.051,3.829],[-8.622,4.484],[-9.8,5.662],[-10.193,5.662],[-10.193,5.793],[-10.455,6.055],[-10.978,6.316],[-10.847,6.447],[-10.847,6.578],[-10.716,6.709],[-10.585,6.709],[-10.585,6.84],[-10.455,6.971],[-10.324,6.971],[-10.193,7.233],[-10.062,7.233],[-10.062,7.495],[-9.931,7.625],[-9.8,7.625],[-9.8,7.756],[-9.538,8.018],[-9.538,7.887],[-9.276,8.018],[-9.145,7.887],[-9.015,7.887],[-9.015,7.625],[-8.884,7.625],[-8.884,7.233],[-8.753,7.102],[-8.884,6.971],[-8.884,6.84],[-8.622,6.84],[-8.622,6.709],[-8.36,6.709],[-8.229,6.84],[-8.229,7.102],[-7.967,7.102],[-7.967,6.971]]]]}},{"type":"Feature","properties":{"iso3":"LBY","name":"Libya"},"geometry":{"type":"MultiPolygon","coordinates":[[[[25.545,31.058],[25.284,30.796],[25.284,30.535],[25.415,30.404],[25.415,30.142],[25.153,29.749],[25.153,29.618],[25.284,29.356],[25.284,28.833],[25.415,28.702],[25.415,19.407],[24.367,19.407],[24.367,18.884],[22.535,19.931],[22.011,20.062],[19.655,21.371],[19.131,21.502],[17.691,22.287],[16.775,22.68],[16.382,22.942],[15.465,22.418],[14.942,22.287],[14.68,22.025],[14.287,22.287],[13.895,22.68],[13.371,22.68],[12.455,22.942],[11.931,23.727],[11.145,23.989],[10.622,23.989],[10.622,24.12],[10.491,24.251],[10.491,24.775],[9.967,25.56],[9.967,25.691],[10.098,25.822],[10.229,25.822],[10.491,26.084],[10.491,26.345],[10.36,26.345],[10.36,27.0],[10.491,27.262],[10.36,27.524],[10.36,28.833],[9.836,29.618],[10.098,29.618],[10.491,29.88],[10.491,30.142],[10.622,30.273],[10.622,30.665],[10.491,30.927],[10.622,30.927],[10.622,31.058],[10.753,31.189],[11.015,31.189],[11.015,31.32],[11.276,31.582],[11.407,31.582],[11.8,31.844],[11.931,31.844],[11.931,32.629],[12.062,32.498],[12.716,32.367],[12.847,32.236],[13.24,32.236],[13.502,32.367],[13.764,32.367],[14.025,32.236],[14.287,32.236],[14.549,32.105],[14.68,32.105],[14.811,31.975],[15.596,31.844],[15.727,31.713],[15.727,31.451],[15.858,31.32],[15.858,31.058],[15.989,30.927],[16.12,30.927],[16.513,30.665],[17.167,30.665],[17.822,30.535],[18.215,30.404],[18.345,30.273],[18.607,30.273],[19.393,29.749],[19.655,29.749],[20.178,29.88],[20.571,30.404],[20.571,30.796],[20.44,30.796],[20.44,31.058],[20.309,31.32],[20.571,31.713],[21.487,32.236],[21.88,32.236],[22.011,32.367],[22.796,32.367],[22.927,32.236],[23.189,32.236],[23.32,32.105],[23.451,32.105],[23.582,31.844],[23.582,31.713],[24.367,31.582],[24.498,31.451],[25.415,31.451],[25.415,31.32],[25.545,31.189],[25.545,31.058]]]]}},{"type":"Feature","properties":{"iso3":"LCA","name":"Saint Lucia"},"geometry":{"type":"MultiPolygon","coordinates":[[[[-60.331,13.255],[-60.331,13.124],[-60.462,13.255],[-60.462,13.516],[-60.331,13.516],[-60.331,13.255]]]]}},{"type":"Feature","properties":{"iso3":"LIE","name":"Liechtenstein"},"geometry":{"type":"MultiPolygon","coordinates":[[[[10.098,46.505],[10.098,46.767],[10.098,46.636],[10.229,46.505],[10.098,46.505]]]]}},{"type":"Feature","properties":{"iso3":"LKA","name":"Sri Lanka"},"geometry":{"type":"MultiPolygon","coordinates":[[[[80.265,8.542],[80.265,8.411],[80.135,8.542],[80.265,8.542]]],[[[80.396,9.065],[80.265,9.065],[80.265,9.196],[80.396,9.065]]],[[[80.396,9.196],[80.658,9.196],[81.182,8.804],[81.313,8.542],[81.313,8.411],[81.444,8.411],[81.705,8.018],[81.705,7.887],[81.836,7.887],[81.836,7.625],[82.098,7.233],[82.098,7.102],[82.229,6.971],[82.229,6.84],[82.36,6.709],[82.36,6.447],[82.229,6.316],[82.229,6.055],[81.836,5.662],[81.705,5.662],[81.182,5.4],[80.658,5.4],[80.396,5.793],[80.396,6.055],[80.265,6.316],[80.265,6.971],[80.135,7.233],[80.135,7.756],[80.135,7.495],[80.265,7.495],[80.265,7.887],[80.527,8.542],[80.527,9.065],[80.658,8.935],[80.789,8.935],[80.396,9.196]]]]}},{"type":"Feature","properties":{"iso3":"LSO","name":"Lesotho"},"geometry":{"type":"MultiPolygon","coordinates":[[[[29.211,-30.469],[29.08,-30.6],[28.687,-30.6],[28.556,-30.862],[28.556,-30.993],[28.425,-30.993],[28.425,-31.124],[28.295,-30.993],[28.033,-30.993],[28.033,-30.862],[27.902,-30.862],[27.902,-30.731],[27.771,-30.731],[27.771,-30.469],[27.64,-30.469],[27.64,-30.338],[27.509,-30.207],[27.509,-30.076],[27.902,-29.815],[27.902,-29.684],[28.033,-29.553],[28.033,-29.422],[28.164,-29.422],[28.556,-29.16],[29.08,-29.029],[29.211,-29.16],[29.342,-29.16],[29.342,-29.291],[29.473,-29.422],[29.604,-29.422],[29.735,-29.553],[29.735,-29.684],[29.865,-29.684],[29.735,-29.815],[29.735,-30.076],[29.604,-30.076],[29.604,-30.207],[29.342,-30.469],[29.211,-30.469]]]]}},{"type":"Feature","properties":{"iso3":"LTU","name":"Lithuania"},"geometry":{"type":"MultiPolygon","coordinates":[[[[21.487,54.753],[21.356,54.753],[21.487,54.884],[21.487,55.015],[21.487,54.753]]],[[[25.415,55.8],[25.545,55.669],[26.462,55.407],[26.462,55.276],[26.593,55.276],[26.724,55.145],[26.985,55.145],[26.985,54.884],[26.855,54.753],[27.247,54.753],[27.116,54.753],[27.116,54.622],[26.724,54.622],[26.462,54.36],[26.331,54.36],[26.2,54.229],[26.2,53.967],[26.069,53.967],[25.938,53.836],[25.938,53.705],[26.2,53.705],[26.2,53.575],[25.938,53.575],[25.938,53.705],[25.545,53.705],[25.545,53.575],[25.284,53.575],[24.891,53.313],[24.629,53.313],[24.629,53.444],[24.498,53.444],[24.498,53.313],[24.367,53.444],[24.236,53.444],[24.105,53.313],[23.975,53.313],[23.975,53.444],[23.844,53.444],[23.844,53.705],[23.451,53.705],[23.451,53.836],[23.189,53.836],[23.058,53.967],[23.32,54.229],[23.189,54.36],[23.058,54.36],[23.058,54.491],[22.273,54.491],[22.142,54.622],[21.88,54.622],[21.88,54.753],[21.618,54.753],[21.618,55.015],[21.487,55.276],[21.487,55.538],[22.142,55.8],[24.498,55.8],[24.498,55.669],[24.891,55.669],[24.891,55.8],[25.415,55.8]]]]}},{"type":"Feature","properties":{"iso3":"LUX","name":"Luxembourg"},"geometry":{"type":"MultiPolygon","coordinates":[[[[6.695,49.516],[6.695,49.385],[6.825,49.385],[6.825,49.255],[7.087,49.255],[7.087,49.124],[6.956,49.124],[6.956,48.862],[6.825,48.862],[6.825,48.993],[6.695,48.993],[6.695,48.862],[6.433,48.862],[6.433,48.993],[6.302,48.993],[6.433,48.993],[6.433,49.124],[6.302,49.124],[6.302,49.385],[6.564,49.647],[6.695,49.647],[6.695,49.516]]]]}},{"type":"Feature","properties":{"iso3":"LVA","name":"Latvia"},"geometry":{"type":"MultiPolygon","coordinates":[[[[27.771,56.978],[27.902,56.978],[27.902,56.847],[28.164,56.847],[28.164,56.716],[28.295,56.716],[28.295,56.585],[28.164,56.585],[28.164,56.455],[28.033,56.324],[28.295,56.324],[28.295,56.193],[28.425,56.193],[28.425,56.062],[28.556,55.931],[28.556,55.8],[28.687,55.669],[28.556,55.669],[28.556,55.538],[28.295,55.538],[28.164,55.407],[28.033,55.407],[28.033,55.276],[27.378,55.276],[27.247,55.145],[26.724,55.145],[26.593,55.276],[26.462,55.276],[26.462,55.407],[25.545,55.669],[25.415,55.8],[24.891,55.8],[24.891,55.669],[24.498,55.669],[24.498,55.8],[22.142,55.8],[21.487,55.538],[21.487,56.324],[21.618,56.324],[21.749,56.455],[21.88,56.585],[21.88,56.716],[22.142,56.978],[22.404,56.978],[22.665,57.109],[23.058,57.109],[23.058,56.978],[23.451,56.847],[23.713,56.585],[24.105,56.455],[24.498,56.455],[24.76,56.585],[24.76,56.716],[24.891,56.716],[24.76,57.109],[24.76,57.371],[25.284,57.371],[25.284,57.502],[25.807,57.502],[25.938,57.371],[26.2,57.371],[26.593,57.109],[26.724,57.109],[26.855,56.978],[27.247,56.978],[27.378,57.109],[27.509,56.978],[27.771,56.978]]]]}},{"type":"Feature","properties":{"iso3":"MAR","name":"Morocco"},"geometry":{"type":"MultiPolygon","coordinates":[[[[-4.04,34.593],[-3.778,34.593],[-3.385,34.724],[-2.993,34.724],[-2.862,34.593],[-2.6,34.724],[-2.469,34.724],[-2.469,34.855],[-2.338,34.855],[-2.338,34.593],[-1.684,34.593],[-1.684,34.462],[-1.553,34.462],[-1.291,34.2],[-1.291,33.938],[-1.16,33.938],[-1.291,33.807],[-1.16,33.676],[-1.16,33.153],[-1.029,33.022],[-1.16,32.76],[-0.898,32.367],[-0.898,32.236],[-0.505,31.975],[-0.767,31.713],[-0.636,31.582],[-2.338,31.582],[-2.338,31.451],[-2.469,31.451],[-2.469,31.32],[-2.862,31.189],[-3.255,31.189],[-3.255,30.665],[-3.124,30.535],[-3.124,30.404],[-3.385,30.404],[-3.647,30.273],[-3.909,30.011],[-4.171,30.011],[-4.433,29.88],[-4.695,29.487],[-4.956,29.356],[-5.218,29.356],[-5.48,29.225],[-6.004,29.225],[-6.004,28.964],[-6.135,28.964],[-6.265,29.095],[-6.658,29.095],[-6.658,28.964],[-6.789,28.964],[-6.92,28.833],[-7.182,28.833],[-7.967,28.178],[-8.098,28.178],[-8.098,27.131],[-8.229,27.131],[-8.229,26.607],[-8.36,26.607],[-8.491,26.476],[-8.622,26.607],[-8.753,26.607],[-9.145,26.345],[-9.931,26.345],[-9.931,26.476],[-10.455,26.476],[-10.585,26.345],[-10.847,26.345],[-10.847,26.215],[-10.716,26.215],[-10.716,26.084],[-10.847,26.084],[-10.978,25.953],[-10.978,25.822],[-11.109,25.691],[-11.109,25.56],[-11.371,25.56],[-11.371,25.429],[-11.502,25.429],[-11.502,25.298],[-11.633,25.167],[-11.633,24.905],[-11.764,24.644],[-11.764,24.382],[-11.895,24.382],[-11.895,24.251],[-12.025,24.12],[-12.156,24.12],[-12.287,23.989],[-12.418,23.989],[-12.418,23.858],[-12.549,23.858],[-12.549,23.727],[-12.68,23.596],[-12.68,23.465],[-12.811,23.465],[-12.811,23.335],[-13.073,23.335],[-13.204,23.204],[-13.335,23.204],[-13.335,23.073],[-13.465,22.942],[-13.465,22.811],[-13.596,22.549],[-13.596,21.764],[-13.727,21.764],[-13.727,21.633],[-14.12,21.24],[-13.989,21.24],[-14.251,20.978],[-14.251,20.847],[-14.905,20.847],[-15.036,20.978],[-16.215,20.978],[-16.345,20.847],[-16.476,20.847],[-16.345,21.371],[-16.215,21.633],[-16.084,21.764],[-15.953,21.764],[-15.691,22.287],[-15.691,22.418],[-15.56,22.418],[-15.691,22.549],[-15.429,22.811],[-15.429,22.942],[-15.298,23.204],[-15.298,23.335],[-15.298,23.204],[-15.429,23.073],[-15.429,23.204],[-15.298,23.335],[-15.167,23.335],[-14.251,24.251],[-14.251,24.905],[-14.12,25.036],[-13.989,25.298],[-13.989,25.429],[-13.858,25.56],[-13.858,25.691],[-13.727,25.691],[-13.335,25.953],[-12.942,26.345],[-12.68,26.869],[-12.68,27.131],[-12.418,27.393],[-11.895,27.393],[-11.371,27.524],[-10.978,27.785],[-10.847,27.785],[-10.585,28.178],[-10.062,28.44],[-9.145,29.356],[-9.145,29.618],[-9.015,29.749],[-9.276,30.011],[-9.276,30.927],[-9.145,31.189],[-8.753,31.582],[-8.753,31.975],[-8.229,32.367],[-7.967,32.76],[-7.705,32.76],[-7.051,33.022],[-6.135,33.545],[-5.742,34.2],[-5.349,35.116],[-5.349,35.247],[-4.956,35.247],[-4.825,35.378],[-4.695,35.378],[-4.825,35.247],[-4.564,34.855],[-4.04,34.593]]]]}},{"type":"Feature","properties":{"iso3":"MDA","name":"Moldova"},"geometry":{"type":"MultiPolygon","coordinates":[[[[28.687,44.935],[28.556,44.935],[28.556,45.589],[28.687,45.851],[28.687,46.113],[28.556,46.244],[28.556,46.375],[28.425,46.505],[28.295,46.505],[28.164,46.636],[28.164,46.767],[28.033,46.767],[27.902,46.898],[27.902,47.029],[27.771,47.029],[27.64,47.16],[27.64,47.422],[27.509,47.553],[27.378,47.553],[27.378,47.684],[26.985,47.684],[27.116,47.684],[27.247,47.815],[27.771,47.815],[27.902,47.945],[28.164,47.945],[28.556,47.684],[28.818,47.684],[28.687,47.553],[29.211,47.553],[29.342,47.422],[29.604,47.422],[29.604,46.898],[29.735,46.767],[29.996,46.767],[29.996,46.375],[30.127,46.375],[30.258,46.244],[30.389,46.244],[30.389,45.982],[30.52,45.851],[29.604,45.851],[29.604,45.982],[29.473,45.982],[29.342,45.851],[29.342,45.72],[29.473,45.589],[29.342,45.589],[29.342,45.458],[29.211,45.458],[29.211,45.327],[29.08,45.196],[28.949,45.196],[28.949,44.935],[28.687,44.935]]]]}},{"type":"Feature","properties":{"iso3":"MDG","name":"Madagascar"},"geometry":{"type":"MultiPolygon","coordinates":[[[[50.418,-17.378],[50.287,-17.509],[50.287,-17.378],[50.418,-17.116],[50.418,-17.378]]],[[[48.716,-13.844],[48.585,-13.844],[48.585,-13.713],[48.716,-13.713],[48.716,-13.582],[48.716,-13.844]]],[[[50.025,-12.796],[50.025,-13.058],[50.287,-13.32],[50.287,-13.451],[50.418,-13.451],[50.418,-13.713],[50.549,-13.975],[50.549,-14.498],[50.68,-14.891],[50.68,-15.415],[50.942,-15.807],[50.68,-16.331],[50.549,-16.331],[50.418,-16.2],[50.287,-15.938],[50.287,-15.807],[50.156,-15.938],[50.025,-15.938],[50.156,-16.069],[50.156,-16.593],[50.287,-16.724],[50.287,-16.985],[50.156,-17.116],[50.156,-17.247],[50.025,-17.378],[50.025,-17.509],[49.895,-17.64],[49.895,-18.295],[49.764,-18.949],[48.847,-21.305],[48.716,-21.829],[48.324,-22.876],[48.324,-23.138],[48.193,-23.4],[48.193,-23.662],[48.062,-24.185],[47.8,-24.578],[47.8,-24.84],[47.407,-25.364],[47.407,-25.495],[47.145,-25.625],[46.622,-25.625],[46.098,-25.887],[45.967,-26.018],[45.575,-26.018],[45.182,-25.756],[44.92,-25.756],[44.658,-25.495],[44.527,-25.495],[44.396,-25.364],[44.396,-25.102],[44.135,-24.84],[44.135,-23.793],[44.004,-23.793],[44.004,-23.531],[43.873,-23.269],[43.742,-23.269],[43.742,-22.222],[43.873,-22.091],[43.873,-21.829],[44.265,-21.567],[44.527,-21.044],[44.527,-20.913],[44.789,-20.52],[44.789,-20.389],[44.92,-20.127],[44.92,-19.865],[44.658,-19.473],[44.658,-19.08],[44.527,-18.949],[44.527,-18.687],[44.396,-18.295],[44.396,-17.771],[44.92,-16.985],[44.789,-16.855],[44.789,-16.724],[44.92,-16.724],[44.92,-16.593],[45.444,-16.593],[45.444,-16.462],[45.575,-16.462],[45.705,-16.331],[45.705,-16.462],[45.967,-16.462],[46.098,-16.331],[46.098,-16.2],[46.622,-16.2],[46.753,-16.331],[46.884,-16.331],[46.753,-16.2],[46.753,-16.069],[47.276,-15.676],[47.407,-15.676],[47.407,-15.938],[47.538,-15.938],[47.538,-15.545],[47.8,-15.284],[47.8,-15.153],[47.931,-15.153],[47.931,-15.415],[47.8,-15.415],[47.931,-15.415],[48.062,-15.284],[48.062,-15.153],[48.193,-15.153],[48.193,-15.022],[48.324,-15.022],[48.455,-15.153],[48.193,-15.022],[48.193,-14.76],[48.324,-14.498],[48.324,-14.367],[48.455,-14.367],[48.324,-14.236],[48.324,-14.105],[48.455,-14.105],[48.455,-13.975],[48.455,-14.105],[48.716,-14.105],[48.978,-13.844],[49.109,-13.844],[49.24,-13.713],[49.371,-13.32],[49.371,-13.189],[49.24,-13.058],[49.24,-12.927],[49.371,-12.927],[49.633,-12.535],[49.764,-12.535],[49.764,-12.665],[49.895,-12.796],[50.025,-12.796]]]]}},{"type":"Feature","properties":{"iso3":"MDV","name":"Maldives"},"geometry":{"type":"MultiPolygon","coordinates":[[[[73.982,3.567],[73.851,3.567],[73.982,3.698],[73.982,3.567]]]]}},{"type":"Feature","properties":{"iso3":"MEX","name":"Mexico"},"geometry":{"type":"MultiPolygon","coordinates":[[[[-91.095,18.098],[-91.225,18.098],[-91.095,18.229],[-90.964,18.229],[-91.095,18.098]]],[[[-110.338,18.229],[-110.469,18.229],[-110.469,18.36],[-110.338,18.229]]],[[[-86.382,19.8],[-86.382,19.669],[-86.513,19.8],[-86.251,20.062],[-86.251,19.931],[-86.382,19.8]]],[[[-86.12,20.716],[-86.12,20.585],[-86.12,20.716],[-86.251,20.716],[-86.12,20.716]]],[[[-105.887,21.109],[-106.018,20.978],[-106.018,21.109],[-105.887,21.109]]],[[[-111.124,23.858],[-111.124,23.727],[-111.516,23.989],[-111.255,23.989],[-111.124,23.858]]],[[[-110.076,24.382],[-109.945,24.382],[-110.076,24.382],[-110.207,24.513],[-110.076,24.513],[-110.076,24.382]]],[[[-111.516,23.989],[-111.647,24.12],[-111.647,24.251],[-111.778,24.251],[-111.647,24.382],[-111.647,24.775],[-111.516,24.644],[-111.647,24.382],[-111.647,24.251],[-111.516,24.12],[-111.516,23.989]]],[[[-110.6,25.429],[-110.469,25.429],[-110.6,25.429],[-110.6,25.298],[-110.731,25.298],[-110.6,25.429],[-110.6,25.56],[-110.469,25.56],[-110.6,25.429]]],[[[-114.658,27.524],[-114.789,27.524],[-114.658,27.655],[-114.658,27.785],[-114.527,27.655],[-114.658,27.524]]],[[[-117.669,28.44],[-117.669,28.309],[-117.8,28.571],[-117.669,28.571],[-117.669,28.44]]],[[[-111.647,28.44],[-111.778,28.178],[-111.909,28.309],[-112.04,28.309],[-111.909,28.571],[-111.909,28.702],[-111.647,28.702],[-111.647,28.44]]],[[[-112.564,28.44],[-112.956,28.702],[-113.087,28.833],[-113.087,28.964],[-112.825,28.964],[-112.825,28.833],[-112.564,28.571],[-112.564,28.44]]],[[[-112.433,31.32],[-110.469,30.796],[-107.72,30.796],[-107.72,31.189],[-105.887,31.189],[-105.756,31.058],[-105.756,30.927],[-105.625,30.927],[-104.971,30.404],[-104.578,30.142],[-104.447,30.142],[-104.316,30.011],[-104.185,29.487],[-103.793,28.964],[-103.662,28.964],[-103.4,28.702],[-103.138,28.702],[-102.745,28.44],[-102.484,28.44],[-102.484,28.571],[-102.353,28.571],[-102.353,28.702],[-102.222,28.833],[-102.222,29.095],[-102.091,29.225],[-101.829,29.225],[-101.829,29.356],[-101.698,29.356],[-101.567,29.225],[-100.782,29.225],[-100.782,29.095],[-100.52,28.964],[-100.52,28.833],[-100.258,28.571],[-100.127,28.571],[-100.127,28.44],[-99.342,27.262],[-98.949,27.0],[-98.949,26.476],[-98.687,26.345],[-98.687,26.215],[-98.556,25.953],[-98.425,25.822],[-98.164,25.822],[-98.164,25.691],[-97.771,25.691],[-97.771,25.56],[-97.509,25.56],[-97.247,25.429],[-96.985,25.429],[-96.855,25.298],[-96.724,25.298],[-96.724,25.429],[-96.593,25.429],[-96.593,25.167],[-96.724,25.036],[-96.855,24.644],[-96.985,24.513],[-97.116,23.858],[-97.116,23.204],[-97.247,23.204],[-97.116,23.204],[-97.247,22.811],[-97.247,21.502],[-96.985,21.24],[-96.985,21.109],[-96.855,21.109],[-96.724,20.978],[-96.724,20.847],[-96.855,20.847],[-96.855,20.716],[-96.855,21.109],[-97.247,21.502],[-97.116,21.109],[-96.985,20.978],[-96.985,20.847],[-96.593,20.193],[-96.593,20.062],[-96.2,19.669],[-95.807,19.015],[-95.807,18.884],[-95.545,18.622],[-95.545,18.491],[-95.415,18.491],[-95.415,18.36],[-95.284,18.229],[-95.415,18.229],[-95.284,18.229],[-95.022,18.098],[-95.153,18.229],[-95.022,18.098],[-94.629,18.098],[-94.498,17.967],[-94.236,17.967],[-93.975,17.575],[-93.582,17.575],[-93.189,17.836],[-92.535,17.836],[-92.273,17.967],[-92.142,17.967],[-92.142,18.098],[-91.356,18.098],[-91.356,17.967],[-91.225,17.967],[-91.095,17.836],[-90.964,17.836],[-90.702,18.098],[-90.702,18.229],[-90.833,18.229],[-90.833,18.36],[-90.833,18.229],[-90.964,18.229],[-90.964,18.36],[-90.44,18.491],[-90.44,18.622],[-90.178,18.753],[-90.178,19.145],[-89.916,19.407],[-89.916,20.193],[-89.655,20.585],[-89.393,20.716],[-88.215,20.847],[-88.084,20.978],[-87.56,20.978],[-87.56,21.109],[-87.429,21.109],[-87.167,20.978],[-86.905,20.978],[-86.644,20.847],[-86.644,20.978],[-86.775,20.978],[-86.644,20.978],[-86.513,21.109],[-86.513,20.978],[-86.382,20.847],[-86.251,20.847],[-86.251,20.324],[-86.905,19.669],[-86.905,19.276],[-87.036,19.276],[-87.167,19.145],[-87.167,19.015],[-86.905,19.015],[-86.905,18.884],[-87.036,18.884],[-87.167,18.753],[-86.905,18.753],[-87.036,18.491],[-87.036,18.229],[-87.167,18.098],[-87.167,17.836],[-87.298,17.836],[-87.298,17.705],[-87.429,17.836],[-87.429,17.967],[-87.56,17.967],[-87.429,18.229],[-87.56,18.229],[-87.691,18.098],[-87.691,17.967],[-87.953,17.967],[-87.953,17.836],[-88.215,17.575],[-88.215,17.444],[-88.345,17.313],[-88.345,17.444],[-88.607,17.444],[-88.607,17.313],[-90.44,17.313],[-90.44,16.658],[-90.833,16.658],[-90.702,16.658],[-90.702,16.527],[-90.44,16.265],[-90.309,16.265],[-90.178,16.135],[-90.047,16.135],[-90.047,15.873],[-89.916,15.873],[-89.916,15.48],[-91.225,15.48],[-91.225,15.349],[-91.356,15.087],[-91.618,14.825],[-91.618,14.695],[-91.487,14.564],[-91.487,14.433],[-91.618,14.433],[-91.618,14.04],[-91.749,14.04],[-92.927,15.218],[-93.582,15.611],[-93.713,15.611],[-93.713,15.742],[-93.844,15.742],[-93.844,15.611],[-93.582,15.611],[-93.451,15.48],[-94.105,15.611],[-93.975,15.742],[-94.236,15.742],[-94.236,15.873],[-94.367,15.873],[-94.498,15.742],[-94.236,15.742],[-94.236,15.611],[-94.629,15.611],[-95.676,15.087],[-95.938,15.087],[-96.593,15.349],[-97.247,15.349],[-97.902,15.742],[-98.164,16.004],[-99.08,16.135],[-99.473,16.396],[-99.735,16.396],[-99.865,16.527],[-100.389,16.658],[-100.651,16.789],[-100.913,17.051],[-101.044,17.051],[-101.175,17.313],[-101.305,17.313],[-101.305,17.444],[-102.091,17.444],[-102.876,17.705],[-103.007,17.967],[-103.662,18.491],[-103.793,18.491],[-104.447,18.753],[-104.447,18.884],[-104.971,19.407],[-104.971,19.669],[-105.102,19.8],[-105.102,19.931],[-104.84,19.931],[-104.709,20.062],[-104.709,20.193],[-104.971,20.193],[-104.709,20.455],[-104.709,20.978],[-105.102,21.371],[-105.102,21.764],[-105.625,22.549],[-105.887,22.68],[-106.018,22.942],[-106.542,23.465],[-107.196,23.858],[-106.935,23.858],[-106.935,23.989],[-107.196,23.989],[-107.458,24.12],[-107.458,24.251],[-107.72,24.513],[-107.458,24.513],[-107.589,24.513],[-108.113,24.775],[-108.244,24.905],[-108.244,25.036],[-108.375,24.905],[-108.505,24.905],[-108.505,25.036],[-108.375,25.036],[-108.375,25.167],[-108.505,25.036],[-108.767,25.036],[-108.767,25.167],[-108.898,25.429],[-108.767,25.56],[-108.767,25.691],[-108.505,25.691],[-108.636,25.691],[-108.636,25.953],[-108.767,25.953],[-108.898,26.215],[-109.16,26.084],[-109.422,26.476],[-109.815,26.738],[-109.945,26.738],[-109.945,26.869],[-110.076,27.0],[-110.076,27.262],[-109.945,27.262],[-110.207,27.393],[-110.6,27.393],[-110.862,27.785],[-111.124,27.916],[-111.385,28.178],[-111.385,28.309],[-111.516,28.309],[-111.647,28.44],[-111.647,28.702],[-111.778,28.702],[-111.778,28.964],[-111.909,28.964],[-112.04,29.225],[-112.04,29.356],[-112.171,29.356],[-112.171,29.618],[-112.564,30.142],[-112.564,30.535],[-112.433,30.535],[-112.433,30.665],[-112.695,30.665],[-112.956,30.796],[-113.087,30.796],[-113.087,30.927],[-113.218,31.058],[-113.48,31.058],[-113.48,30.927],[-113.611,30.927],[-113.742,31.058],[-114.396,31.32],[-114.265,31.189],[-114.265,30.404],[-114.135,30.273],[-114.135,29.618],[-113.873,29.356],[-113.873,29.225],[-113.611,29.225],[-112.956,28.571],[-112.956,28.309],[-112.825,28.44],[-112.825,28.309],[-112.695,28.309],[-112.695,28.178],[-112.564,27.916],[-112.302,27.916],[-112.302,27.524],[-112.171,27.393],[-112.171,27.262],[-111.778,27.0],[-111.778,26.738],[-111.647,26.607],[-111.516,26.607],[-111.385,26.476],[-111.516,26.476],[-111.516,26.345],[-111.385,26.345],[-111.255,26.084],[-111.255,25.953],[-111.124,25.953],[-111.124,26.084],[-111.255,26.084],[-111.255,26.345],[-110.993,26.215],[-110.993,26.084],[-110.862,25.953],[-110.862,25.691],[-110.731,25.56],[-110.731,25.298],[-110.207,24.382],[-110.076,24.251],[-110.207,24.12],[-110.207,23.989],[-110.076,23.727],[-109.945,23.596],[-109.684,23.596],[-109.815,23.727],[-109.684,23.727],[-109.291,23.465],[-109.291,23.335],[-109.16,23.335],[-109.16,23.073],[-108.898,23.073],[-108.898,22.549],[-109.029,22.549],[-109.422,22.287],[-109.553,22.418],[-109.684,22.942],[-109.815,23.073],[-110.076,23.204],[-110.469,23.596],[-110.862,23.727],[-111.124,23.989],[-111.255,23.989],[-111.255,24.12],[-111.516,24.251],[-111.516,25.167],[-111.647,25.298],[-111.778,25.691],[-111.909,25.691],[-112.433,26.084],[-112.564,26.215],[-112.564,26.345],[-112.695,26.345],[-112.695,26.215],[-113.087,26.215],[-113.218,26.345],[-113.349,26.345],[-113.349,26.476],[-113.48,26.476],[-113.611,26.607],[-113.873,26.607],[-113.873,26.738],[-114.265,27.131],[-114.396,27.131],[-114.527,27.262],[-113.742,27.262],[-113.611,27.131],[-113.48,27.131],[-113.611,27.131],[-113.611,27.393],[-113.742,27.393],[-113.611,27.393],[-113.48,27.655],[-113.48,27.916],[-114.396,28.833],[-114.658,28.833],[-115.051,29.095],[-115.182,29.225],[-115.182,29.356],[-115.313,29.356],[-115.182,29.487],[-115.444,29.88],[-115.444,30.273],[-115.705,30.404],[-115.705,30.535],[-116.098,30.927],[-116.098,31.189],[-116.229,31.189],[-116.098,31.189],[-116.098,31.32],[-116.491,31.713],[-116.491,31.844],[-116.622,31.975],[-115.967,31.975],[-115.705,32.105],[-114.135,32.105],[-114.265,31.975],[-113.349,31.713],[-112.433,31.32]]]]}},{"type":"Feature","properties":{"iso3":"MHL","name":"Marshall Islands"},"geometry":{"type":"MultiPolygon","coordinates":[[[[170.036,5.269],[170.036,5.4],[170.364,5.4],[170.036,5.4],[170.036,5.269]]],[[[171.673,6.578],[171.673,6.578],[171.673,6.447],[171.673,6.578]]],[[[169.382,6.709],[169.055,6.709],[169.055,6.84],[169.055,6.709],[169.382,6.709]]]]}},{"type":"Feature","properties":{"iso3":"MKD","name":"North Macedonia"},"geometry":{"type":"MultiPolygon","coordinates":[[[[22.796,41.793],[23.058,41.531],[23.189,41.531],[23.451,41.138],[23.32,41.007],[23.32,40.745],[23.189,40.745],[23.189,40.615],[22.404,40.615],[22.142,40.353],[21.095,40.353],[21.095,40.484],[20.964,40.615],[20.964,40.876],[20.833,41.007],[20.964,41.007],[20.964,41.269],[21.095,41.269],[21.225,41.4],[21.225,41.531],[21.487,41.662],[21.618,41.662],[21.618,41.531],[21.749,41.531],[21.749,41.662],[22.142,41.662],[22.273,41.793],[22.796,41.793]]]]}},{"type":"Feature","properties":{"iso3":"MLI","name":"Mali"},"geometry":{"type":"MultiPolygon","coordinates":[[[[4.731,18.622],[4.731,15.742],[4.469,15.48],[4.469,15.218],[4.338,15.087],[4.207,15.087],[4.076,14.956],[4.076,14.825],[3.029,14.825],[2.636,14.695],[1.851,14.695],[1.458,14.433],[0.804,14.433],[0.804,14.302],[0.28,14.564],[0.149,14.433],[0.149,14.564],[-0.113,14.564],[-0.244,14.433],[-0.375,14.433],[-0.636,14.171],[-1.16,13.909],[-1.422,13.909],[-1.553,13.647],[-1.945,13.778],[-1.945,13.647],[-2.076,13.647],[-2.338,13.385],[-2.338,13.124],[-2.731,13.124],[-2.731,12.731],[-2.862,12.731],[-2.862,12.6],[-2.993,12.6],[-3.255,12.862],[-3.516,12.862],[-3.647,12.731],[-3.647,12.6],[-3.778,12.6],[-3.778,12.469],[-3.647,12.469],[-3.647,12.207],[-3.909,12.076],[-3.909,11.684],[-4.04,11.684],[-4.04,11.553],[-4.171,11.553],[-4.302,11.422],[-4.564,11.422],[-4.695,11.291],[-4.695,10.636],[-4.825,10.636],[-4.825,10.505],[-4.956,10.505],[-4.956,9.851],[-5.349,9.851],[-5.349,9.72],[-5.48,9.72],[-5.48,9.589],[-5.611,9.589],[-5.611,9.72],[-5.742,9.72],[-5.611,9.72],[-5.611,9.982],[-5.742,9.982],[-5.611,9.982],[-5.742,10.113],[-5.873,10.113],[-5.873,9.982],[-6.004,9.982],[-6.135,10.113],[-6.135,9.851],[-6.396,9.851],[-6.396,9.589],[-6.527,9.589],[-6.658,9.72],[-6.92,9.72],[-6.92,9.851],[-7.182,9.851],[-7.313,9.72],[-7.313,9.589],[-7.444,9.589],[-7.444,9.72],[-7.705,9.851],[-7.705,10.375],[-7.836,10.375],[-7.836,10.505],[-7.967,10.505],[-8.098,10.375],[-8.098,10.505],[-7.967,10.636],[-7.967,10.767],[-7.836,10.767],[-7.967,10.898],[-8.098,10.898],[-8.098,11.029],[-8.229,11.029],[-8.229,11.422],[-8.36,11.553],[-8.36,11.684],[-8.622,11.945],[-8.884,11.945],[-8.753,11.815],[-8.753,11.684],[-9.015,11.684],[-9.145,11.553],[-9.145,11.422],[-9.276,11.422],[-9.669,11.684],[-9.8,11.684],[-9.931,11.553],[-10.062,11.422],[-10.062,11.291],[-10.193,11.291],[-10.193,11.422],[-10.324,11.553],[-10.324,11.684],[-10.455,11.684],[-10.455,11.553],[-10.585,11.553],[-10.716,11.422],[-10.847,11.553],[-10.978,11.553],[-10.978,11.684],[-10.847,11.815],[-10.847,12.469],[-10.978,12.469],[-10.978,12.731],[-11.109,12.862],[-11.24,12.862],[-11.24,12.731],[-11.502,13.124],[-11.371,13.255],[-11.371,13.385],[-11.502,13.385],[-11.502,13.778],[-11.633,13.778],[-11.633,14.04],[-11.764,14.302],[-11.502,14.171],[-11.502,14.302],[-11.371,14.302],[-11.371,14.433],[-11.24,14.564],[-11.24,14.825],[-11.109,14.956],[-10.978,14.956],[-10.978,15.087],[-10.847,15.087],[-10.847,14.956],[-10.455,14.695],[-10.455,14.564],[-10.324,14.564],[-10.324,14.695],[-10.193,14.825],[-9.015,14.825],[-8.884,14.956],[-8.884,15.087],[-8.753,15.087],[-8.753,14.956],[-4.956,14.956],[-4.956,15.218],[-4.825,15.48],[-4.825,15.742],[-5.087,16.004],[-5.087,16.527],[-5.218,16.789],[-5.218,17.705],[-5.349,17.967],[-5.349,19.015],[-5.48,19.276],[-5.48,19.931],[-5.611,20.193],[-5.611,21.24],[-5.742,21.502],[-5.742,22.156],[-5.873,22.418],[-5.873,23.465],[-6.004,23.727],[-6.004,24.382],[-4.302,24.382],[-3.647,24.12],[-3.385,23.858],[-2.338,23.204],[-2.076,22.942],[-1.684,22.811],[-1.422,22.549],[-1.029,22.418],[-0.767,22.156],[0.28,21.502],[0.542,21.24],[0.935,21.109],[1.589,20.585],[1.72,20.585],[1.72,20.193],[1.851,20.193],[2.113,20.062],[2.244,19.931],[2.244,19.8],[2.375,19.8],[2.505,19.669],[2.898,19.669],[2.898,19.538],[3.029,19.538],[3.16,19.407],[3.553,19.407],[3.684,19.276],[3.815,19.276],[3.815,18.753],[3.684,18.753],[3.684,18.491],[4.469,18.491],[4.731,18.622]]]]}},{"type":"Feature","properties":{"iso3":"MLT","name":"Malta"},"geometry":{"type":"MultiPolygon","coordinates":[[[[14.942,35.247],[14.811,35.247],[14.811,35.378],[14.942,35.378],[14.942,35.247]]],[[[14.68,35.509],[14.549,35.509],[14.811,35.509],[14.68,35.509]]]]}},{"type":"Feature","properties":{"iso3":"MMR","name":"Burma"},"geometry":{"type":"MultiPolygon","coordinates":[[[[98.593,9.327],[98.593,9.458],[98.724,9.458],[98.593,9.458],[98.593,9.327]]],[[[98.593,10.375],[98.724,10.244],[98.593,10.244],[98.593,10.375],[98.462,10.375],[98.593,10.375]]],[[[98.985,10.375],[98.855,10.375],[98.985,10.505],[98.985,10.375]]],[[[98.593,10.898],[98.593,11.029],[98.724,11.029],[98.724,11.291],[98.724,11.029],[98.593,10.898]]],[[[98.985,11.16],[98.985,11.029],[98.855,11.029],[98.855,11.291],[98.985,11.291],[98.985,11.16]]],[[[98.462,11.16],[98.462,11.029],[98.462,11.291],[98.462,11.16]]],[[[98.985,11.291],[98.855,11.291],[98.855,11.553],[98.985,11.422],[98.985,11.291]]],[[[98.593,11.553],[98.462,11.553],[98.462,11.684],[98.593,11.684],[98.593,11.553]]],[[[98.462,11.815],[98.462,11.684],[98.331,11.815],[98.462,11.815]]],[[[98.855,12.076],[98.855,11.815],[98.724,11.815],[98.724,12.076],[98.855,12.076]]],[[[95.189,15.218],[95.189,15.349],[95.32,15.349],[95.189,15.218]]],[[[94.927,15.349],[94.796,15.349],[94.796,15.48],[94.927,15.48],[94.927,15.611],[95.058,15.611],[94.927,15.48],[94.927,15.349]]],[[[97.938,15.742],[97.938,16.004],[98.069,15.873],[97.938,15.742]]],[[[94.142,18.098],[93.88,18.36],[94.142,18.36],[94.142,18.098]]],[[[94.142,19.015],[94.273,18.884],[94.404,18.884],[94.404,18.753],[94.142,18.753],[94.142,18.884],[94.011,18.884],[94.142,19.015]]],[[[93.88,19.276],[93.88,19.145],[93.88,19.407],[93.88,19.276]]],[[[93.487,19.407],[93.487,19.276],[93.356,19.276],[93.356,19.538],[93.487,19.407]]],[[[98.2,27.785],[98.331,27.785],[98.462,27.655],[98.462,27.524],[98.593,27.524],[98.724,27.0],[98.855,27.0],[98.855,27.131],[98.985,27.131],[98.985,27.0],[99.116,27.0],[99.116,25.56],[98.985,25.56],[98.985,25.429],[99.116,25.298],[98.985,25.298],[98.724,25.036],[98.593,25.036],[98.331,24.644],[98.2,24.644],[98.2,24.251],[98.069,24.251],[97.938,24.12],[97.938,23.858],[98.069,23.858],[98.069,23.596],[97.938,23.465],[97.938,23.335],[98.2,23.335],[98.2,23.465],[98.462,23.465],[98.593,23.596],[98.985,23.596],[98.985,23.465],[99.247,23.596],[99.116,23.465],[99.116,23.204],[99.247,23.204],[99.247,22.68],[99.509,22.549],[99.902,22.549],[99.902,22.418],[99.771,22.287],[99.771,21.895],[99.64,21.764],[99.64,21.502],[100.295,21.502],[100.425,21.371],[100.295,21.24],[100.425,21.24],[100.425,21.109],[100.556,21.109],[100.556,20.978],[100.687,20.847],[100.818,20.978],[100.949,20.847],[101.211,21.109],[101.473,21.24],[101.604,21.24],[101.604,20.978],[101.473,20.847],[101.342,20.847],[101.211,20.716],[101.08,20.716],[101.08,20.455],[100.949,20.455],[100.949,20.324],[101.08,20.324],[100.949,20.324],[100.949,20.193],[100.818,20.324],[100.556,20.062],[100.556,19.8],[100.425,19.8],[100.295,19.931],[100.295,19.8],[99.902,19.8],[99.902,19.538],[99.509,19.538],[99.378,19.276],[98.855,19.145],[98.593,19.145],[98.462,19.276],[98.462,19.145],[98.2,18.884],[98.2,18.491],[98.069,18.36],[98.2,18.098],[98.2,17.967],[97.807,17.967],[97.938,17.836],[97.938,17.705],[98.069,17.705],[98.069,17.575],[98.2,17.444],[98.069,17.313],[98.069,17.182],[98.2,17.182],[98.331,16.92],[98.855,16.396],[98.855,16.135],[98.985,16.135],[98.985,16.004],[99.116,15.742],[99.247,15.873],[99.378,15.742],[99.247,15.742],[99.247,15.611],[98.985,15.48],[98.985,14.825],[98.855,14.825],[98.724,14.695],[98.593,14.695],[98.593,14.433],[98.724,14.302],[98.724,14.171],[98.985,13.909],[98.985,13.778],[99.378,13.516],[99.378,13.385],[99.509,13.255],[99.509,13.124],[99.64,12.993],[99.64,12.731],[99.509,12.6],[99.509,12.469],[99.64,12.469],[99.64,12.207],[99.902,11.815],[99.902,11.553],[100.033,11.16],[99.771,10.898],[99.64,10.505],[99.247,10.244],[99.247,9.851],[99.116,9.851],[99.116,9.589],[98.985,9.458],[98.985,9.851],[98.855,10.113],[98.985,10.113],[98.985,10.244],[99.116,10.375],[99.116,11.029],[99.247,11.16],[99.116,11.16],[98.985,11.291],[99.116,11.291],[99.116,11.684],[98.985,11.684],[99.116,11.815],[98.985,11.945],[99.116,11.945],[99.116,12.338],[98.855,12.731],[98.855,12.993],[98.724,13.124],[98.724,13.385],[98.593,13.385],[98.593,13.124],[98.462,13.385],[98.462,13.909],[98.331,14.04],[98.331,14.171],[98.462,14.04],[98.2,14.302],[98.2,15.349],[98.069,15.48],[98.069,16.004],[98.2,16.004],[97.807,16.004],[97.807,16.135],[97.676,16.135],[97.676,16.396],[97.545,16.527],[97.676,16.527],[97.415,16.789],[97.284,16.789],[97.284,16.265],[97.022,16.004],[96.76,16.004],[96.629,16.135],[96.629,16.265],[96.629,16.004],[96.76,15.873],[96.236,15.611],[95.975,15.218],[95.713,15.218],[95.713,15.349],[95.844,15.48],[95.713,15.48],[95.713,15.349],[95.582,15.218],[95.32,15.218],[95.32,15.611],[95.32,15.48],[95.189,15.48],[95.058,15.349],[95.058,15.742],[95.189,15.873],[95.189,16.004],[94.927,15.611],[94.927,15.48],[94.665,15.48],[94.665,16.004],[94.796,16.004],[94.796,16.265],[94.927,16.396],[94.927,16.789],[95.058,17.051],[94.927,17.182],[94.665,18.098],[94.535,18.229],[94.665,18.229],[94.535,18.229],[94.535,18.36],[94.404,18.622],[94.535,18.753],[94.404,18.753],[94.404,18.36],[94.273,18.36],[93.88,18.753],[94.011,18.884],[94.273,18.622],[94.273,18.753],[94.404,18.753],[94.404,18.884],[94.273,18.884],[94.273,19.015],[94.142,19.015],[94.142,19.145],[94.011,19.276],[94.142,19.276],[94.142,19.407],[93.88,19.407],[93.88,19.538],[93.618,19.538],[93.618,19.276],[93.487,19.538],[93.487,19.8],[93.356,19.669],[93.356,19.538],[93.225,19.669],[93.356,19.8],[93.225,19.8],[93.225,20.062],[93.095,20.062],[93.095,19.8],[93.095,19.931],[92.833,20.193],[92.702,20.193],[92.702,20.585],[92.571,20.585],[92.571,20.847],[92.833,20.847],[92.964,20.716],[93.095,20.716],[93.095,20.847],[92.964,20.847],[92.964,21.371],[93.095,21.502],[93.095,21.633],[93.356,21.371],[93.356,21.502],[93.487,21.633],[93.618,21.633],[93.618,21.764],[93.487,22.025],[93.487,22.287],[93.618,22.287],[93.618,22.418],[93.749,22.418],[93.749,22.549],[93.88,22.811],[93.88,23.073],[93.749,23.204],[93.749,23.465],[94.142,23.465],[94.273,23.335],[94.535,23.335],[94.535,23.465],[94.796,23.858],[94.796,23.989],[95.058,24.251],[95.058,24.382],[95.189,24.513],[95.058,24.644],[94.927,24.644],[95.058,24.775],[95.058,24.905],[95.189,24.905],[95.32,25.036],[95.32,25.167],[95.451,25.167],[95.451,25.429],[95.582,25.429],[95.582,25.56],[95.451,25.691],[95.451,25.953],[96.236,26.476],[96.367,26.476],[96.367,26.607],[96.498,26.607],[96.629,26.738],[97.284,26.738],[97.284,26.607],[97.545,26.607],[97.284,26.869],[97.284,27.131],[97.415,27.131],[97.415,27.262],[97.545,27.262],[97.676,27.393],[97.807,27.393],[97.807,27.524],[97.676,27.524],[97.676,27.655],[97.807,27.655],[97.807,27.785],[97.938,27.916],[98.069,27.916],[98.2,27.785]]]]}},{"type":"Feature","properties":{"iso3":"MNE","name":"Montenegro"},"geometry":{"type":"MultiPolygon","coordinates":[[[[19.655,42.971],[19.655,42.84],[19.785,42.84],[20.047,42.578],[20.309,42.578],[20.702,42.316],[20.833,42.316],[20.702,42.185],[20.44,42.185],[20.571,42.055],[20.44,42.055],[20.309,41.924],[20.178,41.924],[20.178,42.055],[20.047,42.055],[19.785,41.793],[19.785,41.662],[19.655,41.662],[19.785,41.531],[19.785,41.269],[19.524,41.531],[19.0,41.793],[19.0,41.924],[19.131,41.924],[18.869,41.924],[18.869,42.055],[19.0,42.055],[18.869,42.185],[18.869,42.447],[19.0,42.447],[19.0,42.578],[19.131,42.578],[19.131,42.709],[19.262,42.84],[19.393,42.84],[19.393,42.709],[19.524,42.84],[19.393,42.84],[19.393,42.971],[19.655,42.971]]]]}},{"type":"Feature","properties":{"iso3":"MNG","name":"Mongolia"},"geometry":{"type":"MultiPolygon","coordinates":[[[[117.051,49.255],[117.051,49.124],[116.789,48.862],[116.527,48.469],[116.527,48.338],[116.396,48.338],[116.396,48.076],[116.265,48.076],[116.265,47.684],[116.004,47.684],[116.004,47.291],[116.135,47.291],[116.265,47.16],[116.396,47.16],[116.527,47.291],[117.444,47.291],[117.575,47.16],[117.836,47.16],[118.229,47.422],[119.015,47.422],[119.145,47.291],[119.145,47.16],[119.538,47.16],[119.538,47.029],[119.669,46.898],[119.8,46.898],[119.8,46.767],[119.931,46.636],[120.193,46.636],[120.193,46.375],[120.324,46.375],[120.324,46.113],[119.407,46.113],[119.407,46.244],[119.276,46.244],[119.145,46.113],[118.36,46.113],[118.229,45.982],[117.836,45.982],[117.836,45.851],[117.182,45.851],[116.92,45.589],[116.789,45.589],[116.658,45.458],[116.658,45.196],[116.527,45.065],[116.396,45.065],[116.265,44.935],[116.004,44.935],[115.873,44.804],[114.956,44.804],[114.956,44.673],[114.825,44.673],[114.695,44.542],[114.564,44.542],[114.564,44.411],[114.302,44.411],[114.302,44.28],[114.171,44.28],[114.04,44.149],[113.909,44.149],[113.778,44.28],[113.124,44.28],[112.993,44.411],[112.862,44.411],[112.862,44.542],[112.338,44.542],[111.945,44.149],[111.945,44.018],[111.815,43.887],[111.815,43.756],[111.945,43.756],[111.945,43.625],[112.207,43.364],[112.338,43.364],[112.338,43.102],[112.207,43.102],[112.076,42.971],[111.815,42.971],[111.553,42.84],[111.422,42.84],[111.291,42.709],[111.291,42.578],[111.16,42.578],[110.767,42.185],[110.636,42.185],[110.505,42.055],[110.113,42.055],[109.982,41.924],[108.542,41.924],[108.28,41.793],[107.233,41.793],[107.102,41.662],[106.971,41.662],[106.055,41.269],[105.793,41.269],[105.662,41.138],[105.531,41.138],[105.531,41.007],[105.4,41.007],[105.269,41.138],[104.876,41.138],[104.876,41.269],[104.484,41.269],[104.091,41.138],[103.698,41.4],[103.436,41.4],[103.175,41.531],[102.389,41.662],[102.127,41.924],[101.735,41.924],[101.473,42.055],[100.556,42.055],[100.425,42.185],[100.164,42.055],[99.116,42.055],[98.724,42.185],[96.76,42.185],[96.76,42.316],[96.367,42.709],[96.236,42.709],[96.236,42.84],[96.105,43.102],[95.975,43.233],[95.975,43.364],[95.844,43.495],[95.713,43.495],[95.713,43.625],[95.844,43.756],[95.189,43.756],[94.927,43.887],[94.665,44.149],[94.273,44.149],[93.88,44.411],[93.356,44.411],[93.225,44.542],[92.964,44.411],[92.833,44.411],[92.571,44.542],[91.655,44.542],[91.524,44.673],[91.262,44.673],[91.131,44.804],[91.131,45.196],[91.393,45.458],[91.393,45.851],[91.524,45.982],[91.393,45.982],[91.393,46.375],[91.262,46.375],[90.869,46.767],[90.869,47.029],[90.738,47.029],[90.738,47.16],[90.476,47.16],[90.476,47.291],[90.084,47.291],[89.953,47.422],[89.429,47.422],[89.429,47.553],[89.167,47.553],[89.036,47.684],[89.036,47.815],[88.775,47.815],[88.775,47.945],[88.382,47.945],[88.382,48.076],[88.513,48.076],[88.513,48.207],[88.251,48.207],[88.251,48.338],[88.12,48.338],[88.251,48.338],[88.251,48.6],[88.513,48.6],[88.513,48.862],[88.905,48.862],[89.036,48.993],[89.167,48.862],[89.298,48.862],[89.298,48.993],[89.429,48.993],[89.429,48.862],[89.56,48.993],[89.691,48.993],[89.691,49.124],[89.691,48.993],[89.822,48.993],[89.953,49.124],[90.084,49.124],[90.084,49.385],[90.345,49.385],[90.738,49.647],[91.131,49.647],[91.131,49.778],[91.393,49.778],[91.393,49.909],[91.916,49.909],[91.916,50.04],[92.047,50.04],[92.178,50.171],[92.702,50.171],[92.702,50.302],[92.833,50.302],[92.964,50.171],[93.356,50.171],[93.487,50.04],[94.665,50.04],[94.665,49.909],[94.796,49.909],[94.796,49.647],[94.927,49.647],[94.927,49.516],[95.451,49.516],[95.451,49.385],[96.105,49.385],[96.236,49.516],[96.367,49.385],[97.415,49.385],[97.415,49.255],[97.545,49.255],[97.676,49.124],[97.807,49.124],[97.807,49.255],[97.938,49.255],[98.069,49.385],[98.331,49.385],[98.462,49.516],[98.593,49.516],[98.593,49.647],[98.724,49.778],[98.724,50.04],[98.462,50.04],[98.462,50.171],[98.331,50.171],[98.331,50.433],[98.2,50.433],[98.331,50.564],[98.331,50.825],[98.462,50.825],[98.462,50.956],[98.593,50.956],[98.724,51.087],[98.724,51.218],[99.116,51.218],[99.378,51.611],[99.378,51.48],[99.64,51.48],[99.771,51.349],[100.164,51.349],[100.164,51.218],[100.949,51.218],[101.08,51.087],[101.342,51.087],[101.473,50.956],[101.996,50.956],[102.258,50.825],[102.52,50.825],[102.52,50.695],[102.651,50.695],[102.52,50.695],[102.52,50.564],[102.651,50.433],[102.651,50.171],[102.782,50.171],[102.651,50.04],[102.782,50.04],[103.044,49.778],[103.567,49.778],[103.698,49.647],[104.745,49.647],[104.745,49.778],[105.531,49.778],[105.662,49.909],[106.316,49.909],[106.447,49.778],[107.102,49.778],[107.233,49.647],[107.364,49.647],[107.495,49.516],[107.625,49.516],[107.625,49.385],[108.411,49.385],[108.411,48.993],[108.673,48.993],[108.935,48.731],[110.113,48.731],[110.375,48.6],[111.291,48.6],[111.684,48.731],[111.815,48.862],[111.815,48.731],[111.945,48.862],[112.469,48.862],[112.862,48.993],[113.385,48.993],[113.647,49.255],[113.778,49.255],[113.909,49.385],[114.04,49.385],[114.433,49.647],[114.695,49.647],[114.695,49.778],[114.825,49.647],[115.48,49.647],[115.48,49.516],[115.742,49.385],[116.396,49.385],[116.527,49.516],[116.658,49.516],[116.789,49.385],[117.051,49.385],[117.051,49.255]]]]}},{"type":"Feature","properties":{"iso3":"MNP","name":"Northern Mariana Islands"},"geometry":{"type":"MultiPolygon","coordinates":[[[[145.72,13.647],[145.589,13.516],[145.589,13.647],[145.72,13.647]]],[[[146.113,14.433],[145.982,14.302],[145.982,14.433],[146.113,14.564],[146.113,14.433]]],[[[146.113,14.564],[146.113,14.695],[146.244,14.695],[146.244,14.564],[146.113,14.564]]]]}},{"type":"Feature","properties":{"iso3":"MOZ","name":"Mozambique"},"geometry":{"type":"MultiPolygon","coordinates":[[[[33.269,-27.327],[32.745,-27.327],[32.615,-27.196],[32.484,-27.327],[32.484,-26.411],[32.353,-26.411],[32.353,-24.709],[32.222,-24.447],[32.222,-24.316],[32.091,-24.185],[32.091,-23.924],[31.96,-23.924],[31.96,-23.662],[31.829,-23.4],[31.829,-23.007],[31.698,-22.876],[32.615,-21.96],[32.745,-21.698],[32.876,-21.698],[32.745,-21.567],[32.876,-21.436],[32.876,-21.044],[33.007,-21.044],[33.269,-20.782],[33.269,-20.651],[33.4,-20.389],[33.4,-20.258],[33.269,-20.127],[33.269,-19.996],[33.138,-19.865],[33.269,-19.604],[33.269,-19.473],[33.138,-19.473],[33.138,-19.211],[33.269,-19.211],[33.269,-19.08],[33.4,-18.949],[33.4,-17.64],[33.269,-17.509],[33.269,-17.247],[33.4,-17.247],[33.4,-17.116],[33.138,-17.116],[33.007,-16.985],[32.876,-16.985],[32.615,-16.855],[32.353,-16.855],[32.091,-16.593],[31.829,-16.593],[31.698,-16.462],[30.782,-16.462],[30.782,-15.676],[30.651,-15.545],[30.651,-15.415],[31.305,-15.153],[31.567,-15.153],[31.698,-15.022],[32.091,-15.022],[32.091,-14.891],[32.353,-14.891],[32.484,-14.76],[32.745,-14.76],[33.269,-14.498],[33.662,-14.498],[33.793,-14.76],[34.055,-15.022],[34.185,-14.891],[34.84,-14.891],[34.971,-15.022],[34.971,-15.676],[34.84,-15.938],[34.84,-16.069],[34.709,-16.2],[34.709,-16.331],[34.84,-16.462],[34.84,-16.724],[34.971,-16.724],[35.233,-16.985],[35.364,-17.247],[35.495,-17.247],[35.495,-17.509],[35.756,-17.509],[35.756,-17.247],[35.625,-17.116],[35.625,-16.855],[35.756,-16.724],[35.756,-16.593],[36.018,-16.593],[36.28,-16.331],[36.28,-15.153],[36.149,-14.891],[35.625,-14.367],[35.495,-14.105],[35.364,-13.975],[35.102,-13.975],[35.102,-13.844],[34.971,-13.844],[34.971,-13.058],[34.84,-13.058],[34.84,-12.404],[34.971,-12.273],[34.971,-12.142],[35.102,-12.011],[36.149,-12.011],[36.149,-11.88],[36.28,-11.88],[36.673,-12.142],[37.065,-12.142],[37.196,-12.011],[37.589,-12.011],[37.589,-12.142],[37.982,-12.142],[38.244,-11.88],[38.244,-11.749],[38.767,-11.749],[38.898,-11.88],[39.16,-11.618],[39.553,-11.618],[39.945,-11.356],[40.207,-11.356],[40.469,-11.225],[40.862,-10.833],[40.993,-10.964],[40.993,-11.095],[40.862,-11.225],[40.993,-11.225],[40.993,-11.487],[40.862,-11.618],[40.862,-12.273],[40.993,-12.404],[40.862,-12.535],[40.993,-12.796],[40.862,-12.927],[40.993,-12.927],[40.993,-13.189],[40.862,-13.32],[40.862,-13.451],[40.993,-13.451],[40.993,-14.629],[41.124,-14.629],[41.124,-15.022],[41.124,-14.891],[41.255,-14.891],[41.255,-15.284],[41.124,-15.415],[41.124,-15.545],[40.993,-15.545],[41.124,-15.676],[40.993,-15.938],[40.469,-16.462],[40.469,-16.593],[40.338,-16.724],[40.207,-16.724],[40.207,-16.855],[40.076,-16.985],[39.684,-17.247],[39.553,-17.247],[39.553,-17.378],[39.422,-17.378],[39.291,-17.509],[39.029,-17.509],[38.767,-17.64],[38.505,-17.64],[38.505,-17.771],[38.244,-17.771],[37.982,-18.033],[37.458,-18.295],[37.458,-18.425],[37.327,-18.425],[37.327,-18.556],[36.804,-19.08],[36.804,-19.211],[36.673,-19.08],[36.673,-19.342],[36.542,-19.211],[36.28,-19.473],[36.018,-19.604],[35.364,-20.258],[35.233,-20.258],[35.102,-20.127],[35.233,-20.258],[35.233,-20.52],[35.102,-20.782],[35.102,-20.913],[35.233,-21.044],[35.364,-21.044],[35.495,-21.567],[35.495,-21.829],[35.756,-22.091],[35.756,-22.876],[35.887,-22.876],[35.887,-22.484],[35.887,-22.615],[36.018,-22.615],[35.887,-23.138],[36.018,-23.4],[35.887,-23.662],[35.756,-24.185],[35.887,-24.316],[35.887,-24.185],[36.018,-24.185],[35.887,-24.447],[35.887,-24.578],[35.625,-24.84],[35.625,-24.971],[34.316,-25.495],[33.793,-25.625],[33.269,-26.018],[33.007,-26.411],[33.138,-26.542],[33.138,-26.673],[33.269,-26.673],[33.269,-26.542],[33.4,-26.542],[33.269,-27.327]]],[[[35.102,-12.404],[34.971,-12.404],[34.971,-12.535],[35.102,-12.535],[35.102,-12.404]]],[[[35.102,-12.535],[35.233,-12.535],[35.233,-12.404],[35.102,-12.404],[35.102,-12.535]]]]}},{"type":"Feature","properties":{"iso3":"MRT","name":"Mauritania"},"geometry":{"type":"MultiPolygon","coordinates":[[[[-15.822,19.145],[-15.822,19.015],[-15.953,19.145],[-15.822,19.276],[-15.822,19.145]]],[[[-5.611,20.716],[-5.611,20.193],[-5.48,19.931],[-5.48,19.276],[-5.349,19.015],[-5.349,17.967],[-5.218,17.705],[-5.218,16.789],[-5.087,16.527],[-5.087,16.004],[-4.825,15.742],[-4.825,15.48],[-4.956,15.218],[-4.956,14.956],[-8.753,14.956],[-8.753,15.087],[-8.884,15.087],[-8.884,14.956],[-9.015,14.825],[-10.193,14.825],[-10.324,14.695],[-10.324,14.564],[-10.455,14.564],[-10.455,14.695],[-10.847,14.956],[-10.847,15.087],[-10.978,15.087],[-10.978,14.956],[-11.109,14.956],[-11.24,14.825],[-11.24,14.564],[-11.371,14.433],[-11.371,14.302],[-11.502,14.302],[-11.502,14.171],[-11.764,14.302],[-11.895,14.302],[-11.895,14.433],[-12.025,14.433],[-12.156,14.564],[-12.156,14.695],[-12.287,14.695],[-12.287,14.825],[-12.418,14.956],[-12.549,14.956],[-12.549,15.087],[-12.68,15.087],[-12.68,15.349],[-12.811,15.48],[-12.942,15.48],[-12.942,15.611],[-13.335,15.611],[-13.465,15.742],[-13.465,15.873],[-13.989,16.135],[-14.513,16.135],[-14.513,16.004],[-15.036,16.004],[-15.167,15.873],[-15.429,15.873],[-15.56,16.004],[-15.691,16.004],[-15.691,15.873],[-15.953,15.48],[-15.953,15.218],[-15.953,16.004],[-15.429,17.313],[-15.429,17.705],[-15.56,17.967],[-15.691,18.622],[-15.953,18.753],[-15.953,18.884],[-15.822,18.884],[-15.691,19.015],[-15.953,18.884],[-15.691,19.276],[-15.691,19.669],[-15.822,19.8],[-15.822,20.062],[-15.953,20.193],[-15.953,20.062],[-16.084,20.062],[-16.215,20.193],[-16.345,20.585],[-16.476,20.585],[-16.476,20.193],[-16.476,20.585],[-16.345,20.716],[-12.418,20.716],[-12.418,20.978],[-12.549,21.109],[-12.549,22.287],[-12.156,22.68],[-11.633,22.811],[-11.502,22.942],[-11.502,25.429],[-8.098,25.429],[-8.098,26.738],[-7.575,26.345],[-7.313,26.345],[-7.051,26.084],[-6.265,25.56],[-6.004,25.56],[-5.349,25.036],[-4.433,24.644],[-4.302,24.382],[-6.004,24.382],[-6.004,23.727],[-5.873,23.465],[-5.873,22.418],[-5.742,22.156],[-5.742,21.502],[-5.611,21.24],[-5.611,20.716]]]]}},{"type":"Feature","properties":{"iso3":"MUS","name":"Mauritius"},"geometry":{"type":"MultiPolygon","coordinates":[[[[58.142,-20.913],[57.749,-20.913],[57.749,-20.651],[57.88,-20.651],[57.88,-20.52],[58.011,-20.389],[58.142,-20.389],[58.142,-20.52],[58.273,-20.651],[58.142,-20.782],[58.142,-20.913]]]]}},{"type":"Feature","properties":{"iso3":"MWI","name":"Malawi"},"geometry":{"type":"MultiPolygon","coordinates":[[[[35.102,-12.535],[35.102,-12.404],[35.233,-12.404],[35.233,-12.535],[35.102,-12.535]]],[[[35.102,-12.404],[35.102,-12.535],[34.971,-12.535],[34.971,-12.404],[35.102,-12.404]]],[[[33.793,-9.916],[33.793,-10.047],[34.447,-10.047],[34.316,-10.047],[34.447,-9.916],[34.578,-9.916],[34.709,-10.178],[34.971,-10.44],[34.971,-10.964],[35.102,-11.095],[35.102,-11.356],[34.971,-11.356],[34.971,-11.487],[35.102,-11.487],[35.102,-11.618],[35.364,-11.88],[35.364,-12.011],[35.102,-12.011],[34.971,-12.142],[34.971,-12.273],[34.84,-12.404],[34.84,-13.058],[34.971,-13.058],[34.971,-13.844],[35.102,-13.844],[35.102,-13.975],[35.364,-13.975],[35.495,-14.105],[35.625,-14.367],[36.149,-14.891],[36.28,-15.153],[36.28,-16.331],[36.018,-16.593],[35.756,-16.593],[35.756,-16.724],[35.625,-16.855],[35.625,-17.116],[35.756,-17.247],[35.756,-17.509],[35.495,-17.509],[35.495,-17.247],[35.364,-17.247],[35.233,-16.985],[34.971,-16.724],[34.84,-16.724],[34.84,-16.462],[34.709,-16.331],[34.709,-16.2],[34.84,-16.069],[34.84,-15.938],[34.971,-15.676],[34.971,-15.022],[34.84,-14.891],[34.185,-14.891],[34.055,-15.022],[33.531,-14.367],[33.531,-14.498],[33.4,-14.498],[33.4,-14.367],[33.269,-14.236],[33.138,-14.236],[33.269,-14.105],[33.138,-14.105],[33.138,-13.975],[33.269,-13.975],[33.269,-13.844],[33.4,-13.713],[33.4,-13.058],[33.662,-12.927],[33.793,-12.927],[33.924,-12.796],[33.793,-12.796],[33.662,-12.535],[33.662,-12.273],[33.793,-12.273],[33.793,-12.142],[33.662,-12.011],[33.662,-11.88],[33.793,-11.618],[33.793,-11.487],[33.662,-11.356],[33.662,-11.225],[33.924,-11.225],[34.055,-10.964],[33.924,-10.833],[33.924,-10.571],[33.793,-10.571],[33.793,-10.178],[33.662,-10.178],[33.662,-10.047],[33.4,-10.047],[33.4,-9.785],[33.531,-9.916],[33.793,-9.916]]]]}},{"type":"Feature","properties":{"iso3":"MYS","name":"Malaysia"},"geometry":{"type":"MultiPolygon","coordinates":[[[[111.815,1.865],[111.684,1.865],[111.684,2.127],[111.815,2.258],[111.815,1.865]]],[[[118.36,3.567],[118.098,3.567],[118.098,3.698],[118.229,3.698],[118.36,3.567]]],[[[100.687,4.745],[100.556,4.745],[100.687,4.876],[100.818,4.876],[100.687,4.745]]],[[[100.295,5.924],[100.295,5.793],[100.164,5.662],[100.164,5.793],[100.033,5.793],[100.033,5.924],[100.164,5.924],[100.164,5.793],[100.295,5.924]]],[[[100.949,5.924],[101.211,5.924],[101.211,5.793],[101.342,5.662],[101.473,5.662],[101.473,5.269],[101.342,5.269],[101.473,5.138],[101.604,5.138],[101.996,5.4],[101.996,5.269],[102.258,5.269],[102.52,5.531],[102.52,5.662],[102.782,5.662],[102.913,5.269],[103.305,5.007],[103.436,5.007],[103.567,4.876],[103.567,4.745],[103.829,4.353],[103.829,2.389],[104.222,1.996],[104.745,0.949],[104.745,0.818],[104.484,0.818],[104.484,1.08],[104.353,1.08],[104.353,0.949],[104.091,0.949],[103.96,0.818],[103.829,0.818],[103.829,0.949],[102.258,1.865],[102.258,1.996],[101.865,2.258],[101.735,2.258],[101.735,2.651],[101.604,2.913],[101.08,3.436],[101.211,3.436],[101.211,3.567],[101.08,3.698],[101.08,4.091],[100.818,5.007],[100.818,5.4],[100.556,5.793],[100.556,6.055],[100.687,6.185],[100.949,5.924]]],[[[117.182,6.185],[117.182,6.055],[117.313,6.055],[117.444,6.185],[117.444,6.316],[117.575,6.447],[117.705,6.447],[117.705,6.185],[118.098,5.924],[118.098,5.4],[117.967,5.269],[118.229,5.4],[118.36,5.4],[118.491,5.531],[118.491,5.269],[118.36,5.269],[118.36,5.138],[118.622,5.138],[118.622,5.269],[118.884,5.269],[118.884,5.138],[119.015,5.138],[119.015,5.007],[119.145,5.007],[119.407,4.876],[119.669,4.876],[119.669,4.615],[119.538,4.484],[119.276,4.484],[119.145,4.353],[118.622,4.484],[118.622,4.222],[119.015,3.96],[119.015,3.829],[118.753,3.829],[118.622,3.698],[118.36,3.698],[118.229,3.829],[118.098,3.829],[118.098,3.698],[117.967,3.698],[117.967,3.567],[117.575,3.829],[116.92,3.829],[116.789,3.698],[116.789,3.829],[116.527,3.829],[116.396,3.698],[116.265,3.829],[116.265,3.698],[116.135,3.698],[116.004,3.567],[116.004,2.782],[115.873,2.651],[115.873,2.389],[115.742,2.389],[115.611,2.52],[115.611,2.389],[115.48,2.389],[115.48,2.127],[115.611,1.996],[115.349,1.735],[115.218,1.735],[115.218,1.342],[115.087,1.342],[115.087,1.08],[114.956,0.949],[114.433,0.949],[114.302,0.818],[114.171,0.818],[114.171,0.687],[113.909,0.687],[113.778,0.818],[113.385,0.818],[113.385,0.949],[112.731,0.949],[112.469,0.556],[112.338,0.556],[112.207,0.425],[111.684,0.425],[111.553,0.556],[111.422,0.425],[110.898,0.295],[110.505,0.687],[110.375,0.687],[110.375,0.818],[110.244,0.818],[110.113,0.949],[110.113,1.211],[109.982,1.211],[109.982,1.342],[110.113,1.473],[110.113,1.342],[110.244,1.211],[110.375,1.211],[110.505,1.08],[110.767,1.08],[110.767,1.211],[110.767,1.08],[111.16,0.949],[111.422,0.949],[111.553,0.818],[111.684,0.818],[111.553,0.949],[111.422,0.949],[111.422,1.08],[111.553,1.08],[111.553,1.342],[111.684,1.473],[111.684,1.865],[111.815,1.865],[111.815,2.127],[111.945,2.127],[112.076,2.258],[112.6,2.389],[113.124,2.52],[113.385,2.52],[113.385,2.651],[113.516,2.651],[113.516,2.782],[114.171,3.436],[114.302,3.698],[114.433,3.698],[114.433,4.091],[114.564,3.96],[114.695,3.96],[114.695,3.698],[114.825,3.698],[114.956,3.567],[114.956,3.436],[115.087,3.436],[115.087,3.567],[115.218,3.567],[115.218,4.222],[115.349,4.222],[115.349,4.353],[115.48,4.353],[115.48,3.829],[115.742,3.829],[115.742,4.091],[115.611,4.222],[115.611,4.353],[115.873,4.353],[116.004,4.484],[116.004,4.615],[115.873,4.745],[115.873,4.876],[116.004,5.007],[116.265,5.007],[116.527,5.269],[116.527,5.531],[116.92,5.924],[116.92,6.055],[117.182,6.447],[117.313,6.447],[117.313,6.185],[117.182,6.185]]],[[[117.575,6.578],[117.444,6.578],[117.444,6.709],[117.575,6.84],[117.705,6.84],[117.705,6.578],[117.575,6.578]]]]}},{"type":"Feature","properties":{"iso3":"NAM","name":"Namibia"},"geometry":{"type":"MultiPolygon","coordinates":[[[[23.844,-18.033],[24.236,-18.033],[24.498,-17.902],[25.153,-17.902],[25.415,-18.033],[25.545,-18.033],[25.676,-18.164],[25.153,-18.295],[24.891,-18.425],[24.629,-18.425],[24.498,-18.556],[24.367,-18.556],[24.367,-18.687],[24.236,-18.687],[23.975,-18.949],[23.975,-18.818],[23.713,-18.425],[22.404,-18.687],[21.356,-18.687],[21.356,-22.484],[20.44,-22.484],[20.44,-28.898],[20.047,-28.898],[19.785,-29.16],[19.655,-29.16],[19.655,-29.291],[19.524,-29.422],[19.393,-29.291],[18.345,-29.291],[18.215,-29.16],[17.822,-29.16],[17.822,-28.636],[17.691,-28.636],[17.56,-28.505],[17.298,-28.505],[17.298,-28.636],[17.167,-28.767],[17.167,-28.898],[17.036,-28.898],[16.905,-29.029],[16.12,-28.375],[15.727,-27.851],[15.727,-27.72],[15.596,-27.458],[15.596,-26.935],[15.465,-26.804],[15.335,-26.804],[15.335,-26.018],[15.204,-25.756],[15.204,-25.233],[14.942,-24.578],[14.942,-23.662],[14.811,-23.531],[14.811,-23.269],[14.942,-23.269],[14.942,-23.4],[14.942,-22.876],[14.811,-22.615],[14.287,-22.091],[14.287,-21.96],[13.895,-21.305],[13.502,-20.389],[12.585,-18.949],[12.455,-18.949],[12.193,-18.425],[12.193,-17.64],[13.109,-17.64],[13.371,-17.378],[13.895,-17.378],[13.895,-17.509],[14.025,-17.509],[14.156,-17.64],[14.156,-17.771],[18.869,-17.771],[18.869,-17.902],[19.131,-18.164],[19.393,-18.164],[19.524,-18.295],[20.833,-18.295],[20.964,-18.425],[22.142,-18.425],[22.404,-18.295],[22.796,-18.295],[23.058,-18.164],[23.451,-18.164],[23.844,-18.033]]]]}},{"type":"Feature","properties":{"iso3":"NCL","name":"New Caledonia"},"geometry":{"type":"MultiPolygon","coordinates":[[[[168.073,-23.007],[168.073,-23.138],[167.745,-23.138],[167.745,-23.007],[168.073,-23.007]]],[[[168.4,-21.829],[168.727,-21.829],[168.4,-22.091],[168.4,-22.091],[168.4,-21.96],[168.4,-21.96],[168.4,-21.829],[168.4,-21.829],[168.4,-21.698],[168.4,-21.829]]],[[[167.745,-21.567],[167.745,-21.567],[167.745,-21.436],[167.418,-21.436],[167.418,-21.305],[167.745,-21.305],[167.745,-21.175],[167.418,-21.175],[167.745,-21.044],[167.745,-21.175],[167.745,-21.305],[167.745,-21.305],[167.745,-21.567]]],[[[167.091,-21.175],[167.091,-21.044],[167.091,-20.913],[167.091,-20.782],[167.091,-21.044],[167.091,-21.175]]],[[[164.473,-20.651],[164.8,-20.782],[164.8,-20.651],[165.455,-21.175],[165.782,-21.175],[165.782,-21.305],[165.782,-21.305],[165.782,-21.436],[165.782,-21.567],[166.109,-21.567],[166.436,-21.829],[166.436,-21.829],[167.091,-22.484],[167.418,-22.484],[167.418,-22.745],[167.091,-22.745],[167.091,-22.615],[167.091,-22.745],[167.091,-22.615],[166.764,-22.615],[166.764,-22.484],[166.436,-22.484],[166.436,-22.353],[166.436,-22.353],[166.436,-22.222],[166.109,-22.222],[165.782,-21.96],[165.782,-21.96],[165.455,-21.698],[165.455,-21.698],[165.127,-21.305],[164.8,-21.305],[164.8,-21.175],[164.473,-20.913],[164.473,-20.782],[164.473,-20.651],[164.473,-20.52],[164.473,-20.651]]]]}},{"type":"Feature","properties":{"iso3":"NER","name":"Niger"},"geometry":{"type":"MultiPolygon","coordinates":[[[[15.465,22.418],[15.465,21.895],[15.596,21.371],[15.596,20.847],[15.727,20.847],[15.989,20.455],[15.989,20.193],[16.382,19.8],[16.251,19.407],[16.12,19.407],[16.12,18.229],[15.989,17.836],[15.989,16.789],[15.858,16.396],[15.204,15.611],[14.549,14.956],[14.287,14.433],[13.895,13.909],[13.895,13.516],[14.025,13.124],[13.764,13.124],[13.633,12.993],[13.502,12.993],[13.24,12.862],[12.978,12.6],[12.847,12.6],[12.716,12.469],[12.585,12.469],[12.455,12.6],[11.931,12.731],[11.8,12.862],[11.407,12.862],[10.884,12.731],[10.622,12.731],[10.229,12.207],[9.705,12.207],[9.575,12.338],[9.313,12.338],[9.051,12.469],[8.658,12.731],[8.396,12.731],[7.873,12.6],[7.742,12.469],[7.48,12.469],[7.218,12.862],[7.087,12.862],[7.087,12.993],[6.956,12.993],[6.825,13.124],[6.695,13.124],[6.433,13.255],[5.778,13.255],[5.647,13.124],[5.516,13.255],[5.385,13.255],[5.255,13.124],[4.993,13.124],[4.731,12.862],[4.6,12.338],[4.207,11.945],[4.207,11.16],[4.076,11.291],[3.945,11.291],[3.422,11.815],[3.291,11.815],[3.16,11.684],[2.898,11.684],[3.029,11.422],[2.898,11.291],[2.898,11.422],[2.636,11.684],[2.636,11.815],[2.767,11.815],[2.767,12.076],[2.636,12.207],[2.505,12.207],[2.375,12.076],[2.113,12.076],[1.851,12.338],[1.589,12.469],[1.589,12.862],[1.589,12.731],[1.72,12.731],[1.72,12.862],[1.589,12.862],[1.589,12.993],[1.458,12.993],[1.458,13.124],[1.196,13.124],[0.935,13.385],[0.935,13.778],[0.804,13.778],[0.673,13.909],[0.804,14.04],[0.804,14.433],[1.458,14.433],[1.851,14.695],[2.636,14.695],[3.029,14.825],[4.076,14.825],[4.076,14.956],[4.207,15.087],[4.338,15.087],[4.469,15.218],[4.469,15.48],[4.731,15.742],[4.731,18.622],[5.255,18.622],[5.516,18.753],[5.909,18.753],[6.433,18.884],[8.004,20.324],[8.396,20.455],[8.92,20.847],[9.967,21.371],[10.884,22.025],[12.455,22.942],[13.371,22.68],[13.895,22.68],[14.287,22.287],[14.68,22.025],[14.942,22.287],[15.465,22.418]]]]}},{"type":"Feature","properties":{"iso3":"NGA","name":"Nigeria"},"geometry":{"type":"MultiPolygon","coordinates":[[[[7.873,3.829],[7.742,3.829],[7.742,3.96],[7.873,3.96],[7.873,3.829]]],[[[6.433,13.255],[6.695,13.124],[6.825,13.124],[6.956,12.993],[7.087,12.993],[7.087,12.862],[7.218,12.862],[7.48,12.469],[7.742,12.469],[7.873,12.6],[8.396,12.731],[8.658,12.731],[9.051,12.469],[9.313,12.338],[9.575,12.338],[9.705,12.207],[10.229,12.207],[10.622,12.731],[10.884,12.731],[11.407,12.862],[11.8,12.862],[11.931,12.731],[12.062,12.731],[12.455,12.6],[12.585,12.469],[12.716,12.469],[12.847,12.6],[12.978,12.6],[13.24,12.862],[13.502,12.993],[13.633,12.993],[13.764,13.124],[14.025,13.124],[14.418,12.731],[14.549,12.469],[14.549,11.945],[14.68,11.815],[14.811,11.815],[14.942,11.684],[15.073,11.684],[15.073,11.291],[14.942,11.16],[14.942,10.898],[14.811,10.898],[14.549,10.636],[14.287,10.636],[13.895,9.851],[13.895,9.589],[13.633,9.458],[13.633,8.935],[13.371,8.935],[13.24,8.804],[13.24,8.28],[12.978,8.018],[12.847,8.018],[12.716,7.887],[12.716,7.625],[12.455,7.233],[12.455,6.971],[12.324,6.84],[12.193,6.84],[12.193,6.709],[12.324,6.578],[12.193,6.447],[12.062,6.447],[12.062,6.316],[11.931,6.316],[11.931,6.055],[11.8,5.924],[11.538,5.924],[11.407,6.185],[11.145,6.447],[11.015,6.447],[10.884,6.316],[10.622,6.316],[10.622,6.447],[10.491,6.316],[10.491,6.185],[10.36,6.185],[10.229,6.055],[10.229,5.924],[10.098,5.924],[9.444,5.269],[9.444,4.876],[9.313,4.615],[9.313,4.484],[9.182,4.353],[9.182,4.222],[8.92,4.222],[8.789,4.353],[8.92,4.091],[8.789,3.96],[8.135,3.96],[8.135,4.091],[8.004,4.091],[8.004,3.96],[7.873,3.96],[7.611,4.222],[7.611,4.091],[7.742,4.091],[7.742,3.96],[7.611,3.829],[7.48,3.829],[7.349,3.96],[7.349,4.222],[7.349,3.96],[7.48,3.829],[7.218,3.829],[7.218,3.96],[7.087,3.96],[7.087,3.829],[6.956,3.829],[6.825,3.698],[6.825,3.829],[6.825,3.698],[6.695,3.698],[6.564,3.829],[6.433,3.829],[6.171,4.091],[6.171,4.222],[6.04,4.222],[6.04,4.353],[5.909,4.615],[6.04,4.615],[5.909,4.615],[5.909,4.745],[6.04,4.745],[6.04,4.876],[6.171,4.876],[5.778,4.876],[5.778,5.007],[6.04,5.007],[5.909,5.007],[5.909,5.138],[5.778,5.138],[5.778,5.007],[5.647,5.138],[5.647,5.269],[5.255,5.662],[4.993,5.793],[4.076,5.793],[3.945,5.924],[4.076,5.924],[4.338,6.055],[4.076,5.924],[3.945,5.924],[3.945,5.793],[3.291,5.793],[3.291,8.542],[3.553,8.542],[3.684,8.673],[3.684,8.935],[3.815,9.065],[3.945,9.065],[3.945,9.327],[4.076,9.327],[4.207,9.458],[4.207,9.589],[4.076,9.72],[4.207,9.851],[4.338,9.851],[4.338,10.505],[4.207,10.505],[4.207,10.636],[4.076,10.898],[4.076,11.029],[4.207,11.16],[4.207,11.945],[4.6,12.338],[4.731,12.862],[4.993,13.124],[5.255,13.124],[5.385,13.255],[5.516,13.255],[5.647,13.124],[5.778,13.255],[6.433,13.255]]]]}},{"type":"Feature","properties":{"iso3":"NIC","name":"Nicaragua"},"geometry":{"type":"MultiPolygon","coordinates":[[[[-82.585,14.433],[-82.716,14.433],[-82.716,14.302],[-82.847,14.302],[-82.847,14.171],[-82.716,14.171],[-82.585,13.778],[-82.847,13.516],[-82.847,13.385],[-82.978,13.124],[-82.978,11.815],[-83.109,11.945],[-82.978,12.076],[-82.978,12.207],[-83.109,12.076],[-83.109,11.945],[-83.24,11.945],[-83.109,11.815],[-83.109,11.422],[-83.109,11.553],[-83.24,11.553],[-83.24,11.291],[-83.109,11.291],[-83.109,11.029],[-83.24,11.029],[-83.24,10.767],[-83.371,10.767],[-83.109,10.375],[-83.109,10.244],[-83.633,10.244],[-84.025,10.505],[-84.287,10.505],[-84.418,10.375],[-84.68,10.505],[-84.811,10.505],[-84.942,10.636],[-85.073,10.636],[-85.073,10.505],[-85.204,10.505],[-86.251,11.553],[-86.251,11.684],[-86.513,11.815],[-86.905,12.207],[-87.167,12.338],[-87.167,12.469],[-86.905,12.469],[-86.905,12.338],[-86.775,12.338],[-86.775,12.469],[-86.382,12.469],[-86.382,12.731],[-86.12,12.731],[-86.251,13.255],[-85.727,13.255],[-85.727,13.385],[-85.596,13.385],[-85.596,13.516],[-85.465,13.516],[-85.465,13.385],[-85.204,13.255],[-85.204,13.385],[-85.073,13.385],[-85.073,13.516],[-84.942,13.516],[-84.811,13.647],[-84.68,13.778],[-84.68,13.909],[-84.549,13.909],[-84.549,14.04],[-84.418,14.04],[-84.549,14.04],[-84.287,14.302],[-84.287,14.171],[-84.156,14.171],[-84.025,14.04],[-83.895,14.04],[-83.895,14.171],[-83.371,14.171],[-83.371,14.302],[-82.978,14.302],[-82.978,14.433],[-82.585,14.433]]]]}},{"type":"Feature","properties":{"iso3":"NIU","name":"Niue"},"geometry":{"type":"MultiPolygon","coordinates":[[[[-169.247,-19.473],[-169.378,-19.604],[-169.378,-19.473],[-169.247,-19.342],[-169.247,-19.473]]]]}},{"type":"Feature","properties":{"iso3":"NLD","name":"Netherlands"},"geometry":{"type":"MultiPolygon","coordinates":[[[[-67.662,11.553],[-67.662,11.422],[-67.662,11.553],[-67.793,11.553],[-67.793,11.684],[-67.662,11.684],[-67.662,11.553]]],[[[4.731,50.825],[4.731,50.695],[3.945,50.695],[3.945,50.825],[4.731,50.825]]],[[[4.469,51.218],[4.6,51.087],[4.338,51.087],[4.207,51.218],[4.469,51.218]]],[[[5.385,52.527],[5.385,52.396],[5.255,52.527],[5.385,52.658],[5.385,52.527]]],[[[4.731,50.825],[4.338,50.825],[4.207,50.956],[3.945,50.956],[4.076,50.956],[4.076,51.087],[4.338,51.087],[4.469,50.956],[4.862,50.956],[4.6,50.956],[4.6,51.087],[4.731,51.087],[4.469,51.218],[4.6,51.349],[4.6,51.48],[4.731,51.48],[4.993,51.611],[4.993,51.742],[5.124,51.873],[5.255,52.265],[5.385,52.396],[5.647,52.396],[6.04,52.658],[6.956,52.92],[7.349,52.92],[7.48,52.789],[7.742,52.789],[7.742,52.396],[7.611,52.265],[7.611,52.135],[7.349,52.135],[7.218,52.004],[7.349,51.873],[7.611,51.873],[7.611,51.742],[7.48,51.611],[7.349,51.611],[7.349,51.48],[7.218,51.48],[7.349,51.48],[7.349,51.349],[6.956,51.349],[6.956,51.218],[6.825,51.349],[6.695,51.349],[6.564,51.218],[6.564,51.087],[6.695,51.087],[6.695,50.564],[6.564,50.564],[6.433,50.433],[6.564,50.433],[6.564,50.171],[6.302,50.171],[6.171,50.302],[6.433,50.564],[6.302,50.564],[6.171,50.695],[5.778,50.695],[5.647,50.825],[5.647,50.956],[5.516,50.825],[5.385,50.825],[5.385,50.956],[5.255,50.956],[5.255,50.825],[5.124,50.825],[5.124,50.956],[4.993,50.956],[4.993,50.825],[4.731,50.825]]],[[[5.909,52.789],[5.778,52.789],[5.909,52.92],[6.171,52.92],[5.909,52.789]]]]}},{"type":"Feature","properties":{"iso3":"NOR","name":"Norway"},"geometry":{"type":"MultiPolygon","coordinates":[[[[5.647,59.727],[5.647,59.596],[5.516,59.596],[5.516,59.858],[5.647,59.858],[5.647,59.727]]],[[[5.516,60.513],[5.385,60.513],[5.385,60.644],[5.516,60.644],[5.516,60.513]]],[[[8.658,62.738],[8.396,62.738],[8.396,62.869],[8.658,62.869],[8.658,62.738]]],[[[9.051,63.131],[8.789,63.131],[9.051,63.131],[9.313,63.262],[9.313,63.131],[9.051,63.131]]],[[[11.669,64.309],[11.145,64.309],[11.276,64.309],[11.407,64.44],[11.538,64.44],[11.669,64.309]]],[[[12.978,65.356],[12.847,65.356],[12.978,65.487],[13.24,65.487],[13.109,65.356],[12.978,65.356]]],[[[12.847,65.487],[12.716,65.487],[12.847,65.618],[13.109,65.618],[12.978,65.487],[12.847,65.487]]],[[[13.371,67.32],[13.24,67.32],[13.371,67.451],[13.502,67.451],[13.502,67.32],[13.371,67.32]]],[[[14.287,67.713],[14.549,67.713],[14.418,67.582],[14.025,67.582],[13.895,67.451],[13.895,67.582],[13.895,67.451],[13.633,67.451],[13.633,67.582],[13.895,67.582],[14.025,67.713],[14.287,67.713]]],[[[15.596,68.367],[15.727,68.236],[15.858,68.236],[15.727,68.105],[14.811,68.105],[14.942,68.236],[15.335,68.236],[15.204,68.367],[15.465,68.367],[15.465,68.498],[15.596,68.498],[15.596,68.367]]],[[[16.251,67.975],[16.382,68.105],[16.513,68.105],[16.513,68.236],[16.644,68.236],[16.644,68.367],[16.775,68.367],[17.036,68.105],[16.905,68.105],[16.775,67.975],[16.644,67.975],[16.513,67.844],[16.12,67.844],[15.858,67.713],[15.727,67.713],[15.727,67.844],[15.596,67.713],[15.335,67.713],[15.073,67.582],[14.68,67.582],[14.68,67.713],[14.811,67.844],[15.465,67.844],[15.858,68.105],[15.858,68.236],[15.989,68.367],[15.858,68.367],[15.858,68.498],[16.382,68.76],[16.513,68.76],[16.513,68.629],[16.382,68.498],[16.251,68.498],[16.251,68.367],[16.382,68.367],[16.382,68.236],[16.251,68.105],[16.251,67.975]]],[[[17.953,69.022],[18.345,69.022],[18.345,68.891],[18.476,68.891],[18.476,68.76],[18.345,68.76],[18.345,68.629],[17.691,68.629],[17.56,68.498],[17.298,68.498],[17.56,68.891],[17.822,68.76],[17.822,68.891],[17.691,68.891],[17.822,69.022],[17.953,69.022]]],[[[30.389,69.284],[30.127,69.153],[30.127,69.284],[30.258,69.284],[30.258,69.415],[30.389,69.284],[30.52,69.284],[30.389,69.284]]],[[[21.225,69.545],[20.833,69.545],[20.964,69.676],[21.225,69.676],[21.225,69.545]]],[[[19.655,69.545],[19.785,69.415],[19.916,69.545],[20.047,69.415],[19.916,69.415],[19.785,69.284],[19.524,69.284],[19.262,69.022],[18.476,69.022],[18.607,69.022],[18.607,69.153],[18.738,69.153],[18.869,69.284],[19.0,69.153],[19.0,69.284],[19.131,69.284],[19.393,69.545],[19.524,69.545],[19.524,69.676],[19.655,69.676],[19.655,69.545]]],[[[20.178,69.676],[20.309,69.676],[20.44,69.545],[20.571,69.545],[20.178,69.545],[20.047,69.676],[20.178,69.676]]],[[[24.105,69.938],[23.975,69.807],[23.713,69.807],[23.713,69.676],[23.582,69.676],[23.582,69.807],[23.32,69.807],[23.32,69.938],[23.713,69.938],[23.975,70.069],[24.105,69.938]]],[[[24.498,70.069],[24.236,69.938],[24.105,70.069],[24.105,70.2],[24.367,70.2],[24.498,70.069]]],[[[23.844,70.2],[23.32,70.069],[23.32,69.938],[22.796,69.938],[22.535,70.069],[22.404,70.069],[22.796,70.069],[22.796,70.2],[23.713,70.2],[23.844,70.331],[23.844,70.2]]],[[[28.295,70.069],[28.425,70.069],[28.687,70.2],[28.687,70.069],[28.556,69.938],[28.556,69.676],[28.687,69.807],[28.687,69.938],[28.818,69.938],[29.211,70.331],[29.604,70.331],[29.735,70.2],[30.127,70.2],[30.127,70.069],[30.258,70.069],[30.389,70.2],[30.52,70.2],[30.651,70.069],[30.651,69.938],[31.044,69.938],[31.305,69.807],[31.436,69.807],[31.305,69.676],[30.913,69.676],[30.651,69.545],[29.211,69.545],[30.127,69.415],[29.996,69.284],[30.127,69.153],[30.52,69.153],[30.651,69.284],[30.782,69.284],[30.782,69.153],[30.913,69.153],[30.913,69.284],[31.305,69.284],[31.305,69.022],[30.52,69.022],[30.651,69.022],[30.651,68.891],[30.389,68.891],[30.258,68.76],[29.735,68.76],[29.604,68.498],[29.211,68.498],[29.211,68.629],[29.473,68.76],[29.604,68.76],[29.604,68.891],[29.735,68.891],[29.604,69.153],[29.211,69.153],[28.687,69.284],[28.295,69.545],[28.033,69.545],[27.771,69.415],[27.509,69.415],[27.509,69.284],[27.378,69.415],[26.985,69.415],[26.593,69.153],[26.462,69.153],[26.331,69.022],[26.331,68.76],[26.2,68.76],[26.2,68.498],[26.069,68.367],[25.807,68.367],[25.676,68.236],[25.545,68.236],[25.545,68.105],[25.415,67.975],[25.284,68.105],[24.76,68.105],[24.629,68.236],[24.236,68.236],[24.105,68.105],[22.796,68.105],[22.796,68.236],[22.665,68.236],[22.535,68.498],[22.404,68.498],[22.011,68.76],[21.749,68.76],[21.618,68.629],[21.487,68.629],[21.618,68.498],[20.571,68.498],[20.833,68.236],[20.702,68.236],[20.702,68.105],[20.571,68.105],[20.44,67.975],[20.702,67.975],[20.44,67.844],[19.655,67.844],[19.524,67.975],[18.607,67.975],[18.607,67.582],[18.476,67.582],[18.345,67.451],[17.953,67.451],[17.691,67.582],[17.56,67.451],[17.167,67.32],[17.036,67.058],[16.905,67.058],[16.775,66.927],[16.513,66.927],[16.905,66.535],[16.775,66.535],[16.644,66.404],[16.251,66.273],[15.858,65.88],[15.858,65.749],[15.596,65.618],[14.942,65.618],[15.073,65.356],[15.073,65.225],[14.942,65.095],[14.942,64.702],[14.811,64.702],[14.811,64.571],[14.025,64.047],[14.287,63.916],[14.549,63.916],[14.549,63.524],[14.418,63.524],[14.418,63.393],[14.156,63.524],[13.371,63.524],[12.585,63.0],[12.455,62.738],[12.585,62.476],[12.585,62.084],[12.716,61.691],[12.716,61.429],[12.585,61.167],[12.716,61.036],[12.978,61.036],[13.24,60.905],[13.371,60.775],[13.24,60.775],[13.24,60.644],[13.109,60.513],[12.716,60.513],[12.716,60.382],[12.978,59.989],[12.978,59.727],[12.847,59.596],[12.847,59.465],[12.716,59.465],[12.585,59.335],[12.324,59.335],[12.324,59.204],[12.062,59.073],[12.062,58.942],[12.193,58.811],[12.193,58.418],[12.062,58.418],[11.931,58.287],[11.931,58.418],[11.8,58.418],[11.8,58.549],[11.407,58.549],[11.276,58.68],[11.145,58.68],[11.015,58.811],[11.015,59.204],[11.015,59.073],[10.884,58.942],[10.884,58.68],[10.622,58.549],[10.622,58.418],[10.36,58.418],[10.229,58.549],[10.098,58.549],[10.229,58.549],[10.229,58.418],[10.098,58.418],[9.836,58.287],[9.967,58.287],[9.836,58.156],[9.705,58.156],[9.444,58.025],[8.92,57.633],[8.658,57.633],[8.396,57.502],[7.48,57.502],[7.48,57.633],[7.349,57.633],[7.349,57.502],[7.087,57.502],[7.218,57.633],[7.218,57.764],[6.564,57.764],[6.564,57.895],[6.302,58.025],[6.171,58.025],[6.04,58.156],[6.04,58.287],[6.171,58.418],[6.433,58.418],[6.695,58.287],[6.825,58.418],[6.956,58.418],[6.564,58.418],[6.433,58.549],[6.564,58.549],[6.564,58.68],[6.433,58.68],[6.564,58.68],[6.564,58.811],[6.695,58.942],[6.956,58.942],[6.695,58.942],[6.564,58.811],[6.171,58.811],[6.171,58.68],[6.04,58.68],[5.909,58.549],[5.778,58.549],[5.647,58.68],[5.778,58.942],[5.778,59.073],[5.909,59.073],[6.04,59.204],[6.171,59.073],[6.302,59.073],[6.433,59.204],[6.825,59.204],[6.825,59.335],[6.564,59.204],[6.302,59.204],[6.302,59.335],[6.564,59.465],[6.695,59.596],[6.695,59.727],[6.956,59.858],[7.087,59.858],[7.087,59.596],[7.218,59.858],[7.48,59.858],[7.611,59.989],[7.349,59.989],[6.956,59.858],[6.564,59.596],[6.433,59.596],[6.433,59.465],[6.302,59.465],[5.909,59.204],[5.778,59.204],[5.778,59.073],[5.647,59.073],[5.647,59.335],[5.778,59.335],[5.778,59.596],[5.778,59.465],[6.04,59.465],[6.302,59.596],[5.778,59.596],[5.778,59.727],[5.647,59.858],[6.04,60.12],[6.171,60.12],[6.04,60.12],[5.778,59.989],[5.516,60.251],[5.516,60.513],[6.956,60.513],[7.218,60.644],[7.349,60.644],[7.48,60.513],[7.48,60.382],[7.611,60.382],[7.611,60.513],[8.135,60.644],[8.004,60.644],[7.873,60.775],[8.004,60.905],[7.873,60.775],[7.873,60.644],[7.218,60.644],[7.218,60.775],[6.956,60.513],[6.695,60.644],[6.171,60.644],[6.04,60.513],[5.516,60.644],[5.516,60.905],[5.909,60.905],[5.778,60.905],[5.778,61.036],[5.516,61.036],[5.516,61.298],[6.302,61.298],[6.564,61.167],[7.087,61.298],[7.349,61.298],[6.695,61.298],[6.171,61.429],[5.647,61.429],[5.647,61.56],[5.778,61.691],[5.909,61.56],[6.302,61.822],[7.218,61.822],[7.218,61.953],[6.956,61.953],[6.825,61.822],[6.695,61.822],[6.695,61.953],[6.825,61.953],[6.825,62.084],[7.873,62.084],[8.004,61.953],[8.265,61.953],[8.265,62.084],[8.135,62.084],[8.396,62.215],[8.658,62.215],[7.611,62.215],[7.349,62.084],[7.349,62.215],[7.48,62.345],[8.004,62.476],[8.135,62.607],[8.396,62.607],[8.658,62.476],[8.789,62.476],[8.92,62.345],[9.182,62.345],[8.92,62.476],[8.789,62.476],[8.658,62.607],[8.789,62.738],[9.182,62.738],[9.182,62.869],[8.92,62.869],[8.92,63.0],[9.182,63.0],[9.182,63.131],[9.444,63.131],[9.705,63.0],[9.575,63.0],[9.705,62.869],[9.836,63.0],[10.098,63.0],[10.229,63.131],[10.36,63.0],[10.491,63.0],[10.491,62.869],[11.145,62.869],[11.145,63.131],[11.538,63.131],[11.669,63.262],[11.8,63.262],[11.669,63.262],[11.538,63.393],[11.931,63.393],[11.8,63.524],[11.669,63.524],[11.538,63.393],[11.276,63.393],[11.407,63.393],[11.407,63.262],[10.753,63.0],[10.36,63.0],[10.36,63.131],[10.098,63.131],[10.36,63.393],[10.491,63.393],[10.491,63.524],[11.015,63.916],[11.276,63.916],[11.669,64.178],[11.931,64.178],[12.062,64.309],[11.931,64.309],[11.8,64.178],[11.669,64.178],[11.669,64.309],[11.8,64.309],[11.931,64.44],[12.585,64.571],[12.978,64.571],[13.371,64.833],[13.24,64.702],[12.978,64.702],[12.847,64.571],[12.847,64.702],[12.585,64.702],[12.585,64.964],[12.716,64.964],[12.716,65.095],[13.109,65.225],[13.109,65.356],[13.502,65.356],[13.371,65.487],[13.24,65.487],[13.764,65.618],[14.156,65.618],[14.287,65.749],[14.418,65.749],[13.895,65.749],[13.764,65.618],[13.502,65.618],[13.502,66.011],[13.633,66.011],[13.633,66.142],[13.895,66.142],[14.025,66.273],[14.418,66.273],[14.156,66.273],[14.025,66.404],[14.287,66.404],[14.418,66.535],[14.68,66.535],[14.811,66.665],[14.942,66.535],[15.073,66.665],[15.858,66.665],[14.811,66.665],[14.811,66.796],[14.942,66.796],[15.204,66.927],[15.335,67.058],[15.596,67.058],[15.989,66.796],[15.989,66.927],[16.12,66.927],[15.727,66.927],[15.727,67.058],[15.596,67.058],[15.727,67.189],[15.465,67.189],[15.335,67.058],[15.204,67.058],[15.204,67.189],[15.465,67.451],[15.727,67.451],[15.858,67.32],[15.989,67.32],[15.989,67.451],[15.727,67.451],[15.858,67.582],[16.251,67.582],[16.382,67.713],[16.513,67.713],[16.513,67.451],[16.644,67.32],[16.775,67.32],[16.644,67.451],[16.775,67.451],[16.775,67.582],[16.644,67.582],[16.644,67.713],[16.775,67.844],[17.953,67.844],[17.953,67.975],[17.822,67.975],[17.691,67.844],[16.905,67.975],[17.036,67.975],[17.036,68.105],[17.56,68.105],[17.822,68.236],[17.953,68.367],[17.953,68.498],[18.607,68.629],[18.476,68.629],[18.476,68.76],[18.607,68.891],[18.869,68.891],[18.869,68.76],[19.393,68.76],[19.131,68.76],[19.0,68.891],[19.131,69.022],[19.393,69.022],[19.524,69.153],[20.047,69.284],[20.178,69.284],[20.178,69.022],[20.047,68.891],[20.178,68.891],[20.44,69.284],[20.571,69.284],[20.702,69.415],[20.833,69.415],[20.833,69.284],[20.702,69.153],[20.702,69.022],[20.44,68.76],[20.571,68.76],[20.964,69.022],[21.225,69.022],[20.964,69.022],[20.964,69.284],[21.095,69.415],[21.356,69.415],[21.487,69.284],[21.618,69.284],[21.618,69.415],[22.011,69.415],[22.142,69.284],[22.404,69.284],[22.273,69.415],[22.273,69.545],[22.011,69.545],[21.88,69.676],[21.749,69.676],[22.535,69.676],[22.665,69.807],[22.796,69.676],[22.796,69.807],[23.32,69.807],[23.582,69.415],[23.844,69.415],[23.713,69.545],[23.713,69.676],[23.844,69.676],[24.76,70.069],[24.76,70.2],[24.891,70.2],[24.629,70.2],[24.629,70.331],[24.891,70.331],[25.022,70.462],[25.284,70.462],[25.415,70.331],[26.2,70.331],[26.2,70.2],[26.069,70.2],[25.545,69.807],[25.415,69.676],[25.415,69.545],[25.676,69.545],[25.938,69.807],[26.462,70.069],[26.593,70.2],[26.985,70.331],[27.116,70.331],[27.116,70.2],[26.985,70.069],[27.116,70.069],[27.116,69.938],[26.985,69.938],[26.985,69.807],[27.116,69.807],[27.378,69.938],[27.64,70.2],[28.033,70.2],[28.033,70.331],[27.64,70.331],[28.033,70.593],[28.164,70.462],[28.818,70.462],[28.818,70.331],[28.687,70.331],[28.687,70.2],[28.425,70.2],[28.295,70.069]]],[[[26.069,70.593],[26.331,70.593],[26.462,70.462],[26.593,70.462],[25.676,70.462],[25.807,70.593],[26.069,70.593]]],[[[-8.36,70.331],[-8.491,70.331],[-7.967,70.462],[-7.836,70.593],[-7.444,70.593],[-7.444,70.462],[-8.36,70.331]]],[[[19.655,73.865],[19.524,73.735],[19.393,73.865],[19.262,73.865],[19.262,73.996],[19.655,73.996],[19.655,73.865]]],[[[22.011,78.055],[22.404,78.055],[22.665,77.793],[22.665,77.662],[23.713,77.662],[23.844,77.531],[23.582,77.531],[23.582,77.4],[24.105,77.269],[24.367,77.269],[24.629,77.4],[25.284,77.138],[24.498,77.138],[24.236,76.876],[23.582,76.876],[23.451,76.745],[22.796,76.745],[22.927,76.745],[22.927,76.876],[23.058,77.007],[23.189,77.007],[22.535,77.007],[22.273,76.876],[21.356,76.876],[21.356,77.007],[21.618,77.007],[21.618,77.138],[21.749,77.269],[21.88,77.269],[22.011,77.4],[22.142,77.4],[21.618,77.4],[21.487,77.531],[20.964,77.793],[20.964,77.924],[20.833,77.793],[20.702,77.924],[21.487,78.055],[22.011,78.055]]],[[[27.247,78.055],[27.116,78.055],[26.855,78.185],[26.855,78.316],[27.378,78.185],[27.247,78.055]]],[[[11.669,78.055],[11.669,77.924],[11.8,78.055],[12.062,77.924],[12.193,77.924],[12.585,77.662],[12.455,77.662],[11.8,77.924],[11.538,77.924],[11.276,78.055],[11.276,78.185],[11.015,78.185],[11.015,78.316],[11.407,78.316],[11.538,78.185],[11.538,78.055],[11.669,78.055]]],[[[29.473,78.316],[30.127,78.316],[28.295,78.316],[28.818,78.316],[28.818,78.447],[29.211,78.447],[29.473,78.316]]],[[[17.167,79.364],[18.084,79.364],[18.345,79.102],[18.215,78.971],[18.084,78.971],[18.215,78.971],[18.084,78.84],[18.345,78.84],[18.738,79.102],[18.869,79.102],[19.262,78.84],[19.262,78.709],[19.131,78.709],[19.262,78.709],[19.393,78.578],[20.178,78.578],[20.309,78.447],[20.571,78.578],[21.095,78.578],[21.225,78.447],[20.964,78.447],[21.095,78.316],[21.487,78.316],[21.749,78.185],[21.618,78.185],[21.487,78.055],[20.047,78.055],[19.524,77.793],[19.393,77.662],[19.393,77.531],[18.869,77.531],[18.869,77.269],[18.738,77.138],[18.738,77.007],[18.084,76.876],[17.822,76.615],[17.56,76.484],[17.691,76.353],[17.56,76.353],[17.429,76.222],[17.429,76.091],[17.298,76.091],[17.167,75.96],[16.905,76.091],[16.644,76.091],[16.513,76.222],[15.204,76.615],[14.811,76.615],[14.68,76.745],[14.549,76.745],[14.418,76.876],[14.418,77.007],[15.073,77.007],[15.335,77.138],[16.644,77.269],[17.429,77.269],[17.298,77.4],[16.905,77.269],[14.156,77.269],[14.156,77.531],[14.418,77.531],[14.68,77.4],[14.68,77.531],[15.465,77.531],[15.727,77.662],[16.12,77.662],[16.12,77.793],[17.429,77.793],[17.56,77.924],[17.429,77.793],[17.167,77.793],[16.905,77.924],[17.167,78.055],[16.905,78.055],[16.644,77.924],[15.727,77.924],[15.727,78.055],[15.858,78.185],[15.596,78.185],[15.596,78.055],[15.204,78.055],[15.204,78.185],[14.942,78.185],[14.942,77.924],[14.811,77.924],[15.073,77.924],[14.942,77.793],[14.68,77.793],[14.549,77.662],[13.633,77.662],[13.371,77.793],[13.109,77.793],[12.716,78.055],[12.324,78.055],[12.193,78.185],[12.193,78.316],[12.324,78.316],[12.062,78.316],[11.8,78.447],[12.716,78.316],[12.847,78.447],[12.455,78.447],[12.324,78.578],[12.455,78.709],[12.062,78.709],[11.931,78.578],[11.669,78.578],[11.538,78.709],[11.407,78.709],[11.407,78.84],[11.276,78.84],[11.276,78.971],[11.145,78.971],[11.276,79.102],[11.145,79.102],[11.145,79.233],[11.538,79.233],[11.538,79.102],[11.669,79.102],[11.669,79.233],[12.585,79.233],[12.585,79.102],[12.716,79.102],[12.716,79.233],[12.585,79.233],[13.502,79.233],[14.156,79.364],[14.287,79.233],[14.156,79.102],[13.502,79.102],[12.978,78.971],[13.895,78.971],[14.025,78.84],[14.418,78.84],[14.418,78.971],[14.549,79.102],[14.811,79.233],[15.204,79.233],[15.727,78.971],[16.251,78.578],[16.775,78.447],[16.513,78.84],[16.251,78.971],[16.251,79.233],[16.382,79.233],[16.513,79.364],[16.513,79.495],[16.905,79.495],[17.167,79.364]]],[[[33.007,79.625],[31.96,79.495],[34.055,79.625],[33.007,79.625]]],[[[19.131,79.756],[19.0,79.625],[18.607,79.756],[19.131,79.756]]],[[[21.356,79.756],[21.487,79.625],[22.273,79.625],[22.796,79.495],[22.927,79.625],[22.927,79.756],[22.796,79.756],[22.927,79.887],[23.713,79.887],[23.713,79.756],[23.582,79.625],[24.236,79.625],[24.367,79.756],[25.284,79.756],[25.938,79.625],[27.378,79.625],[27.64,79.364],[26.462,79.102],[26.2,78.84],[25.153,78.84],[24.76,78.709],[24.498,78.709],[24.367,78.578],[24.236,78.709],[23.058,78.709],[23.32,78.84],[21.225,78.84],[20.833,78.971],[20.047,78.971],[20.178,79.102],[21.095,79.102],[21.225,79.233],[18.869,79.233],[18.738,79.364],[19.0,79.364],[19.131,79.495],[19.262,79.495],[18.607,79.495],[18.345,79.625],[19.916,79.625],[19.785,79.625],[19.655,79.756],[19.524,79.756],[20.047,79.756],[20.178,79.625],[20.178,79.887],[20.047,79.887],[20.833,79.887],[20.964,79.756],[21.356,79.756]]]]}},{"type":"Feature","properties":{"iso3":"NPL","name":"Nepal"},"geometry":{"type":"MultiPolygon","coordinates":[[[[88.513,27.262],[88.644,27.262],[88.513,27.131],[88.513,26.869],[88.382,26.607],[88.382,26.476],[88.644,26.215],[88.513,26.084],[88.513,25.822],[87.465,25.822],[87.465,25.953],[87.204,25.822],[87.073,25.822],[86.68,26.084],[86.156,26.084],[86.156,26.215],[86.025,26.215],[86.025,26.345],[85.895,26.215],[85.633,26.215],[85.633,26.345],[85.371,26.345],[85.109,26.476],[85.109,26.738],[84.847,26.738],[84.455,27.0],[84.455,26.869],[83.407,26.869],[83.145,27.0],[83.145,27.131],[82.884,27.131],[82.753,27.262],[82.491,27.262],[82.491,27.393],[82.36,27.393],[82.36,27.262],[82.229,27.262],[82.229,27.393],[82.098,27.393],[81.444,27.916],[81.313,27.916],[81.182,28.047],[80.789,28.047],[80.658,28.178],[80.527,28.178],[80.527,28.571],[80.658,28.571],[80.658,28.833],[80.789,28.964],[80.789,29.225],[80.92,29.356],[81.051,29.356],[81.051,29.487],[81.182,29.618],[81.444,29.618],[81.444,29.487],[81.705,29.487],[81.836,29.749],[82.098,29.88],[82.229,29.749],[82.491,29.749],[82.622,29.618],[82.622,29.487],[83.015,29.225],[83.276,29.095],[83.538,29.095],[84.062,28.571],[84.193,28.702],[84.585,28.702],[84.585,28.44],[84.716,28.309],[84.847,28.309],[84.847,28.178],[85.109,28.047],[85.633,28.047],[85.502,27.916],[85.502,27.785],[85.633,27.785],[85.895,27.655],[86.156,27.785],[86.156,27.655],[86.287,27.524],[86.287,27.393],[86.549,27.393],[86.549,27.524],[86.68,27.524],[86.811,27.393],[86.942,27.393],[86.942,27.524],[87.204,27.524],[87.204,27.393],[87.465,27.393],[87.596,27.262],[88.12,27.262],[88.251,27.393],[88.382,27.393],[88.513,27.262]]]]}},{"type":"Feature","properties":{"iso3":"NZL","name":"New Zealand"},"geometry":{"type":"MultiPolygon","coordinates":[[[[169.709,-52.985],[169.709,-52.985],[169.382,-52.985],[169.709,-52.985],[169.709,-52.855],[169.709,-52.985]]],[[[166.764,-51.153],[166.764,-51.284],[166.436,-51.284],[166.436,-51.153],[166.436,-51.284],[166.436,-51.284],[166.436,-51.153],[166.436,-51.153],[166.436,-51.022],[166.764,-51.022],[166.764,-51.153]]],[[[168.727,-47.225],[168.727,-47.356],[168.4,-47.356],[168.727,-47.356],[168.727,-47.487],[168.4,-47.487],[168.4,-47.618],[168.073,-47.618],[168.073,-47.749],[168.073,-47.618],[168.073,-47.618],[168.073,-47.356],[168.4,-47.356],[168.4,-47.095],[168.4,-47.095],[168.727,-47.225]]],[[[167.091,-46.047],[167.091,-46.178],[167.091,-46.178],[167.091,-46.047]]],[[[184.109,-44.738],[184.109,-44.607],[184.436,-44.738],[184.109,-44.738]]],[[[184.109,-44.215],[184.109,-44.345],[184.109,-44.215],[184.109,-44.215],[184.109,-44.345],[184.109,-44.345],[184.109,-44.476],[184.109,-44.476],[184.109,-44.607],[183.782,-44.476],[183.782,-44.345],[184.109,-44.345],[183.782,-44.215],[183.455,-44.215],[183.782,-44.215],[183.782,-44.084],[184.109,-44.215]]],[[[174.291,-41.335],[174.291,-41.335],[174.291,-41.204],[174.291,-41.204],[174.291,-41.335]]],[[[173.636,-41.727],[173.636,-41.596],[173.964,-41.596],[174.291,-41.335],[174.291,-41.335],[174.291,-41.465],[174.291,-41.465],[174.291,-41.465],[174.291,-41.596],[174.291,-41.727],[174.291,-41.596],[174.291,-41.465],[174.945,-41.465],[174.618,-41.465],[174.618,-41.596],[174.618,-41.596],[174.618,-41.727],[174.945,-41.465],[174.945,-41.727],[174.618,-41.727],[174.618,-41.989],[174.618,-41.989],[174.618,-42.12],[174.618,-42.12],[174.618,-42.251],[174.291,-42.513],[174.291,-42.513],[174.291,-42.644],[173.636,-43.429],[173.636,-43.429],[172.982,-43.691],[173.309,-43.822],[172.982,-43.822],[172.982,-43.953],[172.982,-43.822],[173.309,-43.953],[173.309,-44.084],[173.636,-44.084],[173.636,-44.215],[173.636,-44.215],[173.636,-44.345],[173.309,-44.345],[173.309,-44.215],[172.982,-44.215],[172.982,-44.345],[172.655,-44.345],[172.655,-44.215],[172.655,-44.215],[172.327,-44.084],[172.327,-44.215],[172.655,-44.215],[172.655,-44.345],[172.327,-44.345],[172.327,-44.476],[172.327,-44.476],[172.0,-44.607],[172.0,-44.607],[171.673,-44.738],[171.673,-44.738],[171.673,-44.738],[171.673,-45.0],[171.673,-45.131],[171.673,-45.393],[171.345,-45.393],[171.673,-45.393],[171.673,-45.524],[171.345,-45.524],[171.345,-45.785],[171.018,-46.047],[171.018,-46.178],[171.345,-46.178],[171.345,-46.309],[171.018,-46.309],[170.691,-46.44],[170.691,-46.571],[170.691,-46.571],[170.364,-46.702],[170.364,-46.964],[170.036,-46.964],[169.709,-47.095],[169.382,-47.095],[169.382,-46.964],[169.055,-46.964],[169.055,-47.095],[169.055,-46.964],[168.727,-47.095],[168.727,-46.833],[168.4,-46.833],[168.073,-46.702],[168.073,-46.571],[168.073,-46.571],[167.745,-46.702],[167.418,-46.702],[167.091,-46.571],[167.418,-46.44],[167.091,-46.44],[167.091,-46.44],[167.091,-46.309],[167.091,-46.44],[167.091,-46.44],[167.091,-46.178],[167.418,-46.178],[167.091,-46.178],[167.091,-46.047],[167.418,-45.916],[167.091,-45.916],[167.091,-45.785],[167.745,-45.785],[167.745,-45.655],[167.418,-45.655],[167.418,-45.524],[167.745,-45.524],[167.745,-45.524],[167.745,-45.393],[167.745,-45.262],[167.745,-45.393],[167.745,-45.262],[168.073,-45.262],[168.073,-45.131],[168.073,-45.131],[168.4,-45.0],[168.4,-45.131],[168.4,-45.0],[168.4,-45.0],[168.4,-44.869],[168.4,-44.738],[168.727,-44.476],[169.055,-44.476],[169.055,-44.345],[169.055,-44.476],[169.382,-44.476],[169.382,-44.345],[169.709,-44.345],[169.709,-44.215],[169.709,-44.084],[170.036,-44.084],[170.036,-43.953],[170.364,-43.953],[170.364,-43.822],[170.364,-43.822],[170.691,-43.56],[171.018,-43.56],[170.691,-43.56],[171.018,-43.429],[171.018,-43.429],[171.018,-43.56],[171.018,-43.429],[171.018,-43.429],[171.018,-43.298],[171.345,-43.298],[171.345,-43.167],[171.345,-43.298],[171.673,-43.298],[171.673,-43.167],[171.673,-42.905],[171.673,-42.905],[171.673,-42.775],[171.673,-42.775],[171.673,-42.513],[172.0,-42.382],[172.0,-42.12],[172.327,-42.12],[172.327,-41.989],[172.327,-41.858],[172.655,-41.596],[172.655,-41.335],[172.655,-41.204],[172.982,-40.942],[173.309,-40.942],[173.309,-40.942],[172.982,-41.073],[173.636,-41.335],[173.636,-41.596],[173.636,-41.727]]],[[[175.927,-36.753],[175.927,-36.753],[175.927,-36.622],[175.6,-36.622],[175.927,-36.491],[175.927,-36.622],[175.927,-36.753]]],[[[173.636,-35.313],[173.636,-35.444],[173.636,-35.313],[173.964,-35.313],[174.291,-35.444],[174.291,-35.444],[174.618,-35.575],[174.618,-35.705],[174.945,-35.705],[174.945,-35.836],[174.945,-35.836],[174.945,-36.098],[174.945,-36.229],[174.945,-36.229],[174.945,-36.36],[174.945,-36.491],[174.945,-36.491],[175.273,-36.753],[175.273,-36.884],[175.273,-37.015],[175.273,-37.015],[175.273,-37.276],[175.6,-37.276],[175.6,-37.407],[175.927,-37.538],[175.927,-37.669],[175.927,-37.669],[175.927,-37.145],[175.927,-37.015],[175.927,-36.884],[175.927,-36.884],[175.927,-37.015],[176.255,-37.145],[176.255,-37.145],[176.255,-37.276],[176.255,-37.407],[176.255,-37.8],[176.582,-38.062],[176.582,-37.931],[176.582,-38.062],[176.909,-38.062],[177.236,-38.324],[177.564,-38.455],[177.891,-38.455],[178.218,-38.193],[178.218,-38.193],[178.218,-38.062],[178.545,-38.062],[178.545,-37.931],[178.873,-37.931],[178.873,-38.062],[178.873,-38.062],[178.873,-38.193],[178.873,-38.585],[178.873,-38.978],[178.218,-39.24],[178.218,-39.502],[178.545,-39.633],[178.218,-39.633],[178.218,-39.502],[177.564,-39.502],[177.564,-39.633],[177.564,-39.633],[177.564,-40.025],[177.564,-40.156],[177.236,-40.549],[176.909,-41.073],[176.909,-41.204],[176.582,-41.465],[176.582,-41.596],[176.255,-41.596],[176.255,-41.858],[175.927,-41.989],[175.6,-41.989],[175.6,-41.858],[175.273,-41.858],[175.273,-41.596],[175.273,-41.727],[174.945,-41.727],[175.6,-41.335],[175.6,-40.68],[175.6,-40.418],[175.273,-40.287],[174.945,-40.287],[174.945,-40.025],[174.618,-40.025],[174.291,-39.895],[174.291,-39.895],[174.291,-39.764],[174.291,-39.764],[174.291,-39.633],[174.291,-39.633],[174.291,-39.502],[174.618,-39.502],[174.945,-39.371],[174.945,-39.371],[174.945,-39.24],[174.945,-38.847],[175.273,-38.455],[175.273,-38.324],[175.273,-38.324],[175.273,-38.062],[174.945,-37.669],[174.945,-37.538],[175.273,-37.669],[175.273,-37.538],[175.273,-37.538],[175.273,-37.407],[174.945,-37.407],[174.945,-37.276],[174.618,-36.884],[174.945,-37.015],[174.945,-37.015],[174.945,-36.884],[174.945,-36.884],[174.945,-36.622],[174.618,-36.622],[174.618,-36.491],[174.291,-36.491],[174.291,-36.36],[174.291,-36.622],[174.618,-36.753],[174.618,-36.753],[174.618,-36.753],[174.291,-36.622],[173.964,-35.967],[173.964,-35.836],[173.964,-35.836],[173.964,-35.705],[173.964,-35.836],[173.964,-35.967],[173.636,-35.836],[173.636,-35.705],[173.636,-35.705],[173.636,-35.313],[173.309,-35.051],[172.982,-34.92],[173.636,-34.92],[173.309,-34.92],[173.636,-35.182],[173.636,-35.313]]]]}},{"type":"Feature","properties":{"iso3":"OMN","name":"Oman"},"geometry":{"type":"MultiPolygon","coordinates":[[[[59.189,19.669],[59.058,19.669],[59.058,19.8],[59.32,20.062],[59.32,19.931],[59.189,19.669]]],[[[56.833,24.382],[57.095,23.858],[57.618,23.335],[58.011,23.204],[58.535,23.204],[58.796,23.073],[59.058,23.073],[59.451,22.68],[59.451,22.549],[59.975,22.025],[60.105,22.025],[60.236,21.895],[60.236,21.633],[60.105,21.502],[60.105,21.371],[59.844,20.978],[59.32,20.585],[58.927,19.931],[58.927,19.8],[58.665,19.8],[58.665,20.062],[58.535,20.062],[58.273,19.669],[58.273,19.407],[58.142,19.276],[58.142,18.753],[58.273,18.622],[58.273,18.491],[58.142,18.36],[57.618,18.36],[57.356,18.229],[57.225,18.229],[56.964,17.575],[56.833,17.444],[56.44,17.444],[55.916,17.313],[55.655,17.051],[55.655,16.92],[55.785,16.789],[55.655,16.789],[55.655,16.658],[55.262,16.396],[55.131,16.396],[55.0,16.527],[54.738,16.527],[54.476,16.396],[54.345,16.396],[54.215,16.265],[53.56,16.135],[53.298,16.527],[53.298,16.658],[53.167,16.658],[53.167,16.789],[53.036,16.92],[53.036,17.182],[52.905,17.182],[52.905,17.444],[52.644,17.836],[52.644,18.098],[52.513,18.098],[52.513,18.36],[52.382,18.491],[52.775,18.491],[53.167,18.753],[53.429,18.753],[53.56,18.884],[53.953,18.884],[54.084,19.015],[54.607,19.145],[54.738,19.276],[55.0,19.276],[55.131,19.407],[55.393,19.407],[55.393,19.538],[55.524,19.669],[55.524,19.931],[55.655,20.062],[55.655,20.324],[55.785,20.455],[55.785,20.847],[55.916,20.847],[55.916,21.109],[56.047,21.24],[56.047,21.502],[55.785,21.764],[55.785,21.895],[55.655,22.025],[55.655,22.68],[55.916,23.073],[55.916,23.465],[56.44,23.465],[56.44,23.596],[56.309,23.596],[56.178,23.727],[56.178,24.251],[56.309,24.382],[56.44,24.382],[56.44,24.12],[56.571,24.251],[56.702,24.251],[56.702,24.382],[56.833,24.382]]],[[[56.702,24.644],[56.571,24.644],[56.702,24.775],[56.702,24.644]]],[[[56.833,25.822],[56.833,25.298],[56.702,25.167],[56.702,25.036],[56.571,25.036],[56.571,25.691],[56.702,25.691],[56.833,25.822]]]]}},{"type":"Feature","properties":{"iso3":"PAK","name":"Pakistan"},"geometry":{"type":"MultiPolygon","coordinates":[[[[77.255,35.116],[77.255,34.855],[77.385,34.855],[77.385,34.593],[77.516,34.593],[77.516,34.462],[77.385,34.462],[77.255,34.331],[77.124,34.331],[77.124,34.2],[76.862,34.2],[76.6,34.069],[76.338,34.069],[76.076,33.938],[75.815,33.938],[75.684,34.069],[75.16,34.069],[75.029,34.2],[74.636,34.2],[74.244,33.938],[74.244,33.807],[74.375,33.676],[74.375,33.415],[74.636,33.415],[74.636,33.284],[74.375,33.284],[74.375,33.022],[74.505,33.022],[74.636,32.891],[74.505,32.891],[74.505,32.76],[74.375,32.629],[74.505,32.629],[74.505,32.498],[74.767,32.498],[74.767,32.236],[75.029,32.236],[75.029,31.975],[75.16,31.975],[75.16,31.844],[75.684,31.844],[75.684,31.713],[75.815,31.713],[75.684,31.582],[75.16,31.451],[74.898,31.189],[75.029,30.927],[74.898,30.665],[75.029,30.535],[74.375,30.011],[74.375,29.88],[74.244,29.749],[74.375,29.749],[74.375,29.618],[74.244,29.487],[74.113,29.487],[73.851,29.356],[73.72,29.225],[73.72,28.964],[73.327,28.571],[73.327,28.44],[72.804,28.178],[72.673,28.178],[72.673,28.047],[72.542,27.916],[72.542,27.785],[72.28,27.524],[72.28,27.393],[72.149,27.393],[72.018,27.262],[71.625,27.262],[71.364,27.131],[71.102,27.131],[71.102,27.393],[70.971,27.393],[70.971,27.524],[70.84,27.524],[70.709,27.393],[70.578,27.393],[70.578,27.262],[70.316,26.869],[70.185,26.738],[70.055,26.738],[70.055,26.607],[69.924,26.607],[69.924,26.215],[70.055,26.084],[70.447,26.084],[70.578,25.953],[70.578,25.691],[70.447,25.56],[70.447,25.429],[70.709,25.167],[71.102,25.167],[71.102,24.775],[71.364,24.513],[71.364,24.382],[71.495,24.251],[71.495,24.12],[71.364,24.12],[71.364,23.989],[71.495,23.858],[71.364,23.858],[71.364,23.727],[70.971,23.727],[70.971,23.858],[70.709,23.858],[70.578,23.727],[70.447,23.727],[70.447,23.596],[70.185,23.596],[70.055,23.727],[69.138,23.727],[69.138,23.465],[68.876,23.465],[68.745,23.335],[68.615,23.335],[68.615,23.204],[68.484,23.204],[68.484,23.335],[68.222,23.335],[68.091,23.204],[68.091,23.335],[67.96,23.335],[67.96,23.465],[67.829,23.465],[67.829,23.596],[67.698,23.596],[67.698,23.858],[67.567,24.251],[67.175,24.251],[67.044,24.382],[67.175,24.513],[67.175,24.644],[66.913,24.905],[66.913,25.036],[66.651,25.036],[66.52,24.905],[66.913,24.905],[66.258,24.905],[66.127,24.775],[65.211,24.775],[65.08,24.644],[64.556,24.775],[64.425,24.905],[64.425,24.775],[63.902,24.775],[63.902,24.644],[62.462,24.644],[62.331,24.513],[62.2,24.644],[61.938,24.644],[62.069,24.644],[62.069,25.167],[62.2,25.298],[62.2,25.56],[62.462,25.822],[62.724,25.822],[62.724,25.953],[62.855,25.953],[63.116,26.084],[63.64,26.084],[63.64,26.476],[63.771,26.607],[63.64,26.607],[63.64,26.738],[63.378,26.607],[63.247,26.738],[63.116,26.738],[63.247,26.738],[63.247,27.262],[63.116,27.393],[63.247,27.655],[62.985,27.655],[62.724,27.916],[62.462,27.916],[62.331,28.047],[62.2,28.047],[61.938,28.309],[61.807,28.833],[61.545,28.964],[61.284,29.356],[61.938,29.095],[62.855,28.833],[64.033,28.964],[64.556,28.833],[64.556,28.964],[65.604,28.964],[65.865,29.095],[66.127,29.095],[66.389,29.225],[66.651,29.225],[66.651,29.356],[66.782,29.356],[66.651,29.487],[66.651,29.618],[66.782,29.749],[66.782,30.011],[66.651,30.011],[66.782,30.273],[66.782,30.404],[67.044,30.404],[67.044,30.535],[67.175,30.665],[67.305,30.665],[67.305,30.796],[67.436,30.796],[67.567,30.665],[67.96,30.665],[68.091,30.796],[68.222,30.796],[68.091,30.796],[67.96,30.927],[68.222,30.927],[68.615,31.189],[69.138,31.189],[69.269,31.058],[69.4,31.058],[69.662,31.32],[69.662,31.975],[69.793,31.975],[69.793,32.236],[69.924,32.236],[69.924,32.498],[70.316,32.498],[70.709,32.76],[70.709,32.891],[70.316,33.284],[70.316,33.415],[70.447,33.545],[70.709,33.415],[71.233,33.415],[71.495,33.545],[71.495,33.938],[71.364,33.938],[71.495,33.938],[71.495,34.069],[72.018,34.593],[72.018,34.985],[71.887,34.985],[71.887,35.378],[71.756,35.378],[71.625,35.509],[71.887,35.771],[72.018,35.771],[72.018,35.902],[72.28,35.902],[72.411,36.033],[72.542,36.033],[72.542,36.164],[72.804,36.164],[72.935,36.295],[74.636,36.295],[74.898,36.425],[75.553,36.425],[75.815,36.295],[75.815,36.164],[76.207,36.164],[76.207,36.033],[76.338,36.033],[76.338,35.509],[76.6,35.247],[76.862,35.247],[76.993,35.378],[76.993,35.116],[77.255,35.116]]]]}},{"type":"Feature","properties":{"iso3":"PAN","name":"Panama"},"geometry":{"type":"MultiPolygon","coordinates":[[[[-81.015,6.84],[-81.145,6.709],[-81.276,6.84],[-81.276,6.971],[-81.145,7.102],[-81.145,6.84],[-81.015,6.84]]],[[[-78.396,7.756],[-78.396,7.625],[-78.396,7.887],[-78.265,7.887],[-78.265,7.756],[-78.396,7.756]]],[[[-81.669,8.804],[-81.8,8.804],[-81.669,8.935],[-81.669,8.804]]],[[[-78.789,9.065],[-78.658,8.935],[-78.135,8.935],[-78.004,8.804],[-77.48,8.673],[-77.218,8.542],[-77.087,8.28],[-76.825,8.149],[-76.956,8.018],[-76.956,7.887],[-76.825,7.887],[-76.825,7.756],[-76.695,7.625],[-76.695,7.364],[-76.956,6.971],[-77.087,6.971],[-77.087,7.102],[-77.218,7.102],[-77.218,6.84],[-77.349,6.709],[-77.873,7.364],[-77.873,7.495],[-77.742,7.495],[-77.742,7.756],[-77.611,7.756],[-77.611,7.887],[-77.349,7.625],[-77.218,7.625],[-77.349,7.625],[-77.48,7.756],[-77.48,7.887],[-77.873,7.887],[-77.873,7.756],[-77.873,7.887],[-78.004,8.018],[-78.004,8.149],[-78.135,8.149],[-78.396,8.411],[-79.051,8.411],[-79.313,8.018],[-79.182,8.018],[-79.575,7.756],[-79.836,7.756],[-79.967,7.625],[-79.705,7.233],[-79.575,7.102],[-79.444,7.102],[-79.444,6.971],[-79.575,6.84],[-79.836,6.84],[-79.836,6.709],[-80.36,6.709],[-80.36,6.84],[-80.491,7.102],[-80.491,7.364],[-80.622,7.233],[-80.622,7.102],[-80.884,7.102],[-81.145,7.495],[-81.145,7.625],[-81.669,7.625],[-81.669,7.756],[-82.193,7.756],[-82.324,7.625],[-82.324,7.495],[-82.324,7.625],[-82.455,7.756],[-82.324,7.887],[-82.324,8.28],[-82.193,8.28],[-82.193,8.411],[-82.324,8.542],[-82.324,9.065],[-82.193,9.065],[-82.193,8.935],[-82.062,8.935],[-82.062,9.065],[-81.931,8.935],[-81.8,8.935],[-81.8,8.673],[-81.669,8.673],[-81.669,8.411],[-81.276,8.411],[-81.276,8.542],[-81.407,8.542],[-81.276,8.542],[-81.015,8.28],[-80.229,8.28],[-79.967,8.542],[-79.575,8.673],[-79.444,8.804],[-79.313,8.804],[-79.051,9.065],[-78.789,9.065]]]]}},{"type":"Feature","properties":{"iso3":"PER","name":"Peru"},"geometry":{"type":"MultiPolygon","coordinates":[[[[-69.364,-4.68],[-69.495,-4.811],[-69.887,-4.549],[-70.28,-4.549],[-70.28,-4.68],[-70.411,-4.68],[-70.411,-4.811],[-70.935,-4.811],[-70.935,-4.942],[-71.458,-4.942],[-71.72,-5.204],[-71.851,-5.204],[-71.851,-5.335],[-72.113,-5.465],[-72.244,-5.465],[-72.375,-5.596],[-72.375,-6.12],[-72.636,-6.382],[-72.636,-6.775],[-72.505,-6.775],[-72.636,-6.905],[-72.636,-7.036],[-72.767,-7.036],[-73.16,-7.298],[-73.16,-7.429],[-73.291,-7.56],[-73.16,-7.56],[-73.16,-7.822],[-73.422,-7.822],[-73.422,-8.084],[-73.291,-8.084],[-73.291,-8.215],[-73.16,-8.215],[-73.16,-8.476],[-73.029,-8.476],[-73.029,-8.738],[-72.898,-8.869],[-72.767,-8.869],[-72.767,-9.131],[-72.636,-9.131],[-72.375,-9.393],[-72.375,-9.524],[-72.636,-9.785],[-72.244,-9.785],[-72.113,-9.916],[-71.851,-9.916],[-71.589,-10.309],[-71.589,-10.44],[-70.673,-10.44],[-70.28,-10.047],[-70.149,-10.047],[-70.149,-9.916],[-70.018,-9.916],[-70.018,-10.833],[-70.149,-10.964],[-70.149,-11.487],[-70.018,-11.356],[-69.887,-11.487],[-69.625,-11.487],[-69.495,-11.356],[-68.971,-11.356],[-68.84,-11.618],[-68.84,-11.749],[-68.447,-12.273],[-68.185,-12.927],[-68.185,-13.058],[-68.447,-13.32],[-68.447,-14.105],[-68.578,-14.105],[-68.447,-14.236],[-68.447,-14.367],[-68.316,-14.498],[-68.316,-14.629],[-68.447,-14.629],[-68.447,-14.891],[-68.578,-14.891],[-68.578,-15.022],[-68.709,-15.022],[-68.709,-15.153],[-68.84,-15.284],[-68.84,-15.415],[-68.709,-15.415],[-68.578,-15.676],[-68.84,-16.069],[-68.84,-16.2],[-68.709,-16.593],[-68.447,-16.593],[-68.316,-16.724],[-68.316,-16.855],[-68.447,-16.855],[-68.447,-17.116],[-68.578,-17.116],[-68.578,-17.247],[-68.709,-17.247],[-68.84,-17.378],[-68.84,-17.509],[-68.971,-17.509],[-69.102,-17.64],[-69.102,-17.771],[-68.971,-17.771],[-68.971,-18.033],[-69.233,-18.033],[-69.233,-18.556],[-69.364,-18.687],[-69.756,-18.687],[-69.756,-18.818],[-69.887,-18.818],[-69.887,-18.687],[-70.411,-18.295],[-70.542,-18.295],[-70.804,-18.164],[-70.804,-17.902],[-70.935,-17.771],[-71.196,-17.64],[-71.327,-17.64],[-71.72,-17.247],[-71.851,-17.247],[-71.851,-17.116],[-72.767,-16.855],[-72.898,-16.724],[-73.16,-16.593],[-73.291,-16.593],[-73.945,-16.069],[-74.6,-15.807],[-74.731,-15.545],[-74.862,-15.545],[-74.993,-15.284],[-75.385,-15.022],[-75.385,-14.891],[-75.778,-14.498],[-75.778,-14.236],[-75.647,-14.236],[-75.647,-13.844],[-75.909,-13.582],[-75.909,-13.451],[-76.171,-12.927],[-76.433,-12.665],[-76.433,-12.535],[-76.564,-12.535],[-76.695,-12.011],[-77.087,-11.749],[-77.087,-11.487],[-77.48,-10.702],[-77.611,-10.571],[-77.742,-10.047],[-77.873,-9.785],[-78.135,-9.393],[-78.135,-9.131],[-78.396,-8.869],[-78.396,-8.607],[-78.789,-8.345],[-78.789,-8.215],[-79.051,-7.822],[-79.051,-7.691],[-79.182,-7.429],[-79.575,-7.036],[-80.229,-6.644],[-80.491,-6.513],[-80.622,-6.513],[-80.622,-6.251],[-80.36,-6.251],[-80.36,-5.858],[-80.622,-5.596],[-80.622,-5.465],[-80.491,-5.465],[-80.753,-5.204],[-80.753,-4.811],[-80.36,-4.287],[-79.967,-3.895],[-79.705,-3.764],[-79.705,-4.156],[-79.575,-4.287],[-79.705,-4.287],[-79.705,-4.418],[-79.967,-4.418],[-79.967,-4.549],[-79.836,-4.68],[-79.836,-4.811],[-79.967,-4.811],[-79.836,-4.942],[-79.705,-4.811],[-79.705,-4.68],[-79.575,-4.68],[-79.182,-4.942],[-78.92,-4.942],[-78.92,-5.204],[-78.789,-5.204],[-78.789,-5.335],[-78.658,-5.335],[-78.527,-5.465],[-78.527,-5.335],[-78.396,-5.335],[-78.396,-5.204],[-78.265,-5.073],[-78.135,-5.073],[-78.135,-4.68],[-77.873,-4.287],[-77.873,-4.025],[-77.742,-3.895],[-77.742,-3.764],[-77.742,-3.895],[-77.611,-3.895],[-77.611,-3.764],[-77.349,-3.502],[-77.349,-3.371],[-77.087,-3.371],[-76.956,-3.24],[-76.825,-3.24],[-76.564,-3.109],[-76.302,-3.109],[-75.778,-2.716],[-75.647,-2.716],[-75.385,-2.324],[-75.124,-2.193],[-75.124,-2.062],[-74.993,-1.931],[-74.862,-1.407],[-74.731,-1.407],[-74.731,-0.884],[-74.862,-0.884],[-74.862,-0.753],[-74.993,-0.622],[-75.124,-0.622],[-75.124,-0.491],[-74.993,-0.491],[-74.862,-0.622],[-74.731,-0.622],[-74.731,-0.491],[-74.469,-0.491],[-74.469,-0.622],[-74.207,-0.622],[-74.207,-0.753],[-74.076,-0.753],[-73.815,-1.015],[-73.815,-1.276],[-73.684,-1.407],[-73.553,-1.407],[-73.291,-1.669],[-73.16,-1.669],[-73.029,-1.8],[-73.029,-1.931],[-72.898,-1.931],[-73.029,-2.062],[-72.898,-2.062],[-72.898,-2.193],[-72.636,-2.193],[-72.636,-2.455],[-72.505,-2.455],[-72.636,-2.585],[-72.636,-2.716],[-72.375,-2.716],[-72.375,-2.847],[-72.113,-2.847],[-72.113,-2.716],[-71.982,-2.847],[-71.589,-2.847],[-71.196,-2.585],[-71.065,-2.585],[-70.935,-2.716],[-70.411,-2.716],[-70.411,-2.585],[-70.149,-2.716],[-70.149,-2.847],[-70.018,-2.847],[-69.887,-2.978],[-69.625,-2.978],[-69.625,-3.109],[-69.495,-3.109],[-69.495,-3.24],[-69.625,-3.24],[-70.018,-4.025],[-70.149,-4.156],[-70.018,-4.287],[-69.625,-4.287],[-69.625,-4.418],[-69.364,-4.68]]]]}},{"type":"Feature","properties":{"iso3":"PHL","name":"Philippines"},"geometry":{"type":"MultiPolygon","coordinates":[[[[120.716,4.745],[120.585,4.615],[120.455,4.615],[120.324,4.484],[120.193,4.484],[120.193,4.615],[120.455,4.615],[120.455,4.745],[120.716,4.745]]],[[[121.633,5.531],[121.633,5.4],[121.764,5.531],[121.764,5.4],[121.895,5.4],[121.764,5.269],[121.633,5.4],[121.24,5.4],[121.371,5.4],[121.502,5.531],[121.633,5.531]]],[[[122.549,5.924],[122.287,5.924],[122.287,6.055],[122.549,6.185],[122.68,6.055],[122.811,6.055],[122.68,6.055],[122.68,5.924],[122.549,5.924]]],[[[126.215,6.447],[126.215,6.316],[126.084,6.447],[126.084,6.578],[126.215,6.578],[126.215,6.447]]],[[[123.335,6.84],[123.204,6.709],[123.204,6.84],[123.335,6.84]]],[[[117.444,7.364],[117.444,7.233],[117.444,7.495],[117.444,7.364]]],[[[117.836,7.625],[117.705,7.625],[117.705,7.756],[117.836,7.756],[117.836,7.625]]],[[[125.167,8.542],[125.036,8.542],[125.036,8.673],[125.167,8.673],[125.167,8.542]]],[[[124.12,8.673],[124.12,8.542],[123.989,8.542],[123.858,8.673],[124.12,8.673]]],[[[126.345,9.065],[126.345,9.196],[126.476,9.065],[126.345,9.065]]],[[[126.476,8.804],[126.476,8.673],[126.607,8.673],[126.607,8.542],[126.738,8.411],[126.738,8.149],[126.607,8.149],[126.607,8.018],[126.738,8.018],[126.738,7.887],[126.869,7.756],[126.869,7.233],[127.0,7.233],[127.0,6.578],[126.738,6.316],[126.607,6.316],[126.607,5.793],[126.476,5.924],[126.476,6.316],[126.345,6.447],[126.345,6.578],[126.215,6.84],[126.215,6.709],[126.084,6.709],[126.084,6.578],[125.822,6.185],[125.822,6.055],[125.953,6.055],[125.953,5.924],[126.084,5.662],[126.084,5.269],[125.822,5.138],[125.822,5.007],[125.691,5.138],[125.691,5.531],[125.56,5.531],[125.56,5.4],[125.429,5.269],[125.298,5.269],[124.775,5.531],[124.513,5.793],[124.513,6.055],[124.382,6.316],[124.382,6.447],[124.644,6.709],[124.644,6.84],[124.251,7.233],[123.858,7.233],[123.858,6.84],[123.727,6.971],[123.596,6.971],[123.596,7.102],[123.465,7.102],[123.465,6.971],[123.204,6.971],[123.204,7.233],[123.073,7.233],[122.68,6.84],[122.68,6.578],[122.549,6.447],[122.549,6.316],[122.418,6.316],[122.418,6.447],[122.287,6.578],[122.418,6.709],[122.549,7.233],[122.811,7.495],[123.073,7.495],[123.073,7.625],[123.465,7.625],[123.465,7.887],[123.596,8.018],[123.858,8.018],[123.858,8.149],[123.989,8.149],[124.12,8.018],[124.251,8.018],[124.251,7.625],[124.12,7.495],[124.251,7.495],[124.382,7.625],[124.644,7.625],[124.644,7.887],[124.775,7.887],[124.775,8.018],[125.167,8.018],[125.167,8.411],[125.429,8.411],[125.429,8.28],[125.56,8.28],[125.56,8.411],[125.953,8.411],[125.953,8.673],[125.822,9.065],[125.953,9.196],[126.476,8.804]]],[[[126.476,9.196],[126.476,9.458],[126.607,9.327],[126.607,9.196],[126.476,9.196]]],[[[125.691,9.458],[125.691,9.327],[125.56,9.458],[125.56,9.589],[125.691,9.589],[125.691,9.458]]],[[[125.036,9.196],[124.905,9.196],[124.775,9.065],[124.251,9.065],[124.251,9.327],[124.382,9.327],[124.644,9.589],[124.775,9.589],[124.905,9.458],[125.036,9.458],[125.036,9.196]]],[[[126.084,9.327],[125.953,9.458],[125.953,9.851],[126.084,9.851],[126.084,9.327]]],[[[120.324,9.982],[120.193,9.851],[120.193,9.982],[120.324,10.113],[120.455,9.982],[120.324,9.982]]],[[[123.073,9.851],[122.942,9.851],[122.942,10.113],[123.073,10.113],[123.073,10.244],[123.204,10.113],[123.073,9.982],[123.073,9.851]]],[[[123.596,8.542],[123.335,8.542],[123.335,8.804],[123.073,8.804],[123.073,8.935],[122.942,8.935],[122.811,9.196],[122.811,9.327],[122.942,9.458],[123.204,9.458],[123.335,9.589],[123.335,9.851],[123.204,9.982],[123.335,9.982],[123.335,10.244],[123.465,10.375],[123.989,10.375],[123.989,10.113],[123.727,9.72],[123.727,9.458],[123.596,9.327],[123.596,9.065],[123.727,8.804],[123.727,8.673],[123.596,8.542]]],[[[123.858,8.935],[123.727,8.804],[123.727,9.065],[123.858,9.327],[123.858,9.458],[123.989,9.589],[123.989,9.72],[124.382,10.375],[124.382,10.636],[124.513,10.767],[124.513,9.982],[124.382,9.851],[124.382,9.72],[124.251,9.72],[124.12,9.589],[124.12,9.327],[123.858,9.065],[123.858,8.935]]],[[[124.12,10.767],[124.251,10.636],[124.12,10.636],[124.12,10.767]]],[[[117.705,7.887],[117.705,7.756],[117.705,8.018],[117.967,8.411],[118.36,8.673],[118.491,8.673],[118.491,8.804],[118.753,9.065],[119.015,9.196],[119.407,9.851],[119.669,9.851],[119.669,9.982],[119.8,10.113],[119.669,10.244],[119.669,10.375],[119.931,10.767],[119.931,10.375],[120.062,10.113],[120.062,9.851],[119.8,9.851],[119.8,9.72],[119.669,9.72],[119.669,9.458],[119.276,9.458],[119.145,9.327],[119.015,8.804],[118.884,8.804],[118.884,8.673],[118.622,8.673],[118.622,8.542],[118.229,8.149],[117.967,8.149],[117.967,8.018],[117.836,8.018],[117.836,7.887],[117.705,7.887]]],[[[120.324,11.029],[120.324,10.898],[120.193,10.767],[120.193,10.898],[120.324,11.029]]],[[[125.036,10.767],[125.167,10.767],[125.298,10.898],[125.298,10.767],[125.429,10.636],[125.429,10.244],[125.56,10.113],[125.56,9.851],[125.691,9.851],[125.691,9.72],[125.56,9.72],[125.56,9.589],[125.56,9.72],[125.429,9.72],[125.429,9.851],[125.429,9.458],[125.298,9.589],[125.167,9.589],[125.167,10.375],[124.905,10.375],[124.775,10.636],[124.775,11.029],[124.775,10.898],[125.036,10.898],[125.036,10.767]]],[[[125.036,10.898],[124.905,10.898],[124.905,11.029],[124.775,11.16],[124.905,11.16],[125.036,11.029],[125.036,10.898]]],[[[125.298,11.029],[125.167,11.029],[125.167,11.16],[125.298,11.029]]],[[[122.942,11.029],[123.335,11.029],[123.335,10.898],[123.465,11.029],[123.596,11.029],[123.596,10.767],[123.465,10.636],[123.465,10.505],[123.335,10.505],[123.204,10.375],[123.204,10.244],[123.073,10.244],[122.942,10.113],[122.68,10.113],[122.549,9.982],[122.418,9.982],[122.418,9.851],[122.418,10.505],[122.549,10.767],[122.549,11.16],[122.418,11.16],[122.287,11.291],[122.549,11.291],[122.942,11.029]]],[[[120.455,11.16],[120.324,11.16],[120.324,11.422],[120.455,11.422],[120.455,11.16]]],[[[120.585,11.553],[120.716,11.684],[120.716,11.422],[120.455,11.422],[120.324,11.553],[120.324,11.815],[120.585,11.553]]],[[[123.073,11.815],[123.073,11.684],[122.942,11.815],[122.811,11.815],[122.811,11.945],[123.073,11.945],[123.073,11.815]]],[[[125.691,11.945],[125.691,11.815],[125.822,11.684],[125.953,11.684],[125.953,11.553],[125.822,11.422],[126.084,10.767],[125.953,10.767],[125.953,10.636],[126.084,10.636],[126.215,10.505],[126.084,10.505],[126.084,10.636],[125.822,10.505],[125.56,10.767],[125.429,10.767],[125.429,10.898],[125.298,11.029],[125.429,11.029],[125.429,11.16],[125.298,11.16],[125.298,11.291],[125.167,11.291],[125.167,11.422],[124.775,11.684],[124.775,12.076],[125.036,11.945],[125.298,11.945],[125.56,12.076],[125.691,11.945]]],[[[124.12,11.684],[124.513,11.422],[124.513,11.16],[124.251,11.422],[124.12,11.422],[124.12,11.553],[123.989,11.553],[123.989,11.684],[123.858,11.684],[123.727,11.422],[123.596,11.422],[123.596,11.553],[123.727,11.815],[123.727,12.076],[123.727,11.945],[123.989,11.945],[123.989,11.815],[124.12,11.684]]],[[[122.549,11.815],[122.418,11.553],[122.418,11.684],[122.287,11.815],[122.418,11.815],[122.418,12.076],[122.549,12.076],[122.549,11.815]]],[[[124.251,11.945],[124.251,11.815],[124.12,11.815],[123.989,12.076],[124.12,12.076],[124.251,11.945]]],[[[123.727,12.338],[123.727,12.207],[123.465,12.469],[123.335,12.469],[123.335,12.6],[123.465,12.6],[123.596,12.338],[123.727,12.338]]],[[[121.109,12.862],[121.24,12.862],[121.371,12.993],[121.502,12.862],[121.764,12.862],[121.764,12.731],[122.025,12.469],[121.895,12.469],[121.895,12.338],[122.025,12.076],[121.895,12.076],[121.895,11.815],[121.764,11.815],[121.764,11.684],[121.764,11.815],[121.764,11.684],[121.502,11.684],[121.502,11.815],[121.24,12.207],[121.24,12.469],[121.109,12.6],[120.978,12.6],[120.978,12.731],[120.847,12.731],[120.847,12.862],[120.716,12.862],[120.847,12.993],[121.109,12.993],[121.109,12.862]]],[[[122.287,12.993],[122.418,12.993],[122.549,12.862],[122.418,12.731],[122.418,12.6],[122.287,12.731],[122.287,12.993]]],[[[120.716,13.255],[120.716,13.124],[120.585,13.255],[120.716,13.255]]],[[[124.775,13.124],[124.775,12.993],[124.513,12.993],[124.513,13.385],[124.644,13.516],[124.905,13.255],[124.775,13.255],[124.775,13.124]]],[[[122.418,14.433],[122.418,14.04],[122.287,14.171],[122.418,14.171],[122.287,14.302],[122.287,14.433],[122.418,14.433]]],[[[121.502,18.098],[121.633,17.967],[122.156,17.836],[122.287,17.705],[122.418,17.705],[122.418,17.836],[122.549,17.836],[122.549,17.967],[122.68,17.967],[122.68,17.575],[122.549,17.444],[122.549,17.051],[122.68,16.92],[122.68,16.789],[122.811,16.789],[122.811,16.658],[122.942,16.658],[122.942,16.396],[122.811,16.265],[122.68,15.742],[122.549,15.611],[122.418,15.611],[122.025,15.349],[122.025,15.087],[121.895,14.956],[121.895,14.825],[121.764,14.825],[121.764,14.695],[121.895,14.695],[122.025,14.433],[122.025,14.171],[122.156,14.171],[122.025,14.171],[122.025,13.909],[122.287,13.516],[122.549,13.385],[122.68,13.385],[122.68,13.647],[122.811,13.647],[122.942,13.778],[123.204,13.778],[123.465,13.516],[123.465,13.255],[123.727,13.255],[123.727,13.516],[123.858,13.516],[123.858,13.385],[124.12,13.385],[124.251,13.255],[124.251,13.124],[123.989,13.124],[123.989,12.993],[124.12,12.862],[124.251,12.862],[124.251,12.6],[124.382,12.6],[124.513,12.469],[124.513,11.945],[124.382,12.076],[124.251,12.076],[124.382,12.207],[124.382,12.338],[123.989,12.338],[123.858,12.469],[123.727,12.469],[123.727,12.6],[123.596,12.862],[123.335,12.993],[123.335,13.124],[123.204,13.124],[123.073,13.385],[122.942,13.385],[122.942,13.124],[123.073,12.993],[123.073,12.6],[122.942,12.731],[122.942,12.862],[122.549,13.255],[122.156,13.385],[122.025,13.385],[121.895,13.255],[121.895,13.124],[121.502,13.124],[121.24,13.385],[121.109,13.385],[121.109,13.255],[120.978,13.385],[120.978,13.647],[121.109,13.647],[121.109,13.778],[121.371,13.909],[121.371,14.171],[121.109,14.171],[121.109,14.302],[120.978,14.302],[120.978,13.909],[120.847,13.909],[120.847,14.04],[120.716,14.171],[120.716,14.302],[120.455,14.302],[120.455,14.695],[120.324,14.825],[120.324,15.349],[120.193,15.349],[120.193,15.742],[120.324,15.742],[120.585,15.48],[120.716,15.48],[120.847,15.611],[120.716,15.873],[120.716,16.265],[120.847,16.396],[120.847,17.051],[120.978,17.575],[120.978,17.967],[121.109,17.967],[121.24,18.098],[121.371,17.967],[121.502,18.098]]],[[[122.287,18.36],[122.287,18.229],[122.287,18.491],[122.418,18.491],[122.418,18.36],[122.287,18.36]]],[[[121.895,18.753],[121.764,18.753],[121.764,18.884],[121.895,18.753]]],[[[122.418,19.8],[122.287,19.8],[122.418,19.931],[122.418,19.8]]],[[[122.287,20.193],[122.156,20.193],[122.287,20.193],[122.287,20.324],[122.287,20.193]]]]}},{"type":"Feature","properties":{"iso3":"PLW","name":"Palau"},"geometry":{"type":"MultiPolygon","coordinates":[[[[134.985,6.84],[134.985,7.102],[135.116,7.102],[135.116,6.971],[134.985,6.84]]]]}},{"type":"Feature","properties":{"iso3":"PNG","name":"Papua New Guinea"},"geometry":{"type":"MultiPolygon","coordinates":[[[[153.967,-11.88],[154.098,-12.011],[154.229,-12.011],[153.836,-12.011],[153.836,-11.88],[153.705,-11.88],[153.575,-11.749],[153.705,-11.749],[153.967,-11.88]]],[[[154.753,-11.749],[154.753,-11.88],[154.491,-11.88],[154.491,-11.749],[154.753,-11.749]]],[[[151.349,-10.964],[151.349,-11.095],[151.218,-11.095],[151.218,-10.964],[151.349,-10.964]]],[[[151.48,-10.44],[151.611,-10.44],[151.611,-10.309],[151.742,-10.309],[151.742,-10.44],[151.611,-10.571],[151.349,-10.571],[151.349,-10.309],[151.218,-10.178],[151.349,-10.178],[151.48,-10.309],[151.48,-10.44]]],[[[150.956,-9.785],[151.087,-9.916],[151.218,-9.785],[151.349,-9.916],[151.349,-10.047],[151.218,-10.178],[151.218,-10.047],[150.825,-10.047],[150.956,-10.047],[150.956,-9.916],[150.825,-9.916],[150.825,-9.785],[150.956,-9.785]]],[[[150.825,-9.916],[150.695,-9.916],[150.564,-9.785],[150.564,-9.655],[150.695,-9.655],[150.825,-9.785],[150.825,-9.916]]],[[[153.051,-9.393],[153.313,-9.393],[153.313,-9.524],[153.444,-9.524],[153.444,-9.655],[153.182,-9.655],[153.182,-9.524],[153.051,-9.524],[152.92,-9.393],[153.051,-9.393]]],[[[144.018,-9.0],[144.018,-9.131],[143.625,-8.869],[143.756,-8.869],[143.887,-9.0],[144.018,-9.0]]],[[[151.48,-9.131],[151.611,-9.262],[151.48,-9.131],[151.48,-8.869],[151.48,-9.0],[151.611,-9.0],[151.48,-9.131]]],[[[144.018,-8.869],[143.756,-8.869],[143.756,-8.738],[144.018,-8.869]]],[[[148.469,-6.251],[148.338,-6.251],[148.338,-6.12],[148.207,-5.989],[148.207,-5.858],[148.469,-5.989],[148.469,-6.251]]],[[[156.324,-7.167],[156.193,-7.167],[156.193,-7.298],[155.931,-7.298],[155.669,-7.036],[155.669,-6.775],[155.407,-6.644],[155.407,-6.513],[155.276,-6.513],[155.145,-6.382],[155.145,-5.858],[155.276,-5.858],[155.276,-5.989],[155.538,-5.989],[155.669,-6.251],[155.931,-6.513],[155.931,-6.644],[156.062,-6.644],[156.324,-6.905],[156.324,-7.167]]],[[[147.553,-5.858],[147.422,-5.727],[147.553,-5.596],[147.684,-5.727],[147.684,-5.858],[147.553,-5.858]]],[[[155.015,-5.858],[155.015,-5.465],[155.145,-5.465],[155.145,-5.858],[155.015,-5.858]]],[[[146.505,-5.204],[146.375,-5.204],[146.244,-5.073],[146.375,-5.073],[146.375,-4.942],[146.505,-4.942],[146.505,-5.204]]],[[[152.396,-4.68],[152.658,-4.68],[152.789,-4.811],[152.789,-5.204],[152.658,-5.335],[152.658,-5.465],[152.396,-5.465],[152.396,-5.596],[152.527,-5.727],[152.527,-5.858],[152.396,-5.989],[151.873,-5.989],[151.873,-6.12],[151.611,-6.382],[151.48,-6.382],[151.349,-6.513],[151.087,-6.513],[150.956,-6.644],[150.825,-6.644],[150.564,-6.775],[150.04,-6.775],[150.04,-6.644],[149.909,-6.513],[149.516,-6.513],[149.124,-6.251],[148.862,-6.251],[148.731,-6.12],[148.731,-5.989],[148.862,-5.858],[148.993,-5.989],[149.124,-5.858],[149.255,-5.989],[149.385,-5.858],[149.516,-5.989],[150.302,-5.989],[150.433,-5.858],[150.433,-5.465],[150.564,-5.465],[150.564,-5.596],[150.433,-5.727],[150.564,-5.858],[150.564,-5.989],[150.695,-5.989],[150.825,-5.858],[150.956,-5.858],[151.087,-5.989],[151.218,-5.989],[151.218,-5.858],[151.349,-5.858],[151.48,-5.727],[151.48,-5.596],[151.611,-5.596],[151.742,-5.335],[152.135,-5.335],[152.135,-5.073],[152.004,-4.811],[152.004,-4.68],[152.396,-4.68]]],[[[154.098,-4.549],[153.967,-4.549],[154.098,-4.418],[154.098,-4.549]]],[[[153.051,-3.502],[153.051,-3.633],[152.92,-3.502],[153.051,-3.502]]],[[[152.527,-3.371],[152.396,-3.371],[152.396,-3.24],[152.527,-3.371]]],[[[144.542,-4.287],[144.935,-4.287],[145.065,-4.418],[145.196,-4.418],[145.458,-4.68],[145.458,-4.811],[145.72,-4.811],[146.244,-5.204],[146.244,-5.596],[146.113,-5.858],[146.375,-5.858],[146.636,-5.989],[146.767,-5.989],[147.422,-6.382],[147.945,-6.382],[147.945,-6.513],[148.076,-6.644],[148.207,-6.644],[148.207,-6.775],[148.338,-7.036],[148.207,-7.036],[148.207,-7.167],[147.553,-7.167],[147.422,-7.298],[147.553,-7.56],[147.553,-7.822],[147.684,-7.953],[147.815,-7.953],[148.207,-8.345],[148.338,-8.345],[148.6,-8.476],[148.6,-9.0],[148.731,-9.0],[148.862,-9.131],[148.993,-9.393],[148.993,-9.524],[149.255,-9.524],[149.516,-9.393],[149.647,-9.393],[149.647,-9.916],[149.909,-10.047],[150.433,-10.047],[150.433,-10.178],[150.171,-10.178],[150.171,-10.309],[150.302,-10.309],[150.302,-10.44],[150.433,-10.44],[150.564,-10.571],[150.956,-10.571],[151.087,-10.702],[151.218,-10.702],[150.825,-10.702],[151.087,-10.964],[150.956,-11.095],[150.564,-11.095],[150.302,-10.833],[150.171,-10.833],[150.04,-10.702],[149.255,-10.702],[149.124,-10.571],[148.338,-10.571],[148.207,-10.44],[148.076,-10.44],[147.815,-10.047],[147.684,-10.047],[147.291,-9.655],[147.291,-9.524],[147.422,-9.524],[147.291,-9.524],[147.16,-9.393],[147.029,-9.393],[146.767,-8.869],[146.636,-8.738],[146.636,-8.607],[146.505,-8.607],[146.505,-8.476],[146.244,-8.476],[146.244,-8.345],[145.72,-8.345],[145.589,-8.215],[145.327,-8.215],[145.327,-8.084],[145.065,-8.084],[145.065,-7.953],[144.935,-7.953],[144.935,-8.084],[144.673,-8.084],[144.673,-8.215],[144.542,-8.215],[144.411,-8.084],[144.28,-8.084],[144.018,-7.822],[144.411,-8.345],[144.28,-8.345],[144.28,-8.476],[144.149,-8.476],[144.018,-8.345],[143.887,-8.476],[144.018,-8.476],[144.018,-8.607],[143.887,-8.607],[143.756,-8.738],[142.84,-8.738],[142.84,-8.607],[142.578,-8.607],[142.709,-8.607],[142.84,-8.738],[143.233,-8.738],[143.495,-8.869],[143.756,-9.131],[143.756,-9.393],[143.625,-9.524],[143.495,-9.524],[143.233,-9.655],[143.102,-9.785],[142.971,-9.785],[142.84,-9.655],[141.924,-9.655],[141.793,-9.524],[141.662,-9.655],[141.531,-9.655],[141.4,-9.524],[141.4,-7.298],[141.269,-7.167],[141.269,-7.036],[141.4,-6.905],[141.4,-2.978],[141.531,-2.978],[141.662,-3.109],[143.364,-3.764],[143.756,-3.764],[143.887,-3.895],[144.149,-4.025],[144.28,-4.025],[144.28,-4.156],[144.411,-4.156],[144.542,-4.287]]],[[[153.444,-5.204],[153.313,-5.204],[153.051,-4.942],[153.051,-4.811],[153.182,-4.811],[153.182,-4.68],[153.051,-4.549],[153.051,-4.418],[152.658,-4.025],[152.658,-3.895],[152.396,-3.895],[151.48,-3.24],[151.218,-3.24],[151.218,-2.978],[151.611,-3.24],[151.742,-3.24],[151.873,-3.371],[152.004,-3.371],[152.658,-3.895],[152.789,-3.895],[152.789,-4.025],[153.575,-4.68],[153.575,-4.811],[153.444,-4.942],[153.444,-5.204]]],[[[150.825,-3.109],[150.564,-3.109],[150.564,-2.978],[150.433,-2.978],[150.433,-2.847],[150.825,-2.847],[150.825,-3.109]]],[[[147.553,-2.324],[147.815,-2.455],[147.684,-2.455],[147.684,-2.585],[146.898,-2.585],[147.029,-2.585],[147.029,-2.455],[147.16,-2.455],[147.291,-2.324],[147.553,-2.324]]],[[[150.171,-1.931],[150.171,-2.062],[150.171,-1.931],[150.04,-2.062],[149.909,-1.931],[149.909,-1.8],[150.171,-1.8],[150.171,-1.931]]]]}},{"type":"Feature","properties":{"iso3":"POL","name":"Poland"},"geometry":{"type":"MultiPolygon","coordinates":[[[[20.047,53.967],[20.047,53.836],[23.451,53.836],[23.451,53.705],[23.844,53.705],[23.844,53.444],[23.975,53.444],[23.975,53.051],[24.236,52.658],[24.236,52.527],[24.367,52.527],[24.367,52.135],[23.844,52.004],[23.582,51.742],[23.713,51.611],[23.975,51.611],[24.105,51.48],[23.975,51.349],[24.105,51.218],[23.975,51.218],[23.975,50.956],[24.105,50.956],[24.105,50.695],[24.498,50.302],[24.367,50.302],[24.367,50.171],[24.498,50.171],[24.498,49.909],[24.367,49.909],[23.975,49.647],[23.844,49.647],[23.451,49.385],[23.189,48.993],[23.058,48.993],[23.189,48.862],[23.189,48.6],[23.32,48.469],[22.927,48.469],[22.665,48.6],[22.404,48.6],[22.404,48.731],[22.273,48.731],[22.142,48.862],[21.487,48.862],[21.487,48.731],[21.225,48.731],[21.095,48.862],[20.702,48.862],[20.702,48.731],[20.571,48.731],[20.44,48.6],[20.178,48.6],[20.178,48.862],[20.047,48.862],[19.916,48.993],[19.655,48.993],[19.524,48.862],[19.393,48.862],[19.393,48.993],[19.262,48.993],[19.0,49.255],[19.0,49.385],[18.476,49.385],[18.476,49.516],[18.345,49.385],[18.215,49.385],[18.215,49.516],[18.084,49.516],[18.084,49.647],[17.953,49.647],[18.215,49.647],[18.084,49.778],[17.953,49.647],[17.822,49.647],[17.429,49.909],[17.298,49.909],[17.298,49.778],[17.429,49.647],[17.167,49.647],[17.167,49.516],[17.036,49.516],[16.775,49.778],[16.644,49.778],[16.644,49.909],[16.775,49.909],[16.775,50.04],[16.905,50.04],[16.382,50.04],[16.382,50.171],[16.12,50.171],[15.858,50.302],[15.727,50.302],[15.727,50.433],[15.465,50.433],[15.465,50.302],[15.204,50.302],[15.465,50.695],[15.335,50.825],[15.335,50.956],[15.073,50.956],[15.204,51.087],[15.073,51.087],[15.073,51.349],[15.204,51.48],[15.073,51.611],[15.073,51.742],[14.942,51.742],[14.942,51.873],[15.073,52.004],[14.942,52.135],[14.68,52.265],[14.549,52.265],[14.549,52.396],[14.68,52.396],[14.68,52.527],[14.811,52.527],[14.811,52.789],[14.68,53.051],[14.68,53.182],[14.942,53.051],[15.073,53.051],[14.942,53.182],[14.942,53.313],[14.68,53.313],[14.68,53.444],[14.68,53.313],[14.811,53.313],[15.727,53.575],[16.644,53.705],[16.644,53.836],[16.775,53.836],[17.691,54.229],[19.0,54.229],[19.131,54.098],[19.262,54.098],[19.131,54.098],[18.869,54.229],[19.131,53.836],[20.047,53.836],[20.047,53.967]]]]}},{"type":"Feature","properties":{"iso3":"PRI","name":"Puerto Rico"},"geometry":{"type":"MultiPolygon","coordinates":[[[[-67.269,17.444],[-67.4,17.444],[-67.4,17.575],[-67.269,17.575],[-67.269,17.444]]],[[[-64.913,17.575],[-65.044,17.575],[-64.782,17.575],[-64.913,17.575]]],[[[-65.567,17.836],[-65.567,17.967],[-65.305,17.836],[-65.044,17.836],[-65.044,17.705],[-65.305,17.444],[-66.615,17.444],[-66.615,17.705],[-66.745,17.705],[-66.745,17.836],[-66.615,17.836],[-66.615,17.967],[-65.567,17.967],[-65.567,17.836]]]]}},{"type":"Feature","properties":{"iso3":"PRK","name":"Korea, North"},"geometry":{"type":"MultiPolygon","coordinates":[[[[130.404,42.447],[130.535,42.447],[130.535,42.316],[130.665,42.316],[130.665,42.185],[130.796,42.055],[130.927,42.055],[130.927,41.924],[131.058,41.924],[131.058,41.662],[131.058,41.793],[130.927,41.793],[130.796,41.662],[130.665,41.662],[130.665,41.531],[130.535,41.531],[130.142,41.138],[130.142,40.353],[129.749,40.222],[129.356,39.829],[129.225,39.829],[128.964,39.567],[128.833,39.567],[128.702,39.436],[128.44,39.436],[128.047,39.175],[127.916,39.175],[127.916,38.782],[127.785,38.782],[127.785,38.651],[128.047,38.651],[128.702,38.127],[128.833,38.127],[128.702,37.996],[128.702,37.865],[128.571,37.865],[128.571,37.735],[127.393,37.735],[127.393,37.604],[127.262,37.604],[127.131,37.473],[127.131,37.211],[127.0,37.211],[126.738,37.342],[126.607,37.211],[126.215,37.473],[125.953,37.211],[125.822,37.211],[125.691,37.342],[125.429,37.342],[125.56,37.473],[125.691,37.473],[125.429,37.473],[125.298,37.604],[125.167,37.604],[125.429,37.865],[125.429,37.996],[125.691,38.127],[125.953,38.127],[125.691,38.127],[125.56,38.258],[125.822,38.782],[125.822,38.913],[125.298,39.175],[125.167,39.175],[125.167,39.044],[125.036,39.044],[125.036,39.175],[124.775,39.305],[124.775,39.567],[124.905,39.567],[125.167,39.698],[125.167,39.829],[125.298,39.96],[125.56,39.96],[125.56,40.091],[125.822,40.091],[126.215,40.353],[126.476,40.353],[126.476,40.484],[126.607,40.484],[127.0,40.876],[127.0,41.138],[127.262,41.138],[127.393,41.269],[127.393,41.138],[127.524,41.138],[127.524,41.007],[127.655,41.007],[127.785,40.876],[128.571,40.876],[128.702,41.007],[128.702,41.138],[128.571,41.138],[128.571,41.269],[128.44,41.269],[128.44,41.4],[128.571,41.4],[128.702,41.531],[128.833,41.4],[129.095,41.4],[129.225,41.531],[129.487,41.531],[129.618,41.662],[129.618,41.793],[129.749,41.793],[129.749,41.924],[129.88,41.924],[129.88,41.793],[130.011,41.793],[130.011,41.924],[130.142,41.924],[130.142,42.185],[130.273,42.316],[130.273,42.447],[130.404,42.447]]]]}},{"type":"Feature","properties":{"iso3":"PRT","name":"Portugal"},"geometry":{"type":"MultiPolygon","coordinates":[[[[-16.607,32.367],[-16.476,32.236],[-16.084,32.236],[-16.215,32.105],[-16.607,32.105],[-16.607,32.236],[-16.738,32.236],[-16.607,32.367]]],[[[-25.116,37.342],[-24.593,37.342],[-24.593,37.211],[-25.247,37.211],[-25.247,37.342],[-25.116,37.342]]],[[[-27.604,37.865],[-27.473,37.865],[-27.996,37.865],[-27.996,37.996],[-27.865,37.996],[-27.604,37.865]]],[[[-28.127,37.996],[-28.258,37.996],[-28.127,38.127],[-28.127,37.996],[-27.996,37.996],[-28.127,37.996]]],[[[-27.211,37.996],[-27.473,38.127],[-27.735,38.127],[-27.342,38.127],[-27.211,37.996]]],[[[-26.556,38.127],[-26.818,38.127],[-26.818,38.258],[-26.556,38.258],[-26.425,38.127],[-26.556,38.127]]],[[[-30.615,38.913],[-30.615,38.782],[-30.745,38.782],[-30.745,38.913],[-30.615,38.913]]],[[[-7.575,41.269],[-6.658,41.269],[-6.658,41.4],[-6.004,41.4],[-6.004,41.138],[-5.742,41.138],[-5.742,41.007],[-5.611,41.007],[-5.742,41.007],[-5.742,40.876],[-5.873,40.876],[-6.135,40.615],[-6.265,40.615],[-6.265,40.484],[-6.396,40.484],[-6.265,40.353],[-6.265,39.698],[-6.396,39.698],[-6.527,39.567],[-6.396,39.436],[-6.396,39.305],[-6.527,39.175],[-6.92,39.175],[-6.92,39.044],[-6.789,38.913],[-6.789,38.782],[-6.658,38.52],[-6.396,38.52],[-6.396,38.389],[-6.527,38.389],[-6.527,38.258],[-6.658,38.258],[-6.789,38.127],[-6.789,37.865],[-6.527,37.604],[-6.396,37.604],[-6.789,37.342],[-6.789,37.211],[-6.92,37.211],[-6.92,36.818],[-6.789,36.687],[-6.92,36.556],[-7.313,36.425],[-7.444,36.425],[-7.575,36.556],[-8.229,36.556],[-8.36,36.425],[-8.491,36.425],[-8.229,36.818],[-8.229,37.342],[-8.36,37.342],[-8.229,37.604],[-8.229,37.735],[-8.36,37.865],[-8.098,37.865],[-8.229,37.865],[-8.229,37.996],[-8.36,37.996],[-8.491,37.865],[-8.622,37.865],[-8.622,37.996],[-8.753,38.127],[-8.491,38.127],[-8.36,38.258],[-8.491,38.389],[-8.36,38.389],[-8.229,38.52],[-8.36,38.52],[-8.622,38.127],[-8.884,38.127],[-8.884,38.52],[-8.753,38.651],[-8.753,38.782],[-8.884,38.782],[-8.753,38.782],[-8.753,38.913],[-8.229,39.567],[-8.36,39.567],[-8.36,39.698],[-8.229,40.091],[-8.098,40.222],[-8.098,40.615],[-8.229,40.745],[-8.229,41.138],[-8.36,41.269],[-8.229,41.4],[-8.098,41.4],[-8.098,41.531],[-7.575,41.531],[-7.575,41.4],[-7.705,41.4],[-7.575,41.269]]]]}},{"type":"Feature","properties":{"iso3":"PRY","name":"Paraguay"},"geometry":{"type":"MultiPolygon","coordinates":[[[[-57.582,-20.651],[-57.582,-20.782],[-57.451,-20.782],[-57.451,-21.044],[-57.32,-21.175],[-57.32,-21.829],[-57.451,-21.96],[-57.32,-21.96],[-57.32,-22.222],[-57.451,-22.222],[-57.32,-22.353],[-57.451,-22.353],[-57.451,-22.484],[-57.32,-22.615],[-57.189,-22.484],[-57.058,-22.615],[-56.535,-22.615],[-56.404,-22.745],[-56.273,-22.745],[-56.142,-22.615],[-56.011,-22.615],[-56.011,-22.484],[-55.88,-22.484],[-55.749,-22.615],[-55.749,-22.745],[-55.225,-22.745],[-55.225,-22.876],[-55.095,-23.007],[-55.095,-23.531],[-54.964,-23.531],[-54.964,-24.055],[-54.833,-24.185],[-54.833,-24.447],[-54.44,-24.447],[-54.047,-24.185],[-53.785,-24.447],[-53.655,-24.447],[-53.785,-24.578],[-53.785,-24.971],[-53.916,-25.233],[-53.916,-25.625],[-54.047,-25.887],[-54.047,-26.411],[-54.178,-26.673],[-54.178,-26.935],[-54.309,-27.065],[-54.44,-27.065],[-54.44,-27.196],[-54.571,-27.327],[-54.702,-27.327],[-54.964,-27.589],[-55.095,-27.589],[-55.095,-27.851],[-55.356,-27.851],[-55.356,-27.72],[-55.618,-27.72],[-55.749,-27.851],[-55.749,-27.982],[-55.88,-27.982],[-56.011,-27.851],[-56.142,-27.982],[-56.273,-27.851],[-56.796,-27.851],[-57.32,-27.72],[-58.105,-27.72],[-58.105,-27.589],[-57.844,-27.327],[-57.713,-27.327],[-57.844,-27.196],[-57.713,-27.196],[-57.713,-27.065],[-57.582,-27.065],[-57.713,-26.935],[-57.582,-26.804],[-57.582,-26.542],[-57.451,-26.542],[-57.32,-26.411],[-57.32,-26.28],[-57.058,-26.018],[-57.058,-25.756],[-57.32,-25.625],[-57.582,-25.364],[-57.844,-25.364],[-57.975,-25.233],[-58.105,-25.233],[-59.545,-24.447],[-59.938,-24.447],[-60.331,-24.316],[-60.593,-24.055],[-60.593,-23.924],[-60.855,-23.924],[-61.116,-23.662],[-61.247,-23.662],[-61.378,-23.531],[-61.64,-23.007],[-62.033,-22.745],[-62.033,-22.353],[-61.771,-21.829],[-61.771,-21.044],[-61.509,-20.782],[-61.509,-20.651],[-61.247,-20.258],[-61.247,-20.127],[-60.985,-19.996],[-60.593,-19.996],[-60.331,-19.865],[-59.938,-19.865],[-59.415,-19.735],[-58.498,-19.735],[-58.236,-19.865],[-57.975,-20.127],[-57.582,-20.258],[-57.582,-20.651]]]]}},{"type":"Feature","properties":{"iso3":"PYF","name":"French Polynesia"},"geometry":{"type":"MultiPolygon","coordinates":[[[[-140.316,-18.556],[-140.316,-18.687],[-140.316,-18.556],[-140.447,-18.556],[-140.447,-18.425],[-140.316,-18.556]]],[[[-140.316,-18.295],[-140.185,-18.295],[-140.316,-18.295],[-140.316,-18.164],[-140.185,-18.164],[-140.055,-18.033],[-140.055,-18.164],[-140.185,-18.164],[-140.316,-18.295]]],[[[-148.825,-18.164],[-148.564,-18.164],[-148.564,-18.295],[-148.695,-18.295],[-148.825,-18.164],[-149.087,-18.164],[-149.087,-17.902],[-148.825,-17.902],[-148.825,-18.164]]],[[[-149.218,-18.033],[-149.349,-18.033],[-149.349,-17.902],[-149.218,-17.902],[-149.218,-18.033]]],[[[-150.789,-17.247],[-150.92,-17.247],[-150.92,-17.116],[-150.92,-17.247],[-150.789,-17.247]]],[[[-142.935,-16.985],[-142.804,-17.116],[-142.935,-17.116],[-142.935,-16.985]]],[[[-143.065,-17.116],[-143.196,-16.985],[-143.065,-16.985],[-143.065,-17.116]]],[[[-144.898,-16.724],[-145.029,-16.724],[-145.029,-16.462],[-145.029,-16.593],[-144.898,-16.724]]],[[[-142.018,-16.462],[-142.018,-16.593],[-141.887,-16.462],[-142.018,-16.462]]],[[[-138.484,-10.309],[-138.615,-10.44],[-138.615,-10.309],[-138.484,-10.309]]],[[[-138.484,-10.178],[-138.222,-10.178],[-138.353,-10.178],[-138.484,-10.309],[-138.615,-10.309],[-138.615,-10.178],[-138.484,-10.178]]],[[[-139.007,-9.393],[-139.138,-9.262],[-139.007,-9.262],[-139.007,-9.393]]],[[[-139.531,-9.393],[-139.662,-9.393],[-139.662,-9.262],[-139.531,-9.262],[-139.531,-9.393]]]]}},{"type":"Feature","properties":{"iso3":"QAT","name":"Qatar"},"geometry":{"type":"MultiPolygon","coordinates":[[[[51.727,23.989],[51.335,23.989],[51.335,24.12],[51.204,24.251],[51.335,24.382],[51.204,24.644],[51.204,24.905],[51.335,25.036],[51.335,25.167],[51.465,25.429],[51.596,25.56],[51.727,25.56],[51.989,25.298],[51.989,25.167],[51.858,24.905],[51.989,24.905],[51.989,24.382],[51.727,23.989]]]]}},{"type":"Feature","properties":{"iso3":"ROU","name":"Romania"},"geometry":{"type":"MultiPolygon","coordinates":[[[[28.687,44.935],[28.687,44.804],[28.818,44.673],[29.211,44.673],[29.211,44.804],[29.342,44.673],[29.473,44.804],[30.127,44.804],[30.127,44.542],[29.996,44.411],[29.996,44.28],[29.473,44.149],[29.473,44.411],[29.342,44.411],[29.342,44.149],[29.211,44.149],[29.211,44.018],[29.342,44.018],[29.342,43.887],[29.08,43.756],[29.08,43.233],[28.425,43.233],[28.425,43.364],[28.295,43.495],[28.164,43.364],[28.033,43.495],[27.509,43.625],[26.593,43.495],[26.331,43.364],[26.069,43.102],[25.545,43.102],[25.284,43.233],[23.975,43.233],[23.713,43.364],[23.32,43.233],[23.32,43.495],[23.451,43.495],[23.058,43.756],[22.927,43.756],[22.927,44.018],[23.189,44.018],[23.058,44.149],[22.796,44.149],[22.665,44.018],[22.404,44.018],[22.273,44.149],[22.011,44.149],[22.011,44.28],[21.749,44.28],[22.011,44.28],[22.011,44.411],[21.749,44.411],[21.88,44.411],[21.88,44.673],[21.487,44.673],[21.487,44.804],[21.356,44.804],[21.356,44.935],[21.225,44.935],[21.225,45.196],[21.095,45.196],[20.964,45.327],[20.833,45.327],[20.833,45.458],[20.702,45.458],[20.702,45.589],[21.095,45.589],[21.225,45.72],[21.618,45.72],[21.618,45.851],[21.749,45.851],[21.618,45.982],[21.749,45.982],[21.749,46.113],[21.88,46.113],[21.88,46.244],[22.011,46.375],[22.142,46.375],[22.142,46.505],[22.273,46.636],[22.273,46.767],[22.404,46.767],[22.404,47.029],[22.665,47.029],[22.665,47.16],[23.058,47.16],[23.058,47.291],[23.32,47.422],[23.451,47.422],[23.451,47.553],[23.582,47.553],[23.844,47.422],[24.498,47.422],[24.629,47.291],[24.76,47.291],[24.76,47.422],[25.022,47.422],[25.022,47.291],[25.284,47.16],[25.545,47.16],[25.545,47.291],[25.938,47.291],[26.069,47.422],[26.593,47.422],[26.724,47.553],[26.724,47.684],[27.378,47.684],[27.378,47.553],[27.509,47.553],[27.64,47.422],[27.64,47.16],[27.771,47.029],[27.902,47.029],[27.902,46.898],[28.033,46.767],[28.164,46.767],[28.164,46.636],[28.295,46.505],[28.425,46.505],[28.556,46.375],[28.556,46.244],[28.687,46.113],[28.687,45.851],[28.556,45.589],[28.556,44.935],[28.687,44.935]]]]}},{"type":"Feature","properties":{"iso3":"RUS","name":"Russia"},"geometry":{"type":"MultiPolygon","coordinates":[[[[147.16,43.233],[147.16,43.102],[147.029,43.233],[147.291,43.364],[147.291,43.233],[147.16,43.233]]],[[[146.636,43.887],[147.029,43.887],[146.898,43.756],[146.636,43.756],[146.244,43.364],[145.982,43.233],[145.982,43.102],[145.851,43.233],[145.851,43.364],[146.113,43.495],[146.505,43.887],[146.636,43.887]]],[[[148.993,44.804],[148.862,44.673],[148.731,44.673],[148.469,44.542],[148.338,44.411],[148.076,44.411],[148.076,44.28],[147.945,44.28],[147.684,44.149],[147.684,44.018],[147.553,44.018],[147.291,43.887],[147.945,44.542],[148.076,44.542],[148.207,44.673],[148.338,44.673],[148.338,44.804],[148.469,44.673],[148.731,44.673],[148.993,44.935],[149.255,44.935],[149.255,44.804],[148.993,44.804]]],[[[150.171,45.065],[149.909,45.065],[150.04,45.327],[150.171,45.327],[150.695,45.589],[150.825,45.72],[150.956,45.589],[150.564,45.327],[150.433,45.327],[150.171,45.065]]],[[[152.396,46.375],[152.265,46.244],[152.135,46.244],[152.658,46.636],[152.396,46.375]]],[[[153.575,47.16],[153.444,47.16],[153.444,47.291],[153.575,47.16]]],[[[154.491,48.207],[154.36,48.207],[154.491,48.338],[154.622,48.338],[154.491,48.207]]],[[[155.276,48.731],[155.015,48.731],[155.015,48.862],[155.276,49.124],[155.276,48.731]]],[[[156.324,49.778],[156.193,49.647],[155.931,49.647],[155.931,49.516],[155.669,49.516],[155.669,49.778],[156.193,49.909],[156.324,50.171],[156.585,50.171],[156.585,50.04],[156.324,49.778]]],[[[156.847,50.04],[156.716,50.04],[156.585,50.171],[156.847,50.302],[156.978,50.302],[156.847,50.171],[156.847,50.04]]],[[[156.062,50.302],[155.931,50.302],[155.931,50.433],[156.062,50.302]]],[[[143.233,53.836],[143.364,53.575],[143.364,53.182],[143.625,52.789],[143.625,52.658],[143.756,52.527],[143.756,52.004],[143.625,51.873],[143.625,51.349],[143.887,50.956],[143.887,50.695],[144.018,50.695],[144.149,49.909],[144.28,49.778],[144.542,49.124],[144.673,48.993],[144.673,48.731],[144.804,48.6],[144.804,48.469],[145.196,48.207],[145.196,48.076],[145.065,48.076],[145.065,48.207],[144.411,48.731],[143.625,48.731],[143.364,48.338],[143.102,47.684],[142.971,47.553],[142.971,47.16],[143.495,46.636],[143.495,46.505],[143.625,46.244],[143.887,46.244],[144.018,45.982],[144.018,45.851],[143.887,45.72],[143.887,45.458],[143.887,45.72],[143.756,45.851],[143.756,45.982],[143.495,45.982],[143.233,46.113],[142.84,46.113],[142.84,45.851],[142.709,45.851],[142.578,45.589],[142.578,45.458],[142.447,45.327],[142.447,45.458],[142.316,45.589],[142.316,46.113],[142.447,46.505],[142.447,47.291],[142.578,47.291],[142.578,47.684],[142.316,48.076],[142.316,48.207],[142.447,48.469],[142.447,48.731],[142.578,48.862],[142.578,49.778],[142.447,49.909],[142.447,50.04],[142.578,50.171],[142.578,50.825],[142.316,51.087],[142.185,51.087],[142.185,51.349],[142.055,51.349],[142.055,51.742],[142.185,51.873],[142.185,52.004],[142.316,52.265],[142.316,52.527],[142.185,52.789],[142.316,52.789],[142.447,52.92],[142.578,52.92],[142.709,52.789],[142.84,52.789],[143.102,53.182],[143.102,53.444],[142.709,53.705],[143.102,53.705],[143.102,53.836],[143.233,53.836]]],[[[168.4,53.967],[168.073,54.098],[167.745,54.36],[168.073,54.36],[168.073,54.229],[168.073,54.229],[168.4,54.098],[168.4,53.967]]],[[[137.604,54.491],[137.473,54.36],[137.08,54.36],[137.211,54.491],[137.604,54.491]]],[[[138.389,54.491],[138.651,54.491],[138.52,54.491],[138.389,54.36],[138.389,54.229],[138.258,54.229],[138.258,54.098],[138.127,54.098],[137.865,54.36],[137.735,54.229],[137.604,54.229],[137.996,54.622],[138.389,54.491]]],[[[21.095,54.36],[21.618,54.36],[21.618,54.753],[21.88,54.753],[21.88,54.622],[22.142,54.622],[22.273,54.491],[23.058,54.491],[23.058,54.36],[23.189,54.36],[23.32,54.229],[23.058,53.967],[23.189,53.836],[20.047,53.836],[20.047,53.967],[20.178,53.967],[20.309,54.098],[20.309,54.229],[20.44,54.229],[20.44,54.36],[20.833,54.36],[20.964,54.491],[21.095,54.491],[21.356,54.753],[20.964,54.491],[21.095,54.36]]],[[[167.091,54.229],[167.091,54.098],[167.091,54.229],[166.764,54.229],[166.764,54.36],[166.764,54.36],[166.436,54.491],[166.436,54.622],[166.436,54.622],[166.109,54.753],[166.764,54.753],[166.764,54.622],[166.764,54.491],[167.091,54.36],[167.091,54.36],[167.091,54.229]]],[[[150.956,58.418],[150.956,58.549],[151.218,58.549],[150.956,58.418]]],[[[164.145,58.025],[163.818,57.895],[163.818,58.025],[164.145,58.025],[164.145,58.287],[164.145,58.418],[165.127,58.68],[165.127,58.549],[165.127,58.287],[164.8,58.287],[164.145,58.025]]],[[[36.28,64.571],[36.28,64.44],[36.018,64.44],[36.018,64.571],[36.149,64.702],[36.28,64.571]]],[[[70.447,66.011],[70.316,65.88],[69.924,66.142],[70.447,66.142],[70.447,66.011],[70.578,66.011],[70.447,66.011]]],[[[43.087,66.142],[42.956,66.142],[42.825,66.273],[43.087,66.273],[43.087,66.142]]],[[[-169.409,65.674],[-169.116,65.487],[-169.378,65.487],[-169.409,65.54],[-169.409,65.674]]],[[[190.655,65.543],[190.0,65.356],[190.0,65.095],[189.345,65.095],[189.345,65.225],[189.018,65.225],[189.018,65.225],[189.345,65.095],[189.345,65.095],[189.345,64.964],[188.036,64.964],[188.036,65.095],[187.709,65.095],[188.036,65.095],[188.036,64.964],[188.036,64.964],[188.036,64.833],[188.036,64.833],[188.036,64.964],[188.364,64.833],[188.036,64.702],[187.709,64.702],[188.036,64.702],[188.364,64.571],[188.364,64.44],[188.036,64.44],[188.036,64.309],[187.382,64.309],[187.382,64.309],[187.709,64.178],[187.382,64.178],[187.382,64.047],[188.036,64.047],[188.036,63.916],[187.709,63.785],[187.709,63.916],[187.382,63.916],[187.382,63.785],[187.055,63.785],[187.055,64.047],[187.055,63.916],[187.055,63.916],[186.727,63.785],[186.727,63.785],[186.727,63.916],[186.4,63.916],[186.073,64.178],[185.745,64.178],[185.418,64.309],[185.418,64.309],[185.091,64.178],[185.091,64.309],[184.764,64.309],[184.764,64.44],[184.764,64.44],[184.764,64.702],[184.436,64.964],[183.782,64.964],[183.455,65.095],[183.455,65.095],[182.8,64.964],[182.145,64.964],[181.818,65.095],[182.145,65.095],[182.145,65.225],[181.818,65.225],[181.491,65.487],[181.818,65.487],[181.818,65.618],[181.818,65.618],[181.818,65.88],[181.818,65.749],[181.818,65.618],[181.491,65.618],[181.491,65.88],[181.164,65.749],[181.164,65.749],[181.164,65.618],[180.836,65.618],[180.836,65.487],[180.836,65.225],[180.836,65.225],[180.836,65.095],[181.164,65.095],[181.164,64.964],[180.836,64.571],[180.509,64.571],[180.509,68.367],[180.836,68.367],[180.836,68.367],[180.836,68.367],[181.164,68.236],[181.491,68.236],[181.818,67.975],[181.818,68.105],[181.818,68.105],[181.818,67.975],[182.145,67.975],[182.473,67.844],[182.473,67.713],[182.473,67.713],[182.8,67.844],[182.145,67.975],[182.8,67.844],[182.8,67.713],[182.8,67.713],[183.127,67.713],[183.455,67.582],[183.455,67.582],[185.091,67.058],[185.091,66.927],[185.418,66.927],[185.091,66.796],[185.418,66.796],[185.418,66.927],[185.418,66.796],[185.418,66.404],[185.745,66.404],[185.745,66.273],[185.418,66.142],[185.418,66.011],[186.073,66.011],[186.073,65.88],[186.073,65.88],[186.073,65.749],[186.073,65.88],[186.4,65.88],[186.4,65.618],[186.4,65.618],[186.4,65.749],[186.727,65.749],[186.727,65.88],[186.727,65.88],[186.727,66.011],[186.073,66.011],[186.4,66.273],[186.073,66.535],[186.073,66.535],[187.382,66.535],[187.055,66.404],[187.055,66.273],[187.382,66.273],[187.382,66.404],[188.036,66.404],[187.382,66.535],[187.709,66.535],[188.036,66.404],[188.691,66.404],[190.0,65.749],[190.327,65.749],[190.327,65.618],[190.655,65.677],[190.655,65.543]]],[[[50.68,68.629],[50.68,68.498],[50.549,68.498],[50.549,68.629],[50.287,68.498],[50.287,68.367],[50.025,68.367],[49.633,68.236],[48.847,68.236],[48.716,68.367],[48.716,68.76],[48.847,68.76],[49.109,68.891],[49.633,68.891],[50.549,68.76],[50.68,68.629]]],[[[67.829,69.022],[67.698,68.891],[67.436,68.891],[67.698,69.022],[67.829,69.022]]],[[[161.855,68.367],[161.855,68.367],[161.855,68.498],[161.527,68.498],[161.527,68.891],[161.855,69.022],[162.182,69.022],[162.182,68.891],[161.855,68.891],[161.855,68.498],[161.855,68.498],[161.855,68.367]]],[[[169.709,69.022],[169.382,69.022],[168.4,69.284],[168.4,69.415],[169.709,69.284],[169.709,69.153],[169.709,69.153],[169.709,69.022]]],[[[60.891,69.415],[60.891,69.153],[59.975,69.153],[59.975,69.284],[59.713,69.284],[59.582,69.415],[59.451,69.415],[59.451,69.284],[59.32,69.284],[58.927,69.676],[58.927,69.807],[59.058,69.807],[59.189,69.938],[59.451,69.938],[60.629,69.415],[60.891,69.415]]],[[[67.044,69.938],[66.913,69.938],[66.913,70.069],[66.782,70.069],[66.782,70.2],[66.913,70.2],[67.044,69.938]]],[[[161.2,70.331],[161.2,70.2],[160.873,70.2],[160.873,70.331],[161.2,70.331]]],[[[53.298,70.855],[53.691,70.593],[53.56,70.462],[53.429,70.462],[53.56,70.462],[53.429,70.462],[53.298,70.593],[53.167,70.593],[53.036,70.724],[52.644,70.724],[52.775,70.855],[53.298,70.855]]],[[[179.2,70.331],[179.2,70.462],[179.2,70.593],[179.2,70.593],[179.527,70.724],[179.527,70.724],[180.182,70.855],[180.182,70.985],[180.509,70.985],[180.509,70.462],[180.182,70.462],[180.182,70.331],[179.2,70.331]]],[[[138.389,70.985],[138.127,70.855],[137.996,70.855],[137.865,70.985],[137.735,70.855],[137.473,70.985],[138.389,70.985]]],[[[181.491,70.985],[182.145,70.985],[182.145,70.855],[182.473,70.855],[182.8,70.724],[182.8,70.724],[182.8,70.593],[182.8,70.462],[181.818,70.462],[181.491,70.331],[180.836,70.331],[180.836,70.462],[180.509,70.462],[180.509,70.985],[181.491,70.985]]],[[[78.04,71.771],[77.255,71.771],[77.385,71.771],[77.778,72.033],[78.695,72.033],[78.825,71.902],[78.564,71.902],[78.433,71.771],[78.04,71.771]]],[[[79.873,72.164],[79.349,72.164],[79.087,72.295],[79.611,72.556],[79.742,72.425],[80.004,72.425],[80.004,72.164],[79.873,72.164]]],[[[75.029,72.295],[74.505,72.425],[74.505,72.556],[75.422,72.556],[75.16,72.425],[75.029,72.425],[75.16,72.295],[75.029,72.295]]],[[[120.716,72.556],[120.455,72.425],[120.193,72.425],[120.062,72.556],[120.716,72.556]]],[[[55.785,72.687],[56.833,72.687],[56.833,72.556],[56.702,72.556],[56.571,72.425],[56.571,72.295],[56.309,72.295],[56.047,72.033],[55.785,72.033],[55.785,71.771],[55.916,71.64],[55.785,71.509],[55.785,71.378],[55.916,71.378],[55.916,71.247],[56.047,71.116],[56.833,70.593],[57.356,70.331],[58.011,70.2],[57.88,70.069],[57.095,70.069],[56.964,70.2],[56.702,70.2],[56.702,70.069],[56.964,70.069],[56.178,70.069],[56.178,70.2],[55.655,70.069],[55.262,70.069],[55.131,70.2],[55.0,70.2],[55.0,70.069],[55.0,70.2],[54.084,70.2],[53.822,70.331],[54.084,70.331],[53.953,70.462],[54.084,70.593],[54.345,70.462],[54.215,70.593],[54.607,70.593],[54.345,70.593],[53.953,70.724],[54.084,70.724],[53.822,70.724],[53.691,70.855],[53.822,70.985],[52.644,70.985],[52.382,70.855],[52.251,70.985],[51.989,70.985],[51.989,71.116],[51.858,71.247],[51.858,71.378],[52.251,71.64],[52.513,71.64],[52.644,71.509],[53.036,71.771],[53.167,71.771],[53.167,71.902],[53.298,72.033],[53.298,72.164],[52.905,72.164],[53.036,72.164],[53.036,72.295],[53.691,72.295],[53.822,72.425],[53.691,72.425],[53.56,72.556],[53.691,72.687],[54.738,72.687],[55.131,72.818],[55.524,72.818],[55.785,72.687]]],[[[71.102,72.556],[70.84,72.556],[70.709,72.425],[70.578,72.556],[70.447,72.425],[70.316,72.556],[70.447,72.556],[70.447,72.818],[70.578,72.949],[71.625,72.949],[72.018,72.687],[72.018,72.556],[71.102,72.556]]],[[[77.124,72.949],[77.124,72.818],[76.469,72.949],[77.124,72.949]]],[[[75.945,72.949],[75.815,72.818],[75.815,72.949],[76.338,73.08],[76.469,72.949],[75.945,72.949]]],[[[142.578,73.342],[142.84,73.342],[143.756,72.949],[143.887,72.949],[143.887,72.687],[142.578,72.687],[141.138,72.949],[140.876,72.818],[140.091,72.818],[140.353,72.949],[141.007,72.949],[141.269,73.211],[141.4,73.211],[141.531,73.342],[142.578,73.342]]],[[[124.905,73.342],[124.775,73.342],[125.036,73.342],[124.905,73.342]]],[[[83.931,73.473],[83.276,73.473],[83.276,73.604],[83.931,73.604],[84.062,73.473],[83.931,73.473]]],[[[83.145,73.473],[82.884,73.473],[82.753,73.604],[83.145,73.604],[83.145,73.473]]],[[[136.687,73.342],[136.425,73.342],[136.033,73.604],[135.771,73.604],[135.771,73.735],[136.425,73.473],[136.687,73.473],[136.687,73.342]]],[[[141.4,73.473],[140.876,73.342],[140.484,73.604],[140.615,73.735],[141.4,73.735],[141.531,73.604],[141.531,73.473],[141.4,73.473]]],[[[85.24,73.865],[84.847,73.865],[84.978,73.996],[85.24,73.996],[85.24,73.865]]],[[[113.778,73.865],[113.778,73.735],[113.647,73.735],[113.385,73.604],[112.338,73.604],[112.076,73.735],[111.945,73.735],[111.945,73.865],[112.469,73.865],[112.469,73.996],[113.778,73.865]]],[[[87.073,74.389],[87.596,74.389],[87.465,74.258],[86.811,74.258],[86.68,74.389],[87.073,74.389]]],[[[82.622,74.913],[82.622,74.782],[82.491,74.782],[82.36,74.651],[82.229,74.782],[81.967,74.782],[82.098,74.913],[82.622,74.913]]],[[[147.16,74.782],[147.422,74.782],[147.815,74.913],[148.862,74.913],[148.993,74.782],[148.862,74.782],[148.862,74.651],[150.695,74.651],[150.825,74.52],[151.087,74.52],[151.087,74.651],[151.218,74.651],[151.087,74.389],[150.956,74.389],[150.695,74.258],[148.338,74.258],[148.207,74.389],[147.553,74.389],[147.291,74.52],[146.636,74.651],[146.636,74.782],[146.898,75.044],[147.16,74.913],[147.16,74.782]]],[[[136.425,74.913],[136.164,74.782],[135.902,74.782],[135.902,74.913],[136.033,75.044],[136.033,75.175],[136.164,75.305],[136.556,75.044],[136.425,74.913]]],[[[153.313,75.567],[152.92,75.567],[153.051,75.567],[153.182,75.698],[153.313,75.567]]],[[[140.484,75.305],[140.745,75.305],[141.007,75.044],[141.269,75.044],[141.4,75.175],[141.4,75.436],[141.662,75.567],[142.185,75.567],[142.84,75.305],[144.149,75.305],[145.72,75.044],[145.72,74.913],[145.196,74.913],[145.196,74.782],[145.327,74.651],[144.804,74.52],[143.625,74.52],[143.364,74.651],[143.233,74.651],[143.102,74.782],[143.102,75.044],[143.364,75.044],[143.364,75.175],[142.709,75.175],[142.447,75.044],[142.578,74.913],[142.578,74.782],[142.709,74.782],[143.102,74.52],[143.364,74.52],[143.495,74.389],[143.233,74.258],[142.709,74.258],[142.578,74.389],[141.138,74.389],[140.876,74.258],[140.745,74.258],[140.484,74.389],[139.96,74.389],[139.96,74.258],[139.829,74.258],[139.698,74.127],[139.305,74.127],[138.389,74.258],[137.996,74.52],[137.604,74.52],[137.473,74.651],[137.342,74.651],[137.342,74.782],[137.735,74.782],[137.604,75.044],[137.735,75.175],[138.127,75.175],[137.996,75.305],[137.865,75.305],[137.996,75.436],[138.52,75.436],[138.52,75.567],[138.913,75.567],[139.175,75.698],[139.305,75.698],[139.436,75.567],[139.698,75.567],[139.96,75.436],[140.222,75.436],[140.484,75.305]]],[[[97.022,75.698],[96.76,75.698],[96.76,75.567],[96.236,75.567],[96.105,75.698],[95.713,75.698],[97.022,75.698]]],[[[97.284,75.698],[97.284,75.567],[97.153,75.698],[97.284,75.829],[97.415,75.829],[97.415,75.698],[97.284,75.698]]],[[[112.862,76.091],[112.993,75.96],[113.124,75.96],[112.993,75.96],[112.993,75.829],[112.862,75.96],[112.6,75.96],[112.469,76.091],[112.338,76.091],[112.862,76.091]]],[[[149.516,76.091],[148.862,76.091],[149.124,76.222],[149.778,76.222],[149.647,76.222],[149.647,76.091],[149.516,76.091]]],[[[68.222,75.698],[67.829,75.567],[67.305,75.567],[67.044,75.436],[65.604,75.305],[65.211,75.175],[64.033,75.175],[63.771,75.044],[62.462,74.913],[62.069,74.782],[61.676,74.782],[61.284,74.52],[60.891,74.52],[60.76,74.389],[60.629,74.389],[60.891,74.389],[60.891,74.258],[60.498,74.258],[60.367,74.127],[60.105,74.127],[60.236,74.127],[60.105,73.996],[59.582,74.127],[59.582,73.996],[59.451,73.865],[58.927,73.996],[58.927,73.865],[59.058,73.735],[58.927,73.604],[58.142,73.473],[58.273,73.342],[58.273,73.211],[57.88,73.211],[57.749,73.342],[57.749,73.211],[57.88,73.211],[58.011,73.08],[57.88,73.08],[57.095,72.687],[56.833,72.687],[56.702,72.818],[55.655,72.818],[55.393,72.949],[55.131,72.949],[55.0,72.818],[54.738,72.818],[54.607,72.949],[54.215,73.08],[54.215,73.211],[54.345,73.211],[54.607,73.342],[55.131,73.342],[55.131,73.473],[55.262,73.604],[55.393,73.604],[55.785,73.865],[56.44,73.865],[56.571,73.996],[56.047,73.996],[56.047,74.127],[56.702,74.389],[56.964,74.389],[56.833,74.389],[56.702,74.52],[56.44,74.389],[56.309,74.52],[56.178,74.52],[56.309,74.651],[56.702,74.651],[56.833,74.52],[56.964,74.52],[57.356,74.651],[57.225,74.782],[58.011,74.782],[58.142,74.913],[58.273,74.913],[58.796,75.175],[59.058,75.175],[59.32,75.305],[59.713,75.305],[60.236,75.436],[60.498,75.436],[60.498,75.567],[61.415,75.567],[61.415,75.698],[63.902,75.698],[65.08,75.829],[65.342,75.96],[66.127,75.96],[66.52,76.222],[66.782,76.222],[67.305,76.353],[67.698,76.353],[67.96,76.484],[68.484,76.484],[68.876,76.353],[69.138,76.353],[69.269,76.222],[69.4,76.222],[69.4,76.091],[69.269,76.091],[69.269,75.96],[69.007,75.829],[68.615,75.698],[68.222,75.698]]],[[[96.76,76.484],[95.713,76.484],[96.236,76.484],[96.891,76.615],[97.022,76.615],[96.891,76.484],[96.76,76.484]]],[[[89.953,76.615],[89.56,76.615],[89.691,76.745],[90.084,76.745],[89.953,76.615]]],[[[107.887,76.745],[107.756,76.745],[108.149,76.745],[107.887,76.745]]],[[[105.269,77.138],[105.4,77.007],[106.185,77.007],[106.316,76.876],[106.447,76.876],[106.185,76.745],[105.793,76.745],[105.4,76.615],[104.745,76.615],[104.615,76.484],[107.756,76.484],[107.887,76.353],[107.625,76.222],[107.364,76.222],[107.102,75.96],[106.971,76.091],[106.84,76.091],[106.84,75.96],[108.28,75.96],[108.411,76.091],[108.411,76.222],[109.851,76.222],[110.375,76.091],[110.898,76.222],[111.553,76.222],[111.815,76.091],[112.207,76.091],[112.338,75.96],[112.469,75.96],[112.469,75.829],[112.338,75.829],[112.993,75.829],[113.124,75.698],[113.124,75.567],[113.255,75.567],[113.124,75.567],[113.124,75.436],[113.255,75.567],[113.516,75.567],[113.516,75.698],[113.385,75.698],[113.647,75.698],[113.778,75.567],[113.909,75.567],[114.04,75.305],[114.302,75.305],[114.04,75.044],[113.909,75.044],[113.778,75.175],[112.862,75.305],[113.385,75.044],[113.647,75.044],[113.778,74.913],[114.171,74.913],[114.04,74.782],[112.338,74.127],[111.684,74.127],[110.636,73.865],[110.244,73.735],[110.375,73.735],[110.244,73.604],[109.982,73.473],[109.458,73.473],[108.673,73.08],[107.625,73.08],[107.233,72.818],[106.578,72.687],[105.531,72.164],[105.793,72.295],[106.185,72.295],[106.447,72.425],[106.578,72.425],[106.578,72.556],[108.149,72.556],[108.411,72.687],[108.673,72.687],[108.804,72.818],[109.589,72.818],[109.72,72.949],[110.244,72.949],[111.16,73.08],[111.291,73.211],[110.113,73.211],[110.505,73.473],[111.291,73.342],[111.422,73.342],[111.553,73.473],[111.945,73.473],[111.684,73.473],[111.684,73.342],[111.815,73.211],[113.255,73.211],[113.385,73.342],[113.255,73.342],[113.647,73.342],[113.778,73.211],[113.778,73.08],[113.647,72.949],[113.647,72.818],[113.909,72.818],[113.909,72.556],[113.647,72.295],[113.516,72.295],[113.647,72.164],[113.778,72.164],[114.04,72.033],[114.171,72.033],[114.04,72.164],[113.778,72.164],[113.647,72.295],[113.778,72.295],[113.778,72.425],[113.909,72.556],[114.04,72.556],[114.04,72.687],[114.171,72.818],[114.302,72.818],[113.909,72.818],[113.909,72.949],[114.302,72.949],[114.433,73.08],[115.218,73.08],[115.742,73.211],[116.92,73.08],[118.884,73.08],[119.407,72.949],[118.884,72.949],[118.753,72.818],[118.884,72.687],[119.407,72.556],[119.8,72.556],[120.193,72.425],[122.287,72.425],[122.418,72.295],[123.204,72.295],[123.204,72.425],[122.942,72.425],[123.727,72.425],[123.858,72.556],[123.989,72.556],[123.989,72.687],[123.858,72.818],[123.727,72.818],[123.727,72.949],[123.858,73.08],[124.382,73.08],[124.382,73.211],[125.167,73.211],[126.084,72.949],[126.738,72.949],[126.738,72.818],[127.262,72.818],[127.393,72.949],[128.44,72.949],[128.44,72.818],[128.702,72.818],[128.702,72.687],[129.356,72.687],[129.356,72.556],[129.487,72.556],[129.487,72.425],[129.225,72.425],[128.964,72.295],[129.487,72.295],[129.618,72.164],[129.487,72.164],[129.225,72.033],[128.833,72.033],[128.964,71.902],[129.749,71.902],[129.88,71.771],[129.88,71.64],[129.749,71.509],[129.356,71.509],[128.178,71.902],[128.44,71.64],[129.356,71.247],[129.487,71.247],[129.618,71.378],[129.487,71.378],[129.618,71.378],[129.749,71.247],[129.88,71.247],[129.618,71.247],[129.356,71.116],[129.225,71.116],[129.356,70.985],[129.618,70.985],[129.88,70.855],[130.142,70.593],[130.665,70.331],[131.058,70.331],[131.189,70.462],[131.32,70.331],[131.32,70.2],[131.713,70.2],[131.844,70.331],[131.975,70.331],[132.236,70.593],[132.367,70.593],[132.498,70.724],[132.367,70.724],[132.367,70.855],[133.022,71.378],[133.153,71.378],[133.153,71.247],[133.284,71.247],[133.545,70.985],[133.807,70.985],[134.069,70.855],[135.247,70.855],[135.509,70.985],[135.771,70.985],[136.033,71.116],[136.556,71.116],[136.818,70.985],[137.735,70.855],[138.127,70.593],[138.389,70.593],[138.258,70.724],[138.782,70.724],[138.52,70.855],[138.389,70.855],[138.52,70.985],[138.913,70.985],[139.044,71.116],[139.175,71.116],[139.698,70.855],[140.091,70.985],[140.353,70.985],[140.091,71.116],[140.091,71.378],[139.829,71.378],[140.091,71.378],[140.222,71.64],[140.615,71.64],[139.567,71.64],[139.567,71.771],[139.96,71.902],[141.138,71.902],[141.531,72.033],[141.4,72.033],[141.4,72.164],[141.138,72.295],[141.924,72.295],[142.447,72.164],[144.149,72.164],[144.673,72.033],[145.851,72.033],[146.113,71.902],[146.636,71.902],[146.636,71.771],[145.589,71.771],[145.327,71.902],[145.196,71.771],[144.804,71.771],[144.542,71.64],[145.458,71.64],[147.291,71.771],[147.291,71.64],[147.029,71.509],[146.767,71.509],[146.505,71.378],[146.375,71.378],[146.636,71.64],[146.113,71.64],[146.113,71.509],[146.244,71.509],[146.244,71.378],[145.458,71.378],[145.458,71.116],[146.505,71.247],[147.553,71.771],[148.862,71.771],[149.385,71.64],[149.909,71.64],[150.433,71.378],[150.302,71.247],[149.385,71.247],[149.385,71.116],[149.909,71.116],[150.302,70.985],[151.087,70.985],[151.087,70.855],[150.956,70.855],[150.825,70.724],[150.564,70.724],[151.218,70.855],[151.611,70.855],[152.135,70.724],[152.527,70.462],[152.135,70.462],[152.92,70.331],[154.229,70.331],[154.884,70.462],[156.062,70.462],[156.324,70.593],[157.109,70.593],[157.927,70.462],[158.582,70.462],[159.891,70.2],[160.218,70.069],[160.545,69.938],[160.545,69.676],[160.218,69.284],[160.218,69.284],[160.545,69.153],[161.2,69.153],[161.527,68.76],[161.527,68.498],[161.527,68.498],[161.855,68.367],[161.855,68.367],[161.527,68.105],[161.527,68.105],[161.2,67.975],[161.527,67.975],[161.855,68.236],[161.855,68.236],[161.855,68.76],[162.509,69.022],[162.509,69.022],[162.836,69.153],[164.473,69.153],[165.127,69.022],[166.436,69.022],[167.091,68.891],[167.418,68.891],[167.418,69.022],[168.4,69.153],[168.4,69.022],[168.727,69.022],[168.727,68.891],[169.055,68.629],[169.382,68.629],[170.036,68.236],[171.018,68.236],[171.345,68.498],[171.345,68.629],[171.018,69.022],[170.691,69.022],[170.691,69.153],[170.691,69.153],[171.018,69.284],[171.018,69.415],[171.018,69.545],[171.673,69.545],[172.327,69.415],[173.309,69.415],[173.636,69.284],[173.636,69.284],[173.636,69.415],[173.964,69.415],[174.291,69.284],[176.582,69.284],[176.909,69.153],[177.564,69.153],[178.218,68.891],[179.2,68.891],[179.527,68.76],[179.855,68.76],[180.182,68.498],[180.509,68.367],[180.509,64.571],[180.182,64.44],[179.527,64.178],[179.2,64.047],[178.873,64.047],[178.873,64.178],[178.218,64.178],[177.891,64.44],[177.236,64.571],[176.909,64.44],[176.909,64.571],[176.909,64.44],[177.564,64.44],[177.564,64.309],[177.564,64.309],[177.564,64.178],[177.236,64.309],[176.909,64.309],[176.582,64.44],[175.927,64.178],[174.945,64.178],[176.255,64.178],[176.255,64.309],[176.582,64.309],[176.909,64.178],[176.909,64.047],[176.582,64.047],[176.909,64.178],[177.236,64.047],[177.236,64.047],[177.564,64.178],[177.891,64.178],[177.891,64.047],[178.218,63.785],[178.218,63.655],[178.545,63.655],[178.545,63.785],[178.873,63.785],[178.873,63.655],[178.873,63.393],[179.2,63.393],[179.2,63.131],[178.873,63.0],[179.2,63.0],[179.2,62.869],[179.2,62.869],[179.2,63.0],[179.527,62.869],[179.527,62.738],[179.527,62.738],[179.855,62.607],[179.855,62.476],[179.527,62.476],[180.182,62.215],[180.182,62.084],[179.855,62.084],[179.855,61.953],[179.527,61.953],[179.527,61.822],[179.527,61.822],[178.545,61.953],[178.218,62.084],[177.564,62.084],[177.891,62.084],[177.891,62.215],[177.564,62.215],[177.564,62.084],[177.564,62.084],[177.564,61.953],[177.236,61.953],[176.909,61.822],[176.255,61.691],[175.927,61.56],[175.6,61.56],[175.6,61.429],[175.273,61.429],[174.945,61.298],[174.618,61.298],[174.291,61.167],[173.964,61.167],[173.636,60.905],[173.309,60.905],[173.309,60.775],[173.309,60.775],[172.982,60.775],[172.982,60.644],[172.982,60.644],[172.982,60.513],[172.655,60.382],[172.327,60.382],[172.327,60.251],[171.345,59.989],[171.018,59.858],[171.018,59.727],[171.018,59.465],[170.364,59.465],[170.364,59.596],[170.364,59.727],[170.364,59.727],[170.036,59.858],[169.709,59.989],[168.4,59.989],[168.073,59.858],[167.745,59.858],[167.091,59.335],[166.436,59.335],[166.436,59.596],[166.764,59.596],[166.764,59.727],[166.764,59.858],[166.764,59.989],[166.764,59.989],[166.109,59.727],[165.782,59.596],[165.455,59.596],[165.455,59.335],[165.127,59.335],[165.127,59.465],[164.8,59.465],[164.473,59.335],[164.473,59.465],[164.145,59.465],[164.145,59.335],[163.818,59.335],[163.818,59.204],[163.491,58.549],[163.491,58.549],[163.491,58.418],[163.164,58.418],[162.836,58.156],[162.509,57.764],[162.509,57.502],[162.509,57.24],[162.836,57.24],[162.836,57.109],[162.836,57.24],[163.164,57.371],[163.818,57.24],[163.818,57.109],[163.491,56.978],[163.491,56.978],[163.164,56.716],[163.164,56.585],[163.164,56.193],[163.818,56.193],[163.818,55.931],[163.818,55.669],[163.818,55.669],[163.818,55.538],[163.164,55.538],[163.164,55.669],[163.491,55.931],[163.491,55.931],[163.164,55.931],[162.836,55.8],[163.164,55.669],[162.836,55.669],[162.509,55.538],[162.509,55.538],[162.182,55.145],[162.182,54.622],[162.509,54.491],[162.509,54.229],[162.182,53.967],[161.855,53.967],[161.527,54.098],[161.2,53.967],[161.2,53.967],[160.545,53.575],[160.545,53.575],[160.218,53.051],[160.545,53.051],[160.545,52.658],[160.545,52.527],[160.545,52.527],[160.218,52.658],[159.236,52.527],[159.236,52.396],[159.236,52.396],[158.909,52.527],[158.909,52.396],[158.909,52.396],[159.236,52.265],[158.909,52.135],[158.909,51.742],[158.909,51.48],[158.582,51.218],[157.927,50.956],[157.927,50.956],[157.927,50.825],[157.24,50.433],[157.109,50.433],[157.109,50.695],[156.978,50.695],[156.978,51.349],[156.847,52.004],[156.716,52.135],[156.585,52.135],[156.585,52.396],[156.324,53.182],[156.193,53.967],[155.931,54.622],[156.062,55.276],[156.455,56.193],[156.978,56.455],[157.273,56.847],[157.273,57.109],[157.24,57.24],[157.927,57.24],[158.255,57.502],[158.582,57.371],[158.582,57.502],[158.909,57.502],[158.909,57.633],[159.564,57.895],[159.564,58.025],[159.891,58.025],[160.218,58.549],[161.2,58.942],[161.2,59.073],[161.2,59.073],[161.855,59.465],[162.182,59.596],[162.182,59.727],[163.491,60.251],[163.818,60.251],[164.145,60.382],[164.145,60.382],[163.818,60.513],[164.145,60.513],[164.473,60.775],[164.473,60.905],[164.145,60.905],[164.473,61.167],[164.473,61.429],[164.8,61.822],[165.127,61.953],[165.127,61.953],[165.455,61.822],[165.782,61.822],[165.782,61.953],[165.782,61.953],[165.127,61.953],[165.127,62.084],[163.818,61.953],[163.818,61.822],[163.818,61.822],[163.491,61.691],[163.491,61.429],[163.491,61.298],[163.818,61.167],[163.818,61.036],[163.491,61.036],[163.164,61.167],[163.164,61.167],[163.164,61.036],[163.164,61.036],[162.836,61.167],[161.527,60.382],[161.2,60.382],[160.873,60.12],[160.545,60.12],[160.545,60.251],[160.873,60.513],[160.545,60.513],[160.218,60.382],[160.218,60.513],[160.545,60.513],[160.545,60.644],[160.218,60.775],[160.545,60.775],[160.545,61.036],[160.873,61.298],[160.218,61.167],[159.891,61.167],[159.891,61.298],[159.891,61.298],[159.564,61.429],[159.564,61.429],[159.236,61.298],[158.909,61.298],[158.582,61.167],[158.255,61.298],[157.927,61.298],[157.927,61.167],[157.6,61.167],[157.273,61.036],[157.24,61.036],[157.109,60.905],[157.109,60.775],[156.847,60.644],[156.716,60.644],[156.193,60.12],[155.407,59.858],[155.015,59.596],[154.884,59.335],[154.753,59.335],[154.753,59.073],[154.622,59.073],[154.622,58.942],[155.407,58.942],[155.538,58.811],[155.538,58.68],[155.276,58.68],[155.145,58.549],[154.884,58.68],[154.753,58.68],[154.622,58.549],[154.36,58.549],[154.098,58.68],[153.836,58.68],[153.705,58.549],[153.444,58.549],[153.313,58.418],[152.527,58.418],[152.135,58.287],[151.742,58.287],[151.611,58.549],[152.396,58.549],[152.658,58.68],[152.396,58.68],[152.265,58.811],[151.742,58.942],[151.611,59.073],[151.349,59.073],[151.349,58.942],[150.956,58.942],[151.087,58.942],[150.825,59.073],[149.778,59.204],[149.516,59.073],[149.516,58.942],[149.647,58.942],[149.124,58.942],[149.124,58.811],[149.385,58.811],[149.385,58.68],[148.862,58.68],[148.731,58.811],[148.338,58.811],[148.076,58.68],[147.945,58.68],[146.898,58.942],[146.898,58.811],[146.505,58.549],[146.244,58.811],[143.625,58.811],[142.971,58.68],[142.447,58.418],[142.185,58.156],[142.055,58.156],[141.4,57.895],[140.876,57.371],[140.876,57.24],[140.222,56.978],[139.829,56.716],[139.567,56.716],[139.436,56.585],[139.044,56.455],[138.127,55.538],[137.996,55.538],[137.604,55.276],[137.473,55.276],[136.949,55.015],[136.818,55.015],[136.556,54.753],[136.164,54.622],[135.902,54.622],[135.64,54.36],[135.64,54.229],[135.771,54.098],[136.295,53.967],[136.687,54.098],[137.211,54.098],[137.211,53.444],[137.08,53.313],[137.211,53.182],[137.342,53.313],[137.604,53.313],[137.735,53.444],[137.604,53.444],[137.473,53.575],[137.604,53.575],[137.865,53.705],[138.127,53.705],[137.996,53.575],[137.735,53.575],[137.865,53.444],[138.258,53.444],[138.258,53.313],[138.127,53.313],[137.996,53.182],[137.735,53.051],[137.604,53.051],[137.735,53.051],[137.735,52.92],[138.127,53.051],[138.389,53.051],[138.651,53.182],[138.913,53.444],[139.044,53.444],[139.044,53.313],[138.782,53.182],[138.782,53.051],[138.651,52.92],[138.913,52.92],[138.913,53.051],[139.175,53.313],[139.175,53.705],[139.044,53.705],[139.567,53.705],[139.698,53.575],[140.222,53.705],[141.138,53.051],[141.662,52.789],[141.793,52.789],[141.793,52.527],[141.662,52.396],[141.269,52.527],[141.662,52.265],[141.662,52.004],[141.531,51.873],[141.924,51.611],[141.793,51.48],[141.793,51.349],[141.662,51.349],[141.4,51.087],[141.138,50.695],[141.138,50.433],[141.007,50.433],[141.007,50.302],[140.876,50.04],[141.007,49.516],[140.876,49.385],[140.876,49.255],[141.007,48.993],[140.745,48.6],[140.745,48.469],[140.615,48.207],[140.615,47.945],[140.222,47.684],[139.567,47.029],[139.436,46.767],[138.782,46.244],[138.782,45.982],[138.258,45.327],[138.127,45.327],[137.604,44.804],[137.211,44.673],[137.211,44.542],[136.949,44.28],[136.687,44.149],[136.687,44.018],[136.295,43.756],[135.902,43.364],[135.902,43.233],[135.64,43.102],[135.378,42.84],[134.593,42.447],[134.462,42.447],[133.807,42.185],[133.545,42.185],[133.415,42.316],[133.415,42.185],[133.284,42.185],[133.153,42.316],[132.76,42.316],[132.76,42.709],[132.629,42.709],[132.498,42.578],[132.236,42.578],[132.367,42.578],[132.498,42.709],[132.105,42.709],[131.975,42.447],[131.582,42.055],[131.189,42.055],[131.32,41.924],[131.189,41.793],[131.058,41.793],[131.058,41.924],[130.927,41.924],[131.058,42.055],[130.927,42.055],[130.927,42.185],[130.796,42.185],[130.927,42.185],[131.058,42.316],[131.451,42.316],[131.451,42.447],[131.582,42.447],[131.582,42.709],[131.713,42.84],[131.713,42.971],[131.582,42.971],[131.582,43.495],[131.713,43.495],[131.582,43.887],[131.451,44.018],[131.451,44.411],[131.975,44.411],[131.975,44.542],[132.236,44.804],[132.367,44.673],[132.629,44.673],[132.76,44.542],[133.284,44.542],[133.415,44.411],[133.415,44.542],[133.545,44.542],[133.545,44.804],[133.807,45.065],[133.938,45.065],[133.938,45.327],[134.069,45.327],[134.069,45.458],[134.2,45.458],[134.069,45.589],[134.2,45.589],[134.2,45.72],[134.331,45.72],[134.331,46.113],[134.462,46.113],[134.462,46.375],[134.593,46.505],[134.593,46.767],[134.724,46.767],[134.724,46.898],[134.985,46.898],[134.985,47.029],[135.116,47.029],[135.116,47.291],[134.985,47.422],[134.985,47.553],[135.116,47.553],[135.116,47.684],[134.985,47.815],[134.593,47.815],[134.331,47.684],[134.069,47.684],[133.938,47.553],[133.415,47.553],[133.284,47.422],[133.153,47.422],[133.022,47.291],[133.022,47.16],[131.32,47.16],[131.32,47.422],[131.189,47.422],[131.189,47.815],[131.058,47.945],[131.058,48.076],[130.927,48.076],[131.058,48.207],[130.927,48.338],[130.665,48.338],[130.404,48.469],[130.142,48.731],[130.011,48.731],[129.88,48.862],[129.225,48.862],[129.225,48.993],[128.44,48.993],[128.047,49.255],[127.916,49.255],[127.916,49.516],[128.047,49.647],[127.785,49.778],[127.785,50.171],[127.393,50.433],[127.393,50.564],[127.262,50.695],[127.262,50.956],[127.131,50.956],[127.131,51.218],[126.869,51.48],[126.869,51.742],[126.738,51.742],[126.738,51.873],[126.607,51.873],[126.607,52.004],[126.476,52.004],[126.476,52.265],[126.345,52.265],[126.215,52.396],[126.084,52.396],[126.084,52.527],[125.822,52.527],[125.691,52.658],[125.298,52.658],[125.298,52.527],[125.036,52.658],[124.775,52.658],[124.775,52.789],[124.382,52.789],[123.989,53.051],[123.989,52.92],[123.858,52.92],[123.727,53.051],[123.596,53.051],[123.335,52.92],[122.549,52.92],[122.156,52.789],[121.371,52.789],[121.109,52.658],[120.847,52.396],[120.585,52.265],[120.455,52.265],[120.455,52.135],[120.585,52.004],[120.847,52.135],[120.978,52.004],[121.109,52.004],[121.109,51.611],[121.24,51.48],[121.109,51.48],[120.978,51.349],[120.455,51.087],[120.455,50.825],[120.193,50.695],[120.193,50.564],[119.931,50.302],[119.931,50.171],[119.8,50.04],[119.669,50.04],[119.669,49.909],[119.538,49.909],[119.669,49.778],[119.8,49.778],[119.8,49.647],[119.669,49.516],[119.538,49.516],[119.407,49.385],[119.145,49.385],[118.36,48.993],[117.967,48.993],[117.705,49.124],[117.313,49.124],[117.051,49.255],[117.051,49.385],[116.789,49.385],[116.658,49.516],[116.527,49.516],[116.396,49.385],[115.742,49.385],[115.48,49.516],[115.48,49.647],[114.825,49.647],[114.695,49.778],[114.695,49.647],[114.433,49.647],[114.302,49.516],[114.171,49.516],[114.04,49.385],[113.909,49.385],[113.778,49.255],[113.647,49.255],[113.385,48.993],[112.862,48.993],[112.469,48.862],[111.945,48.862],[111.815,48.731],[111.815,48.862],[111.684,48.731],[111.291,48.6],[110.375,48.6],[110.113,48.731],[108.935,48.731],[108.673,48.993],[108.411,48.993],[108.411,49.385],[107.625,49.385],[107.625,49.516],[107.495,49.516],[107.102,49.778],[106.447,49.778],[106.316,49.909],[105.662,49.909],[105.531,49.778],[104.745,49.778],[104.745,49.647],[103.698,49.647],[103.567,49.778],[103.044,49.778],[102.782,50.04],[102.651,50.04],[102.782,50.171],[102.651,50.171],[102.651,50.433],[102.52,50.564],[102.52,50.695],[102.651,50.695],[102.52,50.695],[102.52,50.825],[102.258,50.825],[101.996,50.956],[101.473,50.956],[101.342,51.087],[101.08,51.087],[100.949,51.218],[100.164,51.218],[100.164,51.349],[99.771,51.349],[99.64,51.48],[99.378,51.48],[99.378,51.611],[99.116,51.218],[98.724,51.218],[98.724,51.087],[98.593,50.956],[98.462,50.956],[98.462,50.825],[98.331,50.825],[98.331,50.564],[98.2,50.433],[98.331,50.433],[98.331,50.171],[98.462,50.171],[98.462,50.04],[98.724,50.04],[98.724,49.778],[98.593,49.647],[98.593,49.516],[98.462,49.516],[98.331,49.385],[98.069,49.385],[97.938,49.255],[97.807,49.255],[97.807,49.124],[97.676,49.124],[97.545,49.255],[97.415,49.255],[97.415,49.385],[96.367,49.385],[96.236,49.516],[96.105,49.385],[95.451,49.385],[95.451,49.516],[94.927,49.516],[94.927,49.647],[94.796,49.647],[94.796,49.909],[94.665,49.909],[94.665,50.04],[93.487,50.04],[93.356,50.171],[92.964,50.171],[92.833,50.302],[92.702,50.302],[92.702,50.171],[92.178,50.171],[92.047,50.04],[91.916,50.04],[91.916,49.909],[91.393,49.909],[91.393,49.778],[91.131,49.778],[91.131,49.647],[90.738,49.647],[90.345,49.385],[90.084,49.385],[90.084,49.124],[89.953,49.124],[89.822,48.993],[89.691,48.993],[89.691,49.124],[89.691,48.993],[89.56,48.993],[89.429,48.862],[89.429,48.993],[89.298,48.993],[89.298,48.862],[89.167,48.862],[89.036,48.993],[88.905,48.862],[88.513,48.862],[88.513,48.6],[87.858,48.6],[87.858,48.469],[87.727,48.469],[87.727,48.6],[87.596,48.6],[87.596,48.731],[87.335,48.731],[87.204,48.993],[87.073,48.993],[87.073,49.124],[87.204,49.124],[87.204,49.255],[87.073,49.255],[86.68,48.993],[85.895,48.993],[85.764,49.124],[85.764,48.993],[85.371,49.385],[85.371,49.516],[85.24,49.516],[84.978,49.647],[84.716,49.647],[84.716,49.778],[84.585,49.909],[84.585,50.04],[84.455,50.171],[84.324,50.171],[84.324,50.302],[84.193,50.302],[84.062,50.433],[83.538,50.433],[83.407,50.302],[83.145,50.302],[83.015,50.171],[81.836,50.171],[81.836,50.433],[81.444,50.433],[81.575,50.564],[81.575,50.695],[80.92,50.695],[80.92,50.564],[80.789,50.564],[80.92,50.564],[80.92,50.433],[80.789,50.433],[80.789,50.302],[80.658,50.433],[80.658,50.302],[80.527,50.302],[80.527,50.171],[80.396,50.171],[79.611,51.349],[79.087,51.742],[78.956,52.135],[78.564,52.396],[78.171,52.789],[77.516,53.051],[77.255,53.313],[76.993,53.444],[76.862,53.444],[76.862,53.575],[77.124,53.575],[77.255,53.705],[77.255,53.836],[76.862,53.836],[76.731,53.705],[76.6,53.705],[76.338,53.575],[75.815,53.575],[75.815,53.444],[75.684,53.313],[75.291,53.313],[74.767,52.92],[74.636,53.051],[74.113,53.051],[73.851,52.92],[73.72,53.051],[73.72,53.182],[73.851,53.313],[74.113,53.313],[74.113,53.444],[73.982,53.575],[73.982,53.444],[73.589,53.444],[73.327,53.575],[72.935,53.575],[73.065,53.444],[72.804,53.444],[72.804,53.575],[72.673,53.705],[72.28,53.705],[72.149,53.575],[71.756,53.575],[71.495,53.705],[71.625,53.836],[71.625,54.098],[71.495,54.098],[71.364,54.36],[71.364,54.622],[71.233,54.753],[70.84,54.753],[70.84,54.622],[70.447,54.622],[70.316,54.753],[69.662,54.753],[69.4,54.884],[69.007,54.622],[68.615,54.622],[68.615,54.36],[67.96,54.36],[67.698,54.229],[67.175,54.229],[67.044,54.098],[65.865,54.098],[65.865,53.967],[65.604,53.967],[65.604,53.836],[64.687,53.836],[64.425,53.705],[64.033,53.705],[63.902,53.575],[63.116,53.575],[62.985,53.444],[61.545,53.444],[61.545,53.182],[61.415,53.051],[61.938,53.051],[61.938,52.92],[61.676,52.92],[61.676,52.789],[61.545,52.789],[61.676,52.789],[61.676,52.658],[62.2,52.658],[62.462,52.527],[62.462,52.396],[61.415,52.396],[61.415,52.265],[61.284,52.265],[61.284,52.135],[61.153,52.135],[61.415,51.873],[61.415,51.742],[61.284,51.742],[61.153,51.611],[60.891,51.611],[60.629,51.48],[60.498,51.48],[60.498,51.349],[60.891,51.087],[61.938,50.825],[62.069,50.695],[61.938,50.564],[61.938,50.433],[61.676,50.171],[60.629,50.171],[60.498,50.302],[60.367,50.302],[60.367,50.171],[59.975,49.909],[59.975,50.04],[59.582,50.04],[59.451,50.171],[59.189,50.171],[58.796,50.564],[58.273,50.564],[58.011,50.302],[57.88,50.302],[57.487,50.564],[57.225,50.433],[56.702,50.433],[56.571,50.302],[56.571,50.171],[56.44,50.171],[56.309,50.04],[55.916,50.04],[55.785,50.171],[55.655,50.171],[55.262,50.433],[55.0,50.433],[55.0,50.171],[55.131,50.04],[54.869,50.04],[54.869,50.171],[54.476,50.564],[54.345,50.564],[53.953,50.825],[53.822,50.825],[53.822,50.956],[52.905,50.956],[52.905,51.087],[52.775,51.087],[52.644,51.218],[52.251,50.956],[51.727,50.956],[51.727,51.087],[51.465,51.087],[51.335,51.218],[51.204,51.218],[51.204,51.087],[51.073,51.087],[50.811,50.825],[50.68,50.825],[50.68,50.695],[50.418,50.695],[50.287,50.564],[49.895,50.564],[49.895,50.433],[49.764,50.433],[49.764,50.302],[49.371,50.04],[49.109,50.04],[49.109,49.778],[49.24,49.647],[49.24,49.385],[48.978,49.255],[48.716,49.255],[48.455,49.516],[48.324,49.778],[48.193,49.778],[48.062,49.909],[47.931,49.909],[47.669,49.647],[47.669,49.385],[47.538,49.385],[47.276,49.124],[47.276,48.731],[47.407,48.731],[47.407,48.469],[47.276,48.469],[47.015,48.076],[47.145,47.815],[47.276,47.815],[47.407,47.684],[47.538,47.684],[47.538,47.291],[47.669,47.291],[47.669,47.16],[47.8,47.16],[47.931,47.291],[48.062,47.291],[48.324,47.16],[48.585,47.16],[48.978,46.767],[49.109,46.505],[49.371,46.244],[49.371,46.113],[49.24,46.113],[49.109,46.244],[48.978,46.244],[48.978,45.982],[49.24,45.982],[49.371,45.851],[49.633,45.851],[49.633,45.72],[49.502,45.72],[49.502,45.589],[49.109,45.589],[49.109,45.458],[49.24,45.327],[48.847,45.327],[48.716,45.196],[48.455,45.196],[48.193,45.065],[47.931,45.065],[47.931,45.196],[47.931,44.935],[47.8,44.804],[47.8,44.673],[47.669,44.542],[47.669,44.411],[47.538,44.411],[47.538,44.28],[47.407,44.28],[47.276,44.149],[47.145,44.149],[47.145,43.887],[47.276,43.887],[47.407,43.756],[47.538,43.756],[47.669,43.625],[47.669,43.495],[47.8,43.495],[47.8,43.233],[47.931,42.971],[47.931,43.233],[48.062,43.364],[48.062,43.233],[47.931,43.102],[47.931,42.447],[48.062,42.316],[48.193,42.316],[48.193,42.055],[48.455,41.793],[48.716,41.662],[48.716,41.531],[48.978,41.269],[48.847,41.138],[48.847,41.007],[48.716,41.007],[48.585,40.876],[48.455,40.876],[48.455,40.745],[48.324,40.615],[47.931,40.615],[47.8,40.745],[47.669,40.745],[47.669,40.876],[47.538,41.007],[47.407,41.007],[47.407,41.138],[47.276,41.138],[46.884,41.4],[46.491,41.4],[46.36,41.531],[46.229,41.531],[46.098,41.662],[46.098,41.924],[45.705,41.924],[45.444,42.185],[45.313,42.185],[45.182,42.055],[45.182,42.185],[44.789,42.185],[44.658,42.055],[44.135,42.055],[44.265,42.185],[44.004,42.316],[43.742,42.316],[43.48,42.447],[43.48,42.578],[42.956,42.578],[42.825,42.709],[42.564,42.709],[42.564,42.578],[42.433,42.578],[41.909,42.709],[41.778,42.84],[41.385,42.84],[41.255,42.971],[40.469,42.971],[40.469,42.84],[39.815,43.364],[39.16,43.756],[38.767,43.756],[38.244,44.149],[37.851,44.149],[37.72,44.28],[37.72,44.411],[37.589,44.411],[37.327,44.542],[37.065,44.542],[37.065,44.673],[37.327,44.673],[37.196,44.804],[37.327,44.935],[37.458,44.804],[37.589,44.804],[37.589,44.673],[37.72,44.804],[38.113,44.804],[38.113,44.935],[37.982,44.935],[37.982,45.065],[38.113,45.065],[38.244,45.196],[38.375,45.458],[38.505,45.458],[38.505,45.327],[38.505,45.458],[38.636,45.589],[38.898,45.589],[38.767,45.72],[38.505,45.851],[38.375,45.851],[38.244,45.982],[38.244,46.113],[38.898,46.113],[38.898,46.244],[39.029,46.375],[39.291,46.375],[39.553,46.505],[39.684,46.505],[39.684,46.767],[39.422,46.767],[39.291,46.636],[39.029,46.636],[39.16,46.636],[39.16,46.767],[39.029,46.636],[38.898,46.636],[38.636,46.505],[38.636,46.636],[38.767,46.767],[38.636,46.767],[38.636,46.898],[38.767,47.029],[38.898,47.029],[39.029,47.16],[39.16,47.16],[39.291,47.291],[40.207,47.291],[40.207,47.422],[40.338,47.553],[40.338,47.945],[40.207,47.945],[40.207,48.076],[40.076,48.076],[40.076,48.207],[40.469,48.207],[40.469,48.338],[40.076,48.338],[40.076,48.469],[40.338,48.469],[40.338,48.6],[40.469,48.6],[40.469,48.731],[40.6,48.731],[40.6,48.862],[40.469,48.862],[40.469,48.993],[40.207,48.993],[40.076,49.124],[39.684,49.124],[39.684,49.255],[39.291,49.255],[39.16,49.385],[38.898,49.385],[38.636,49.516],[38.636,49.385],[38.375,49.385],[38.113,49.516],[37.851,49.909],[37.72,49.909],[37.72,49.778],[37.196,49.778],[37.065,49.647],[36.935,49.647],[36.935,49.778],[36.673,49.778],[36.542,49.909],[36.28,49.909],[36.149,49.778],[36.018,49.778],[36.018,49.909],[35.887,49.909],[35.887,50.04],[35.756,50.04],[35.887,50.04],[35.887,50.171],[35.756,50.302],[35.756,50.433],[35.625,50.433],[35.625,50.564],[35.495,50.564],[35.495,50.695],[35.233,50.695],[35.233,50.564],[35.102,50.564],[35.102,50.695],[34.578,50.695],[34.709,50.695],[34.709,50.825],[34.578,50.825],[34.578,51.087],[34.709,51.087],[34.84,51.218],[34.316,51.742],[32.745,51.742],[32.745,51.611],[32.615,51.48],[32.222,51.48],[32.222,51.611],[32.091,51.611],[32.091,51.742],[31.96,51.742],[31.96,52.004],[32.091,52.004],[31.96,52.135],[31.96,52.265],[31.829,52.265],[31.829,52.396],[31.698,52.396],[31.698,52.527],[31.829,52.527],[31.829,52.658],[32.222,52.658],[32.222,52.527],[32.615,52.527],[33.007,52.789],[33.138,52.789],[33.138,52.92],[32.876,53.051],[32.876,53.182],[32.222,53.182],[32.222,53.444],[32.091,53.575],[31.829,53.575],[31.698,53.705],[31.698,53.836],[31.567,53.836],[31.436,53.967],[31.567,53.967],[31.567,54.098],[31.436,54.098],[31.175,54.229],[31.175,54.36],[31.305,54.36],[31.436,54.491],[31.436,54.622],[31.305,54.622],[31.175,54.753],[31.305,54.753],[31.305,55.015],[31.175,55.015],[30.913,55.276],[30.127,55.276],[29.996,55.145],[29.865,55.145],[29.735,55.276],[29.865,55.276],[29.865,55.407],[29.08,55.407],[29.08,55.538],[28.556,55.538],[28.556,55.669],[28.687,55.669],[28.556,55.8],[28.556,55.931],[28.425,56.062],[28.425,56.193],[28.295,56.193],[28.295,56.324],[28.033,56.324],[28.164,56.455],[28.164,56.585],[28.295,56.585],[28.295,56.716],[28.164,56.716],[28.164,56.847],[27.902,56.847],[27.902,56.978],[27.771,56.978],[27.771,57.109],[27.902,57.109],[27.902,57.24],[28.164,57.24],[28.164,57.371],[28.033,57.502],[28.033,57.633],[27.902,57.633],[27.902,58.287],[28.295,58.68],[28.425,58.68],[28.425,58.811],[28.556,58.811],[28.556,58.942],[28.425,58.942],[28.425,59.204],[28.687,59.204],[28.818,59.073],[28.818,59.204],[28.949,59.335],[29.08,59.204],[29.342,59.204],[29.342,59.335],[29.473,59.335],[29.473,59.465],[30.127,59.335],[30.52,59.335],[30.651,59.465],[30.389,59.465],[30.258,59.596],[29.473,59.596],[29.211,59.727],[28.949,59.989],[29.08,59.989],[29.08,60.12],[28.556,59.989],[28.164,59.989],[28.818,60.382],[29.08,60.382],[29.865,60.905],[29.996,60.905],[30.913,61.56],[31.044,61.56],[31.305,61.822],[31.567,61.953],[31.698,61.953],[31.96,62.345],[31.829,62.476],[31.698,62.476],[31.698,62.607],[31.567,62.607],[31.436,62.738],[30.52,63.131],[30.389,63.131],[30.651,63.262],[30.913,63.524],[30.913,63.655],[30.782,63.785],[30.52,63.785],[30.52,63.916],[30.389,63.916],[30.389,64.047],[30.52,64.047],[30.52,64.178],[30.258,64.309],[30.127,64.309],[29.996,64.44],[30.127,64.571],[30.258,64.571],[30.258,64.702],[29.996,64.702],[30.127,64.833],[30.127,64.964],[30.258,64.964],[30.127,65.095],[30.52,65.095],[30.52,65.225],[30.389,65.487],[30.258,65.618],[30.127,65.618],[30.127,65.749],[29.996,65.749],[29.996,65.88],[29.865,66.011],[29.735,66.011],[29.735,66.142],[29.473,66.273],[29.473,66.404],[30.127,66.927],[30.389,66.927],[30.389,67.189],[30.258,67.189],[29.473,67.582],[29.08,67.582],[28.949,67.844],[28.949,67.975],[29.211,68.236],[29.08,68.367],[28.818,68.367],[29.08,68.367],[29.342,68.498],[29.604,68.498],[29.735,68.76],[30.258,68.76],[30.389,68.891],[30.651,68.891],[30.651,69.022],[30.52,69.022],[31.305,69.022],[31.305,69.284],[31.436,69.153],[32.091,69.153],[32.222,69.284],[32.484,69.284],[32.353,69.415],[33.4,69.153],[33.4,69.022],[33.138,69.022],[32.615,69.153],[32.484,69.022],[32.745,69.022],[32.745,68.891],[33.4,68.891],[33.4,68.76],[33.662,68.891],[33.924,68.891],[33.924,68.76],[33.793,68.76],[33.793,68.629],[33.662,68.498],[33.531,68.498],[33.793,68.498],[34.055,68.76],[34.84,68.76],[35.233,68.629],[35.625,68.629],[35.625,68.76],[35.756,68.76],[37.065,68.498],[38.767,67.844],[38.898,67.844],[39.029,67.713],[39.16,67.844],[39.291,67.713],[39.945,67.451],[40.207,67.451],[40.207,67.582],[40.338,67.582],[40.469,67.451],[40.6,67.451],[40.862,67.32],[40.993,67.189],[41.385,67.189],[41.516,66.927],[41.516,66.665],[41.778,66.665],[41.778,66.535],[41.647,66.404],[41.647,66.273],[40.993,65.88],[39.029,65.487],[38.375,65.487],[38.113,65.618],[37.72,65.618],[37.458,65.749],[36.804,65.749],[35.756,65.88],[35.233,66.011],[34.84,66.011],[34.84,66.142],[34.185,66.142],[34.055,66.273],[33.531,66.273],[33.4,66.404],[33.269,66.404],[33.269,66.535],[33.4,66.535],[32.876,66.535],[32.353,66.665],[32.353,66.535],[32.745,66.535],[33.269,66.142],[33.662,66.142],[33.662,66.011],[33.793,65.88],[34.055,65.88],[33.924,65.749],[33.793,65.749],[34.84,65.618],[35.102,65.356],[35.233,65.356],[35.233,65.225],[35.102,65.095],[35.102,64.964],[34.971,64.964],[34.84,64.833],[35.233,64.44],[35.233,64.309],[35.364,64.178],[35.233,64.178],[35.233,64.047],[35.756,63.785],[36.28,63.785],[36.542,63.655],[36.804,63.393],[37.458,63.393],[37.851,63.262],[38.113,63.393],[38.375,63.393],[38.505,63.524],[38.375,63.655],[38.375,63.785],[37.72,63.785],[36.935,64.309],[36.935,64.44],[37.196,64.44],[37.458,64.702],[37.982,64.571],[38.375,64.309],[38.898,64.309],[39.029,64.178],[39.422,64.178],[39.945,64.047],[40.207,64.047],[40.338,64.178],[40.862,64.178],[40.862,64.309],[40.207,64.833],[40.207,65.095],[40.731,65.225],[40.993,65.225],[41.255,65.487],[41.516,65.487],[41.909,65.618],[42.564,65.88],[42.695,66.011],[42.825,65.88],[43.611,65.88],[44.135,65.749],[44.004,65.618],[44.265,65.618],[44.396,65.487],[44.527,65.487],[44.527,65.618],[44.658,65.88],[44.789,65.88],[44.92,66.142],[44.92,66.404],[44.789,66.404],[44.527,66.665],[44.265,66.665],[44.265,66.927],[44.527,67.058],[44.658,67.451],[44.658,67.713],[43.873,68.105],[43.742,68.105],[44.527,67.975],[46.36,67.975],[46.622,67.713],[47.145,67.451],[47.145,67.32],[46.622,67.32],[45.836,67.189],[45.313,66.927],[45.313,66.796],[45.575,66.665],[45.967,66.665],[46.36,66.273],[47.145,66.273],[48.062,66.404],[48.324,66.796],[48.324,67.058],[48.716,67.058],[49.24,67.189],[49.24,67.32],[49.109,67.32],[49.633,67.32],[50.418,67.451],[50.811,67.713],[51.073,67.713],[51.204,67.844],[51.727,67.844],[51.989,67.975],[52.513,67.975],[52.775,67.844],[52.644,67.844],[53.036,67.844],[53.167,67.975],[53.036,67.975],[52.905,68.105],[52.775,68.105],[54.215,68.498],[54.869,68.498],[54.738,68.367],[54.215,68.367],[54.345,68.367],[54.345,68.236],[54.215,68.105],[54.345,67.975],[54.345,67.844],[53.822,67.844],[53.691,67.713],[55.0,67.713],[55.131,67.582],[55.262,67.582],[55.524,67.975],[56.047,67.975],[56.309,68.105],[57.095,68.105],[57.356,67.975],[57.487,67.975],[58.535,68.367],[58.665,68.236],[58.796,68.367],[59.32,68.498],[59.451,68.498],[59.451,68.367],[59.582,68.367],[59.582,68.236],[59.844,68.236],[59.713,68.105],[59.582,68.105],[59.582,67.844],[60.367,67.844],[60.367,67.975],[60.236,68.105],[60.629,68.105],[61.284,68.367],[61.415,68.367],[61.284,68.629],[61.153,68.498],[60.629,69.022],[60.76,69.153],[61.022,69.153],[61.284,69.284],[62.2,69.153],[63.771,69.153],[64.556,69.022],[65.08,68.891],[65.342,68.76],[65.342,68.629],[65.473,68.76],[65.735,68.629],[66.127,68.629],[66.258,68.498],[66.52,68.498],[66.782,68.367],[67.436,68.367],[67.567,68.236],[68.091,67.975],[68.615,67.844],[68.745,67.713],[68.876,67.844],[69.269,67.975],[69.531,68.367],[69.007,68.367],[68.484,68.629],[68.484,68.891],[68.222,69.022],[67.436,69.153],[67.305,69.022],[67.175,69.153],[67.305,69.284],[67.305,69.415],[67.567,69.415],[67.698,69.545],[67.567,69.676],[67.698,69.938],[67.698,70.2],[67.567,70.331],[67.305,70.2],[67.175,70.2],[67.044,70.331],[67.175,70.462],[67.305,70.462],[67.044,70.462],[67.305,70.724],[67.698,70.855],[67.96,70.855],[68.745,71.116],[69.269,71.771],[69.4,72.164],[69.793,72.425],[70.185,72.425],[70.055,72.425],[70.055,72.295],[72.935,72.295],[73.065,72.164],[73.196,72.164],[73.196,71.771],[73.065,71.509],[72.935,71.509],[72.673,71.116],[72.542,71.116],[72.28,70.985],[72.28,70.855],[72.542,70.724],[73.065,70.593],[73.065,70.462],[73.196,70.331],[73.065,69.807],[72.935,69.807],[73.065,69.284],[73.065,68.891],[72.935,68.76],[72.935,68.498],[73.196,68.236],[73.982,67.975],[73.589,67.582],[73.589,67.32],[73.458,67.189],[73.327,67.189],[73.065,67.058],[72.28,66.404],[71.756,66.404],[72.018,66.142],[71.756,66.142],[71.495,66.011],[70.84,66.011],[70.84,66.142],[71.102,66.142],[70.578,66.142],[70.316,66.273],[69.4,66.273],[69.531,66.273],[69.531,66.142],[69.662,66.011],[70.185,65.88],[70.447,65.88],[70.709,65.749],[72.804,65.749],[72.804,66.011],[73.72,66.273],[73.982,66.273],[74.244,66.404],[74.244,66.535],[74.375,66.796],[74.505,66.796],[75.16,67.189],[75.16,67.582],[74.767,67.844],[75.029,68.236],[75.553,68.367],[76.469,68.367],[76.731,68.498],[77.516,67.975],[77.647,67.975],[77.647,67.189],[77.778,67.189],[78.04,67.058],[79.349,67.058],[78.564,67.058],[78.04,67.189],[77.909,67.32],[77.909,67.451],[78.171,67.713],[78.433,67.713],[78.433,67.844],[78.171,68.105],[78.04,68.367],[77.778,68.367],[75.945,68.76],[75.815,68.629],[75.422,68.498],[74.767,68.629],[74.375,68.498],[74.244,68.629],[74.375,68.891],[74.244,68.891],[73.982,69.153],[73.982,69.284],[74.244,69.676],[74.375,69.676],[74.767,70.069],[74.113,70.462],[73.982,70.724],[73.458,70.855],[74.375,71.378],[74.898,71.378],[75.291,71.509],[75.553,71.771],[75.553,71.902],[75.16,72.295],[75.815,72.295],[76.076,72.033],[76.076,71.771],[76.207,71.771],[76.076,71.64],[75.945,71.64],[75.815,71.378],[75.684,71.378],[75.684,71.247],[75.945,71.116],[75.945,70.985],[75.815,70.985],[75.684,70.855],[75.815,70.724],[76.6,70.724],[77.124,70.593],[78.04,70.593],[78.695,70.331],[79.48,70.331],[79.48,70.462],[78.956,70.462],[78.695,70.724],[77.909,70.724],[77.516,70.855],[77.255,70.855],[76.731,70.985],[76.469,71.247],[76.469,71.378],[76.6,71.378],[76.862,71.509],[77.516,71.509],[78.04,71.247],[78.171,71.247],[78.695,71.378],[78.564,71.509],[77.778,71.509],[77.909,71.64],[78.171,71.64],[78.433,71.771],[78.695,71.771],[78.956,71.902],[80.396,71.64],[80.92,71.64],[81.313,71.378],[81.967,71.247],[82.098,71.116],[83.407,71.247],[83.538,71.116],[83.669,71.116],[83.407,70.855],[82.753,70.724],[82.753,70.593],[82.622,70.462],[82.753,70.331],[82.753,70.2],[82.622,70.069],[82.622,69.807],[82.622,69.938],[82.884,70.069],[83.015,70.331],[83.145,70.331],[83.276,70.462],[83.538,70.2],[83.407,70.069],[83.407,69.807],[83.145,69.676],[83.145,69.545],[83.538,69.545],[83.538,69.676],[83.669,69.807],[84.062,69.807],[84.062,69.938],[84.193,69.938],[84.062,70.069],[84.062,70.2],[83.8,70.462],[83.538,70.593],[83.931,70.855],[83.931,70.985],[84.062,70.985],[83.669,71.378],[83.015,71.378],[82.753,71.509],[82.491,71.771],[81.575,71.771],[81.313,71.902],[81.182,71.902],[81.182,72.033],[81.051,72.164],[81.313,72.425],[81.182,72.425],[80.789,72.687],[80.789,72.818],[80.92,72.818],[81.051,72.949],[81.836,73.08],[84.062,73.08],[84.847,73.211],[86.025,73.211],[86.418,73.342],[87.335,73.342],[87.465,73.211],[87.073,73.211],[86.811,73.08],[86.549,73.08],[86.156,72.818],[86.68,72.687],[86.942,72.556],[87.204,72.556],[86.549,72.687],[86.418,72.818],[86.287,72.818],[86.418,72.949],[86.811,72.949],[87.596,73.08],[87.727,73.211],[87.989,73.211],[87.073,73.604],[86.942,73.735],[86.418,73.735],[86.549,73.865],[87.073,73.865],[87.335,73.735],[87.596,73.865],[87.335,73.865],[87.073,73.996],[86.811,73.996],[86.549,74.127],[86.156,74.127],[86.549,74.127],[86.549,74.258],[87.073,74.127],[87.335,74.127],[87.465,74.258],[87.858,74.389],[87.858,74.52],[87.335,74.52],[87.465,74.651],[88.12,74.52],[88.905,74.782],[89.167,74.782],[89.691,74.913],[90.084,74.913],[90.607,75.044],[91.916,75.044],[92.309,75.175],[94.535,75.305],[94.535,75.436],[94.142,75.305],[94.011,75.436],[93.88,75.436],[93.88,75.305],[93.618,75.436],[93.487,75.436],[93.487,75.305],[93.356,75.305],[93.225,75.436],[93.356,75.567],[93.487,75.436],[93.749,75.567],[94.011,75.436],[94.273,75.567],[96.498,75.567],[96.105,75.305],[96.367,75.305],[96.891,75.436],[97.022,75.436],[97.022,75.305],[96.891,75.305],[97.284,75.436],[98.069,75.436],[98.069,75.567],[98.724,75.567],[99.116,75.698],[99.378,75.698],[99.64,75.567],[100.033,75.567],[100.164,75.436],[100.033,75.305],[99.902,75.305],[100.164,75.305],[100.295,75.436],[100.295,75.567],[100.033,75.698],[99.378,75.829],[99.247,75.96],[101.735,75.96],[101.996,75.829],[102.127,75.96],[101.342,75.96],[101.473,76.091],[101.473,76.222],[101.342,76.222],[101.342,76.353],[101.473,76.484],[101.735,76.484],[103.044,77.007],[103.567,77.007],[103.698,77.138],[105.269,77.138]]],[[[108.149,77.531],[106.84,77.531],[106.971,77.662],[108.018,77.662],[108.149,77.531]]],[[[106.709,77.662],[106.447,77.662],[106.84,77.662],[106.84,77.793],[107.102,77.793],[107.102,77.662],[106.709,77.662]]],[[[103.305,78.709],[102.913,78.316],[102.782,78.316],[103.044,78.316],[103.175,78.447],[103.436,78.447],[103.567,78.578],[104.353,78.578],[104.484,78.447],[104.876,78.447],[104.876,78.316],[105.531,78.316],[105.793,78.055],[105.793,77.924],[105.269,77.793],[104.745,77.793],[104.091,77.662],[101.604,77.662],[101.473,77.531],[100.949,77.531],[100.556,77.4],[99.771,77.4],[99.771,77.531],[99.902,77.531],[100.033,77.662],[100.164,77.662],[100.425,77.793],[100.556,77.924],[100.687,77.924],[100.687,78.185],[101.342,78.185],[101.342,78.447],[101.473,78.447],[101.473,78.578],[101.604,78.578],[101.604,78.709],[101.996,78.709],[101.996,78.84],[102.258,78.84],[102.389,78.709],[102.651,78.709],[102.651,78.84],[103.436,78.84],[103.567,78.709],[103.305,78.709]]],[[[76.731,79.102],[78.04,78.971],[76.6,78.971],[76.469,79.102],[76.731,79.102]]],[[[100.556,79.102],[100.295,79.102],[100.687,79.102],[100.556,79.102]]],[[[93.095,79.102],[92.571,79.102],[92.047,79.233],[91.785,79.233],[91.524,79.364],[91.655,79.495],[92.964,79.495],[94.273,79.364],[94.011,79.233],[93.618,79.233],[93.356,79.102],[93.095,79.102]]],[[[51.858,79.364],[50.549,79.364],[50.942,79.495],[51.727,79.495],[51.727,79.364],[51.858,79.364]]],[[[60.105,79.364],[59.32,79.364],[59.32,79.495],[59.975,79.625],[60.236,79.495],[60.367,79.495],[60.105,79.364]]],[[[98.069,79.625],[98.331,79.495],[98.462,79.495],[98.331,79.495],[98.069,79.233],[98.331,79.233],[98.462,79.364],[98.985,79.364],[98.855,79.495],[99.771,79.495],[99.902,79.364],[100.295,79.364],[100.425,79.233],[100.295,79.233],[100.295,79.102],[100.164,79.102],[100.164,78.709],[99.509,78.709],[99.771,78.709],[99.902,78.578],[100.295,78.578],[100.295,78.447],[99.902,78.316],[99.247,78.316],[98.724,78.185],[98.462,78.316],[97.415,78.316],[97.284,78.447],[96.105,78.447],[95.975,78.578],[95.451,78.447],[95.189,78.578],[95.058,78.578],[94.927,78.709],[94.796,78.709],[94.665,78.84],[94.142,78.84],[93.88,78.971],[93.749,78.84],[93.487,78.971],[93.88,79.102],[94.273,79.102],[94.404,79.233],[94.665,79.233],[94.796,79.364],[95.189,79.495],[96.891,79.495],[97.545,79.625],[98.069,79.625]]],[[[50.418,79.495],[50.025,79.625],[50.68,79.625],[50.549,79.495],[50.418,79.495]]],[[[55.916,79.756],[55.655,79.625],[55.524,79.625],[55.393,79.756],[55.916,79.756]]],[[[57.487,79.756],[57.487,79.495],[56.178,79.495],[56.309,79.625],[56.44,79.625],[56.44,79.756],[57.487,79.756]]],[[[53.953,79.625],[52.775,79.625],[52.644,79.756],[53.167,79.756],[53.298,79.887],[53.691,79.887],[53.822,79.756],[54.215,79.756],[54.215,79.625],[53.953,79.625]]],[[[58.404,79.625],[58.273,79.495],[57.749,79.625],[57.618,79.756],[57.618,79.887],[57.487,79.887],[59.582,79.887],[59.713,79.756],[58.665,79.756],[58.665,79.625],[58.404,79.625]]],[[[54.869,79.887],[54.215,79.887],[54.345,80.018],[54.869,80.018],[54.869,79.887]]],[[[47.931,80.28],[48.978,80.28],[49.109,80.149],[49.109,80.018],[48.455,80.149],[47.8,80.149],[47.669,80.018],[47.015,80.018],[46.884,79.887],[46.491,79.887],[46.491,80.018],[45.313,80.018],[45.575,80.149],[47.276,80.149],[47.407,80.28],[47.931,80.28]]],[[[62.593,80.28],[62.593,80.149],[62.462,80.018],[62.069,80.018],[61.676,79.887],[59.713,79.887],[59.713,80.018],[59.844,80.149],[59.975,80.149],[59.975,80.28],[62.593,80.28]]],[[[50.68,80.411],[51.204,80.411],[51.335,80.28],[51.858,80.149],[52.12,80.149],[51.596,80.018],[50.68,80.018],[50.156,79.887],[50.025,79.756],[49.109,79.756],[49.371,79.756],[49.371,79.625],[48.978,79.625],[48.847,79.495],[48.585,79.625],[48.455,79.495],[48.062,79.495],[48.193,79.625],[48.455,79.625],[47.276,79.625],[47.145,79.756],[47.015,79.756],[48.062,79.887],[48.324,80.018],[48.847,80.018],[49.109,79.887],[49.633,80.018],[49.633,80.28],[50.68,80.411]]],[[[80.396,80.28],[79.349,80.28],[79.48,80.411],[80.789,80.411],[80.789,80.28],[80.396,80.28]]],[[[61.545,80.411],[60.498,80.411],[61.022,80.542],[61.938,80.542],[61.938,80.411],[61.545,80.411]]],[[[55.131,80.542],[55.916,80.411],[57.356,80.411],[58.142,80.28],[58.011,80.149],[57.225,80.149],[56.702,80.018],[56.178,80.018],[55.916,80.149],[55.0,80.149],[55.0,80.28],[54.476,80.28],[54.607,80.411],[54.869,80.411],[55.0,80.542],[55.131,80.542]]],[[[59.058,80.542],[59.32,80.28],[59.058,80.149],[58.665,80.149],[58.404,80.28],[58.142,80.28],[57.88,80.411],[57.618,80.411],[57.88,80.542],[58.142,80.411],[58.535,80.542],[59.058,80.542]]],[[[51.204,80.542],[50.811,80.542],[50.942,80.542],[51.073,80.673],[51.204,80.673],[51.335,80.542],[51.204,80.542]]],[[[63.771,80.149],[63.247,80.149],[62.985,80.28],[63.247,80.28],[63.509,80.411],[64.556,80.411],[64.556,80.542],[64.687,80.542],[64.687,80.673],[65.473,80.673],[65.604,80.542],[65.865,80.542],[65.735,80.411],[65.865,80.411],[64.949,80.149],[63.771,80.149]]],[[[92.047,80.542],[90.345,80.542],[90.345,80.673],[91.916,80.673],[92.047,80.542]]],[[[96.891,80.542],[97.022,80.411],[97.807,80.28],[98.2,80.28],[98.331,80.149],[97.676,80.149],[97.545,80.018],[97.415,80.018],[97.545,80.018],[97.545,79.887],[97.676,79.756],[97.807,79.756],[97.676,79.756],[97.545,79.625],[94.927,79.625],[94.796,79.495],[93.487,79.495],[92.571,79.625],[92.309,79.756],[91.916,79.756],[92.178,79.887],[92.702,79.887],[92.964,80.018],[93.225,80.018],[93.356,80.149],[93.749,80.28],[93.225,80.149],[92.964,80.28],[93.225,80.28],[93.356,80.411],[93.749,80.411],[93.88,80.542],[95.32,80.542],[95.451,80.673],[96.629,80.673],[96.891,80.542]]],[[[59.713,80.804],[59.582,80.673],[59.058,80.804],[59.844,80.804],[59.713,80.804]]],[[[58.273,80.935],[58.796,80.935],[58.927,80.804],[58.273,80.804],[58.404,80.673],[58.142,80.673],[57.88,80.542],[57.618,80.673],[56.047,80.673],[55.916,80.804],[57.095,80.804],[57.356,80.935],[57.88,80.935],[58.142,81.065],[58.273,80.935]]],[[[64.033,81.065],[62.593,81.065],[62.724,81.196],[64.164,81.196],[64.164,81.065],[64.033,81.065]]],[[[58.665,81.196],[58.273,81.196],[58.404,81.196],[58.535,81.327],[59.844,81.327],[59.844,81.196],[58.665,81.196]]]]}},{"type":"Feature","properties":{"iso3":"RWA","name":"Rwanda"},"geometry":{"type":"MultiPolygon","coordinates":[[[[30.913,-1.538],[30.913,-1.669],[31.044,-1.8],[31.175,-1.8],[31.175,-1.931],[31.305,-2.062],[31.175,-2.324],[31.305,-2.455],[31.305,-2.716],[31.175,-2.847],[30.913,-2.847],[30.782,-2.716],[30.651,-2.716],[30.651,-2.847],[30.52,-2.847],[30.389,-2.716],[30.389,-2.978],[30.258,-3.109],[30.258,-3.24],[29.735,-3.24],[29.735,-3.109],[29.604,-3.109],[29.473,-2.978],[29.473,-3.109],[29.342,-3.109],[29.342,-2.847],[29.604,-2.585],[29.604,-2.193],[29.735,-2.062],[29.735,-1.931],[29.865,-1.931],[29.996,-1.8],[30.258,-1.8],[30.258,-1.931],[30.389,-1.931],[30.782,-1.538],[30.913,-1.538]]]]}},{"type":"Feature","properties":{"iso3":"SAU","name":"Saudi Arabia"},"geometry":{"type":"MultiPolygon","coordinates":[[[[42.433,16.135],[42.433,16.265],[42.564,16.135],[42.564,16.004],[42.564,16.135],[42.302,16.135],[42.171,16.265],[42.302,16.265],[42.302,16.396],[42.433,16.396],[42.433,16.135]]],[[[37.327,24.775],[37.196,24.905],[37.196,25.036],[36.935,25.036],[36.935,25.167],[36.935,25.036],[37.196,25.036],[37.327,24.905],[37.327,24.775]]],[[[37.065,25.167],[36.935,25.167],[36.935,25.298],[37.065,25.298],[37.065,25.167]]],[[[45.182,28.702],[45.444,28.571],[47.145,28.571],[47.407,28.44],[47.8,28.44],[47.931,28.309],[47.931,28.178],[48.062,28.047],[48.062,27.916],[48.455,27.916],[48.716,28.047],[48.847,28.047],[48.978,27.916],[48.978,27.785],[49.109,27.524],[49.24,27.393],[49.24,27.131],[49.371,27.131],[49.502,27.0],[49.633,27.0],[49.633,26.869],[49.895,26.607],[50.025,26.607],[50.156,26.345],[50.549,26.084],[50.418,26.084],[50.418,25.953],[50.549,25.953],[50.549,25.822],[50.68,25.691],[50.549,25.56],[50.418,25.56],[50.68,25.167],[50.68,25.036],[50.942,24.905],[50.942,24.513],[51.335,24.12],[51.335,23.989],[51.858,23.989],[51.858,23.858],[51.727,23.727],[51.989,23.727],[51.989,23.465],[52.12,23.465],[52.12,23.335],[52.251,23.335],[52.251,23.204],[52.382,23.204],[52.382,23.073],[52.775,22.68],[52.775,22.549],[52.905,22.549],[52.905,22.418],[53.167,22.418],[53.298,22.287],[54.084,22.287],[54.215,22.156],[55.262,22.156],[55.393,22.025],[55.524,22.025],[55.655,22.156],[55.655,22.025],[55.785,21.895],[55.785,21.764],[56.047,21.502],[56.047,21.24],[55.916,21.109],[55.916,20.847],[55.785,20.847],[55.785,20.455],[55.655,20.324],[55.655,20.062],[55.524,19.931],[55.524,19.669],[55.393,19.538],[55.393,19.407],[55.131,19.407],[55.0,19.276],[54.738,19.276],[54.607,19.145],[54.084,19.015],[53.953,18.884],[53.56,18.884],[53.429,18.753],[53.167,18.753],[52.775,18.491],[52.382,18.491],[52.12,18.36],[51.335,18.36],[51.073,18.229],[50.418,18.229],[50.156,18.098],[49.633,18.098],[49.502,17.967],[49.24,17.967],[48.716,17.705],[48.455,17.444],[47.931,16.789],[47.931,16.527],[47.8,16.527],[47.669,16.396],[47.407,16.396],[47.145,16.658],[46.229,16.658],[45.967,16.789],[45.705,16.789],[45.575,16.92],[45.182,16.92],[44.92,16.789],[44.789,16.92],[44.527,16.789],[44.135,16.789],[44.135,16.92],[43.742,16.92],[43.611,16.789],[43.611,16.527],[43.48,16.396],[43.611,16.265],[43.611,16.135],[43.48,16.135],[43.48,16.004],[43.349,16.004],[43.218,15.873],[43.218,16.004],[43.087,16.135],[43.087,16.265],[42.956,16.265],[42.956,16.527],[42.825,16.527],[42.695,16.658],[42.695,16.92],[42.433,17.051],[42.04,17.444],[41.909,17.705],[41.909,17.836],[41.647,18.098],[41.647,18.36],[41.516,18.491],[41.385,18.884],[41.255,19.015],[41.255,19.145],[41.124,19.145],[40.338,19.8],[40.207,19.8],[39.684,20.455],[39.553,20.716],[39.553,21.109],[39.422,21.24],[39.422,21.633],[39.553,21.764],[39.553,22.025],[39.422,22.156],[39.422,22.287],[39.291,22.287],[39.422,22.287],[39.16,22.549],[39.16,22.811],[38.898,23.204],[38.375,23.596],[38.244,23.596],[38.113,23.727],[37.982,23.727],[37.851,23.858],[37.589,24.251],[37.589,24.382],[37.72,24.382],[37.72,24.513],[37.589,24.644],[37.589,24.775],[37.327,25.036],[37.327,25.167],[37.196,25.167],[37.065,25.298],[37.065,25.429],[36.935,25.56],[36.673,26.084],[36.28,26.476],[35.625,27.524],[35.102,27.524],[35.102,27.655],[35.233,27.916],[35.364,28.833],[35.625,28.702],[36.28,28.702],[36.411,28.571],[36.673,28.833],[36.935,28.964],[37.196,29.356],[37.589,29.356],[37.851,29.487],[38.244,29.88],[38.375,29.88],[38.244,30.142],[37.851,30.404],[37.589,30.796],[37.327,30.927],[37.589,31.058],[37.982,31.058],[38.244,31.189],[38.505,31.189],[39.16,31.451],[39.422,31.451],[39.553,31.582],[39.815,31.582],[40.076,31.451],[40.469,31.451],[40.731,31.32],[41.255,31.189],[41.647,30.927],[42.564,30.535],[43.218,29.88],[44.135,29.356],[44.789,28.833],[45.051,28.702],[45.182,28.702]]]]}},{"type":"Feature","properties":{"iso3":"SDN","name":"Sudan"},"geometry":{"type":"MultiPolygon","coordinates":[[[[31.829,21.502],[37.327,21.502],[37.327,20.978],[37.458,20.716],[37.589,20.585],[37.72,20.585],[37.72,20.455],[37.589,20.585],[37.589,19.538],[37.72,19.276],[37.851,18.229],[37.982,18.229],[37.982,18.098],[38.113,18.098],[38.375,17.967],[38.636,17.705],[38.767,17.705],[39.029,17.575],[39.029,17.444],[38.898,17.444],[38.898,17.313],[38.767,17.182],[38.767,17.051],[38.636,17.051],[38.505,16.92],[38.113,16.92],[38.113,16.789],[37.982,16.789],[37.851,16.527],[37.458,16.527],[37.458,16.265],[37.327,16.135],[37.327,15.742],[37.196,15.48],[37.196,15.218],[37.065,15.218],[36.935,14.695],[36.804,14.564],[36.935,14.433],[36.935,13.255],[36.804,13.124],[36.804,12.993],[36.542,12.6],[36.542,12.207],[36.411,12.207],[36.28,12.076],[36.149,12.076],[35.887,11.684],[35.495,11.291],[35.495,10.898],[35.364,10.767],[35.364,10.244],[34.971,10.244],[34.971,10.375],[34.971,10.244],[34.84,10.244],[34.709,10.113],[34.709,9.589],[34.447,8.935],[34.316,8.935],[34.316,9.196],[34.447,9.327],[34.316,9.327],[34.447,9.458],[34.316,9.458],[34.316,9.589],[33.924,9.982],[33.531,10.244],[33.662,10.244],[33.531,11.029],[33.531,11.422],[33.662,11.553],[33.662,11.684],[33.138,11.684],[33.138,11.422],[32.484,11.422],[32.745,11.16],[32.745,10.636],[32.876,10.505],[32.222,9.982],[32.222,9.851],[31.698,9.196],[31.175,9.196],[30.913,9.458],[30.389,9.72],[30.127,9.589],[29.996,9.589],[29.996,9.327],[29.865,9.196],[29.604,9.196],[29.604,9.065],[29.342,9.065],[29.342,8.935],[29.211,8.935],[29.211,8.804],[28.425,8.804],[28.295,9.065],[27.378,9.065],[27.247,8.935],[26.985,8.935],[26.593,9.458],[26.462,9.458],[26.462,9.589],[26.331,9.589],[26.331,9.851],[26.2,9.851],[25.676,9.72],[25.415,9.72],[25.415,9.458],[25.153,9.196],[25.153,8.804],[25.022,8.673],[25.022,8.28],[24.76,8.28],[24.629,8.149],[23.975,8.149],[23.975,8.411],[23.844,8.542],[24.105,8.804],[24.105,9.327],[23.844,9.589],[23.451,10.244],[23.32,10.244],[23.32,10.898],[23.058,10.898],[23.058,11.029],[22.927,11.16],[23.058,11.422],[22.927,11.422],[22.927,11.553],[22.796,11.815],[22.796,12.076],[22.665,12.207],[22.535,12.076],[22.404,12.076],[22.273,12.207],[22.273,12.469],[22.665,12.731],[22.665,12.993],[22.535,13.124],[22.535,13.385],[22.665,13.385],[22.796,13.516],[22.927,13.516],[22.927,13.778],[22.796,13.909],[22.796,14.04],[22.927,14.04],[22.927,14.171],[23.058,14.171],[23.058,14.302],[23.189,14.302],[23.189,14.433],[23.451,14.695],[23.32,14.956],[23.451,15.087],[23.713,15.087],[23.844,15.218],[24.105,15.218],[24.367,15.087],[24.367,19.407],[25.415,19.407],[25.415,21.502],[31.698,21.502],[31.829,21.633],[31.96,21.633],[31.829,21.502]]]]}},{"type":"Feature","properties":{"iso3":"SEN","name":"Senegal"},"geometry":{"type":"MultiPolygon","coordinates":[[[[-11.764,14.302],[-11.633,14.04],[-11.633,13.778],[-11.502,13.778],[-11.502,13.385],[-11.371,13.385],[-11.371,13.255],[-11.502,13.124],[-11.24,12.731],[-11.24,12.862],[-11.109,12.862],[-10.978,12.731],[-10.978,12.469],[-10.847,12.469],[-10.847,11.815],[-12.156,11.815],[-12.287,11.945],[-12.549,11.945],[-12.549,12.076],[-14.775,12.076],[-15.036,11.945],[-15.691,11.945],[-15.822,11.815],[-16.215,11.815],[-16.215,11.945],[-16.084,11.945],[-15.953,12.076],[-15.822,12.076],[-15.953,12.076],[-16.084,12.207],[-16.084,12.076],[-16.215,12.076],[-16.215,12.469],[-16.084,12.6],[-15.298,12.6],[-15.298,12.731],[-15.167,12.731],[-15.036,12.862],[-14.644,12.862],[-14.644,12.993],[-14.513,12.993],[-14.12,12.731],[-13.335,12.731],[-13.335,12.862],[-13.465,12.993],[-13.989,12.993],[-13.989,13.124],[-14.251,13.124],[-14.382,13.255],[-14.775,13.255],[-14.905,13.124],[-14.905,12.993],[-15.953,12.993],[-16.084,13.124],[-16.084,13.255],[-16.215,13.255],[-16.215,13.385],[-16.084,13.516],[-16.215,13.385],[-16.215,13.516],[-16.738,14.171],[-16.869,14.171],[-16.869,14.04],[-17.0,14.171],[-16.869,14.171],[-16.607,14.302],[-15.953,15.218],[-15.953,15.48],[-15.691,15.873],[-15.691,16.004],[-15.56,16.004],[-15.429,15.873],[-15.167,15.873],[-15.036,16.004],[-14.513,16.004],[-14.513,16.135],[-13.989,16.135],[-13.465,15.873],[-13.465,15.742],[-13.335,15.611],[-12.942,15.611],[-12.942,15.48],[-12.811,15.48],[-12.68,15.349],[-12.68,15.087],[-12.549,15.087],[-12.549,14.956],[-12.418,14.956],[-12.287,14.825],[-12.287,14.695],[-12.156,14.695],[-12.156,14.564],[-12.025,14.433],[-11.895,14.433],[-11.895,14.302],[-11.764,14.302]]]]}},{"type":"Feature","properties":{"iso3":"SGP","name":"Singapore"},"geometry":{"type":"MultiPolygon","coordinates":[[[[104.353,0.818],[104.222,0.687],[104.091,0.818],[104.222,0.949],[104.353,0.818],[104.484,0.818],[104.353,0.818]]]]}},{"type":"Feature","properties":{"iso3":"SGS","name":"South Georgia and South Sandwich Islands"},"geometry":{"type":"MultiPolygon","coordinates":[[[[-25.771,-58.876],[-25.64,-58.876],[-25.902,-58.876],[-25.902,-58.745],[-25.771,-58.745],[-25.771,-58.876]]],[[[-36.505,-54.556],[-36.113,-54.556],[-36.113,-54.687],[-35.72,-54.687],[-35.72,-54.818],[-35.589,-54.818],[-35.589,-54.949],[-35.327,-54.949],[-35.327,-55.08],[-35.196,-55.211],[-35.327,-55.211],[-35.589,-55.342],[-35.851,-54.949],[-36.244,-54.949],[-36.244,-54.818],[-36.505,-54.818],[-36.505,-54.687],[-36.636,-54.687],[-36.898,-54.556],[-37.16,-54.556],[-37.029,-54.425],[-37.422,-54.425],[-36.767,-54.425],[-36.636,-54.425],[-36.505,-54.556]]]]}},{"type":"Feature","properties":{"iso3":"SHN","name":"Saint Helena, Ascension, and Tristan da Cunha"},"geometry":{"type":"MultiPolygon","coordinates":[[[[-5.087,-16.462],[-5.218,-16.462],[-5.218,-16.331],[-5.087,-16.331],[-5.087,-16.462]]]]}},{"type":"Feature","properties":{"iso3":"SLB","name":"Solomon Islands"},"geometry":{"type":"MultiPolygon","coordinates":[[[[167.418,-12.142],[167.091,-12.142],[167.091,-12.011],[167.418,-12.011],[167.418,-12.142]]],[[[161.2,-12.273],[160.873,-12.273],[160.873,-12.142],[160.545,-12.142],[160.545,-12.011],[160.545,-12.011],[160.545,-11.88],[160.545,-11.88],[161.2,-12.273]]],[[[166.436,-11.225],[166.436,-11.225],[166.436,-11.095],[166.436,-11.095],[166.436,-11.225]]],[[[162.182,-10.833],[162.509,-10.833],[162.509,-10.964],[162.509,-10.833],[162.836,-11.095],[162.836,-11.225],[162.509,-11.225],[161.855,-10.964],[161.855,-10.833],[161.855,-10.702],[161.855,-10.702],[161.855,-10.571],[161.855,-10.571],[162.182,-10.833]]],[[[161.855,-10.047],[161.855,-10.178],[161.855,-10.178],[161.855,-9.785],[161.855,-10.047]]],[[[160.218,-9.655],[160.545,-9.916],[160.545,-9.785],[160.873,-9.785],[161.2,-10.309],[160.873,-10.309],[160.545,-10.178],[160.218,-10.178],[160.218,-10.047],[159.891,-9.916],[159.891,-9.785],[160.218,-9.655]]],[[[160.545,-9.393],[160.873,-9.524],[160.873,-9.655],[160.873,-9.524],[160.545,-9.655],[160.545,-9.524],[160.545,-9.524],[160.545,-9.393]]],[[[159.564,-9.524],[159.564,-9.524],[159.564,-9.393],[159.564,-9.393],[159.564,-9.524]]],[[[158.582,-9.262],[158.582,-9.262],[158.582,-9.131],[158.582,-9.262]]],[[[158.582,-9.131],[158.255,-9.131],[158.255,-9.0],[158.582,-9.0],[158.582,-8.869],[158.582,-9.0],[158.582,-9.131]]],[[[157.927,-9.131],[157.6,-9.0],[157.927,-8.869],[157.927,-8.869],[157.927,-9.0],[157.927,-9.131]]],[[[160.218,-8.869],[160.218,-9.0],[159.891,-8.869],[160.218,-8.869]]],[[[161.2,-8.738],[161.527,-9.0],[161.527,-9.262],[161.855,-9.524],[161.855,-9.785],[161.855,-9.916],[161.855,-10.047],[161.855,-10.047],[161.527,-9.785],[161.527,-9.785],[161.527,-9.655],[161.2,-9.393],[161.2,-9.0],[161.2,-9.0],[161.2,-8.738]]],[[[158.255,-8.607],[158.255,-8.738],[158.255,-9.0],[158.255,-9.0],[157.927,-8.869],[157.927,-8.738],[157.6,-8.738],[157.6,-8.607],[157.927,-8.607],[157.927,-8.476],[157.927,-8.345],[157.927,-8.476],[157.927,-8.607],[158.255,-8.607]]],[[[157.6,-8.476],[157.6,-8.607],[157.6,-8.607],[157.273,-8.476],[157.273,-8.345],[157.6,-8.345],[157.6,-8.476]]],[[[157.109,-8.345],[156.978,-8.345],[156.978,-7.953],[157.109,-8.084],[157.24,-8.084],[157.24,-8.215],[157.109,-8.345]]],[[[160.218,-9.0],[160.218,-8.869],[160.218,-8.738],[159.891,-8.738],[159.891,-8.607],[159.564,-8.476],[159.236,-8.476],[159.236,-8.345],[159.236,-8.345],[159.236,-8.215],[158.909,-8.084],[158.909,-7.953],[159.236,-8.084],[159.236,-8.084],[159.236,-8.215],[159.564,-8.215],[159.564,-8.345],[159.891,-8.345],[160.218,-8.738],[160.218,-9.0]]],[[[156.324,-7.56],[156.062,-7.56],[156.193,-7.429],[156.324,-7.429],[156.324,-7.56]]],[[[157.927,-7.691],[157.927,-7.822],[157.6,-7.822],[156.978,-7.167],[156.847,-7.167],[156.847,-7.036],[156.978,-7.036],[157.6,-7.298],[157.6,-7.429],[157.927,-7.691]]]]}},{"type":"Feature","properties":{"iso3":"SLE","name":"Sierra Leone"},"geometry":{"type":"MultiPolygon","coordinates":[[[[-12.025,6.84],[-12.025,6.971],[-12.418,6.971],[-12.287,7.102],[-12.025,7.102],[-11.895,6.971],[-12.025,6.84]]],[[[-10.585,9.327],[-10.455,9.196],[-10.455,9.065],[-10.062,8.673],[-10.193,8.673],[-10.193,8.542],[-10.062,8.542],[-10.062,8.28],[-9.931,8.149],[-10.193,7.756],[-9.931,7.756],[-9.8,7.887],[-9.669,7.887],[-9.8,7.756],[-9.8,7.625],[-9.931,7.625],[-10.062,7.495],[-10.062,7.233],[-10.193,7.233],[-10.324,6.971],[-10.455,6.971],[-10.585,6.84],[-10.585,6.709],[-10.716,6.709],[-10.847,6.578],[-10.847,6.447],[-10.978,6.316],[-10.978,6.447],[-11.24,6.578],[-11.371,6.578],[-11.764,6.84],[-11.895,6.84],[-11.895,7.233],[-12.025,7.102],[-12.156,7.102],[-12.287,7.233],[-12.287,7.364],[-12.418,7.495],[-12.418,7.625],[-12.549,7.625],[-12.68,7.756],[-12.68,7.887],[-12.549,7.887],[-12.418,8.018],[-12.287,8.018],[-12.287,8.149],[-12.418,8.018],[-12.68,8.018],[-12.68,8.28],[-12.549,8.28],[-12.68,8.411],[-12.68,8.542],[-12.418,8.542],[-12.418,8.673],[-12.287,8.804],[-12.156,8.804],[-12.156,9.065],[-12.025,9.065],[-12.025,9.196],[-11.895,9.327],[-11.371,9.327],[-11.371,9.458],[-10.585,9.458],[-10.585,9.327]]]]}},{"type":"Feature","properties":{"iso3":"SLV","name":"El Salvador"},"geometry":{"type":"MultiPolygon","coordinates":[[[[-88.869,13.909],[-88.738,13.909],[-88.607,13.778],[-88.476,13.778],[-88.476,13.647],[-88.345,13.647],[-88.345,13.516],[-88.084,13.516],[-88.084,13.385],[-87.953,13.385],[-87.953,13.255],[-87.822,13.255],[-87.691,13.385],[-87.298,13.385],[-87.167,13.255],[-87.167,12.862],[-87.298,12.862],[-87.298,12.731],[-87.429,12.6],[-87.822,12.6],[-88.084,12.731],[-87.953,12.6],[-89.0,12.993],[-89.262,12.993],[-89.393,13.124],[-89.524,13.124],[-89.524,13.385],[-89.393,13.385],[-89.262,13.516],[-89.131,13.516],[-89.131,13.647],[-89.0,13.647],[-89.0,13.909],[-88.869,13.909]]]]}},{"type":"Feature","properties":{"iso3":"SMR","name":"San Marino"},"geometry":{"type":"MultiPolygon","coordinates":[[[[12.847,43.364],[12.978,43.495],[12.978,43.364],[12.847,43.364]]]]}},{"type":"Feature","properties":{"iso3":"SOM","name":"Somalia"},"geometry":{"type":"MultiPolygon","coordinates":[[[[41.909,-2.062],[41.909,-1.931],[41.516,-1.538],[41.385,-1.276],[41.385,2.258],[41.778,2.651],[42.171,3.305],[42.433,3.567],[42.695,3.698],[43.218,3.698],[43.218,3.829],[43.349,3.829],[43.742,4.222],[44.004,4.222],[44.004,4.353],[45.313,4.353],[47.407,6.447],[47.538,6.709],[47.931,6.971],[48.585,7.625],[48.978,8.411],[49.24,8.673],[49.371,8.935],[49.371,10.767],[49.764,10.767],[50.025,10.898],[50.942,11.16],[50.942,11.291],[51.073,11.422],[51.727,11.291],[51.596,11.16],[51.596,10.898],[51.465,10.767],[51.596,10.505],[51.596,9.982],[51.465,9.982],[51.465,9.851],[51.596,9.982],[51.858,9.982],[51.858,9.851],[51.465,9.851],[51.335,9.72],[51.335,9.327],[51.204,9.196],[51.204,8.935],[51.073,8.673],[51.073,8.542],[50.811,8.28],[50.811,8.018],[50.68,8.018],[50.549,7.625],[50.287,7.364],[50.025,6.709],[49.764,6.447],[49.633,6.185],[49.502,5.662],[49.109,4.876],[48.455,3.96],[47.276,2.782],[46.491,1.865],[45.313,1.211],[44.396,0.556],[43.087,-0.622],[42.956,-0.753],[42.956,-0.884],[42.825,-0.884],[42.695,-1.145],[42.302,-1.538],[42.302,-1.669],[42.04,-2.062],[41.909,-2.062]]]]}},{"type":"Feature","properties":{"iso3":"SPM","name":"Saint Pierre and Miquelon"},"geometry":{"type":"MultiPolygon","coordinates":[[[[-55.749,46.244],[-55.88,46.244],[-55.749,46.375],[-55.88,46.505],[-55.749,46.505],[-55.749,46.244]]]]}},{"type":"Feature","properties":{"iso3":"SRB","name":"Serbia"},"geometry":{"type":"MultiPolygon","coordinates":[[[[20.178,45.589],[20.702,45.589],[20.702,45.458],[20.833,45.458],[20.833,45.327],[20.964,45.327],[21.095,45.196],[21.225,45.196],[21.225,44.935],[21.356,44.935],[21.356,44.804],[21.487,44.804],[21.487,44.673],[21.88,44.673],[21.88,44.411],[21.749,44.411],[22.011,44.411],[22.011,44.28],[21.749,44.28],[22.011,44.28],[22.011,44.149],[22.273,44.149],[22.404,44.018],[22.665,44.018],[22.796,44.149],[23.058,44.149],[23.189,44.018],[22.927,44.018],[22.927,43.756],[23.058,43.756],[23.189,43.625],[23.058,43.625],[23.058,43.495],[22.796,43.495],[22.796,43.102],[22.927,43.102],[22.927,42.84],[23.189,42.84],[23.189,42.709],[23.32,42.709],[23.451,42.578],[23.32,42.578],[23.32,42.447],[23.189,42.447],[23.189,42.316],[22.927,42.316],[22.927,42.185],[22.796,42.055],[22.927,41.924],[22.927,41.793],[22.273,41.793],[22.142,41.662],[22.011,41.662],[21.88,41.793],[22.011,41.793],[22.011,41.924],[22.142,42.055],[22.142,42.185],[21.88,42.185],[21.88,42.316],[21.618,42.316],[21.618,42.447],[21.487,42.447],[21.487,42.578],[21.225,42.578],[21.225,42.709],[21.095,42.709],[21.095,42.447],[20.964,42.447],[20.833,42.316],[20.964,42.316],[20.702,42.316],[20.309,42.578],[20.047,42.578],[19.785,42.84],[19.655,42.84],[19.655,42.971],[19.785,42.971],[19.785,43.102],[19.785,42.971],[19.916,42.971],[19.916,43.102],[19.655,43.364],[19.785,43.495],[19.785,43.364],[19.916,43.364],[19.916,43.495],[20.047,43.495],[19.916,43.495],[19.916,43.625],[19.785,43.625],[19.655,43.756],[19.524,43.756],[19.524,44.018],[19.655,44.018],[19.655,44.149],[19.785,44.28],[19.655,44.411],[19.524,44.28],[19.393,44.28],[19.393,44.411],[19.524,44.411],[19.524,44.673],[19.785,44.673],[19.655,44.673],[19.524,44.804],[19.393,44.804],[19.393,44.935],[19.524,44.935],[19.262,45.196],[19.262,45.327],[19.393,45.327],[19.393,45.458],[19.785,45.458],[19.916,45.589],[20.178,45.589]]]]}},{"type":"Feature","properties":{"iso3":"STP","name":"Sao Tome and Principe"},"geometry":{"type":"MultiPolygon","coordinates":[[[[7.218,-0.491],[7.087,-0.491],[7.087,-0.229],[7.218,-0.098],[7.349,-0.229],[7.349,-0.36],[7.218,-0.491]]],[[[8.004,0.949],[7.873,0.949],[7.873,1.08],[8.004,1.08],[8.004,0.949]]]]}},{"type":"Feature","properties":{"iso3":"SUR","name":"Suriname"},"geometry":{"type":"MultiPolygon","coordinates":[[[[-53.655,4.745],[-53.916,4.484],[-53.916,3.829],[-53.785,3.698],[-53.785,3.436],[-53.524,3.175],[-53.524,3.044],[-53.393,3.044],[-53.393,2.913],[-53.655,2.651],[-53.655,2.127],[-53.785,1.865],[-53.916,1.865],[-53.916,1.735],[-54.047,1.735],[-54.178,1.865],[-54.309,1.865],[-54.309,1.996],[-54.833,1.996],[-54.833,1.865],[-55.225,1.865],[-55.356,1.996],[-55.487,1.996],[-55.487,1.735],[-55.618,1.735],[-55.487,1.735],[-55.487,1.604],[-55.356,1.604],[-55.356,1.342],[-55.88,1.342],[-56.011,1.473],[-56.142,1.473],[-56.142,1.604],[-56.404,1.865],[-56.404,1.996],[-56.535,2.127],[-56.535,2.258],[-56.665,2.258],[-56.665,2.651],[-56.796,2.782],[-57.058,2.782],[-57.058,2.913],[-57.32,3.175],[-57.32,3.305],[-57.451,3.436],[-57.451,3.829],[-57.32,3.96],[-57.32,4.353],[-57.189,4.353],[-57.189,4.484],[-56.796,4.484],[-56.796,4.615],[-56.665,4.615],[-56.665,4.745],[-56.796,4.745],[-56.796,4.876],[-56.665,4.876],[-56.665,5.007],[-56.535,5.138],[-56.535,5.4],[-55.88,5.4],[-55.618,5.269],[-55.356,5.269],[-55.356,5.138],[-55.356,5.4],[-53.785,5.4],[-53.524,5.269],[-53.524,5.007],[-53.655,4.745]]]]}},{"type":"Feature","properties":{"iso3":"SVK","name":"Slovakia"},"geometry":{"type":"MultiPolygon","coordinates":[[[[22.927,48.469],[22.665,48.076],[22.535,48.076],[22.535,47.815],[22.011,47.815],[22.011,47.945],[20.964,47.945],[20.702,47.684],[20.571,47.684],[20.44,47.553],[20.178,47.553],[20.178,47.684],[20.047,47.684],[19.916,47.553],[19.393,47.553],[19.262,47.422],[19.131,47.422],[19.131,47.291],[19.262,47.291],[19.131,47.291],[18.869,47.16],[18.215,47.16],[18.084,47.291],[17.56,47.422],[17.298,47.815],[17.298,47.945],[17.429,47.945],[17.429,48.207],[17.56,48.338],[17.691,48.338],[17.953,48.207],[18.084,48.338],[18.215,48.338],[18.345,48.469],[18.476,48.469],[18.476,48.6],[18.607,48.731],[18.738,48.731],[18.869,48.862],[19.0,48.862],[19.0,48.993],[19.393,48.993],[19.393,48.862],[19.524,48.862],[19.655,48.993],[19.916,48.993],[20.047,48.862],[20.178,48.862],[20.178,48.6],[20.44,48.6],[20.571,48.731],[20.702,48.731],[20.702,48.862],[21.095,48.862],[21.225,48.731],[21.487,48.731],[21.487,48.862],[22.142,48.862],[22.273,48.731],[22.404,48.731],[22.404,48.6],[22.665,48.6],[22.927,48.469]]]]}},{"type":"Feature","properties":{"iso3":"SVN","name":"Slovenia"},"geometry":{"type":"MultiPolygon","coordinates":[[[[16.905,45.982],[16.644,45.982],[16.644,45.851],[16.513,45.851],[16.382,45.72],[16.12,45.72],[16.12,45.589],[15.989,45.589],[16.12,45.458],[16.12,45.327],[15.989,45.327],[15.858,45.196],[15.727,45.196],[15.727,44.935],[15.204,44.935],[15.073,45.065],[14.942,45.065],[14.811,44.935],[14.025,44.935],[14.156,45.065],[14.287,45.065],[14.156,45.196],[14.025,45.196],[14.025,45.458],[13.895,45.458],[14.025,45.589],[13.895,45.72],[13.764,45.72],[13.895,45.851],[14.156,45.851],[14.156,45.982],[14.418,45.982],[14.549,45.851],[15.073,45.851],[15.335,46.113],[16.382,46.113],[16.382,46.244],[16.775,46.244],[16.775,46.113],[16.905,46.113],[16.905,45.982]]]]}},{"type":"Feature","properties":{"iso3":"SWE","name":"Sweden"},"geometry":{"type":"MultiPolygon","coordinates":[[[[16.905,55.669],[16.775,55.8],[16.775,56.062],[17.036,56.324],[17.167,56.324],[17.429,56.716],[17.429,56.847],[17.56,56.716],[17.429,56.716],[17.298,56.455],[17.298,56.324],[17.167,56.193],[16.905,55.669]]],[[[19.524,57.24],[19.393,57.24],[19.262,57.109],[19.262,56.978],[19.393,56.847],[19.262,56.847],[19.0,56.585],[18.869,56.585],[18.738,56.455],[18.738,56.324],[18.607,56.324],[18.607,56.455],[18.738,56.585],[18.607,56.585],[18.607,56.716],[18.476,56.716],[18.607,56.847],[18.607,57.109],[18.738,57.109],[19.131,57.371],[19.262,57.24],[19.262,57.371],[19.393,57.371],[19.524,57.24]]],[[[19.524,57.371],[19.524,57.24],[19.524,57.371],[19.785,57.371],[19.524,57.371]]],[[[18.869,58.418],[18.738,58.418],[18.738,58.549],[18.869,58.549],[18.869,58.418]]],[[[23.32,67.844],[23.451,67.713],[23.582,67.713],[23.582,67.582],[23.844,67.582],[23.844,67.451],[24.105,67.451],[24.105,67.32],[23.975,67.32],[23.975,67.058],[23.844,66.927],[24.105,66.927],[24.236,66.796],[24.105,66.665],[24.105,66.535],[24.367,66.273],[24.367,66.011],[24.236,66.011],[24.105,65.88],[24.105,65.618],[24.367,65.618],[24.367,65.487],[24.498,65.487],[24.629,65.225],[23.32,65.225],[23.189,65.356],[23.058,65.225],[22.927,65.225],[22.927,65.356],[22.796,65.356],[22.796,65.225],[22.665,65.225],[22.665,65.095],[22.535,65.095],[22.535,64.964],[22.273,64.964],[22.404,64.964],[22.404,64.833],[22.011,64.833],[22.011,64.702],[21.88,64.702],[22.011,64.702],[22.011,64.571],[21.618,64.309],[21.618,64.178],[21.749,64.178],[21.749,64.047],[21.88,64.047],[21.88,63.785],[21.618,63.785],[21.225,63.262],[20.833,63.262],[20.833,63.131],[20.571,63.131],[20.309,63.0],[20.178,63.0],[20.178,62.869],[20.047,62.869],[19.916,63.0],[19.916,62.869],[19.655,62.869],[19.655,62.738],[19.262,62.738],[19.262,62.607],[19.0,62.607],[19.0,62.476],[18.738,62.476],[18.869,62.476],[18.869,62.345],[18.738,62.345],[18.607,62.215],[18.345,62.215],[18.345,62.345],[18.345,62.084],[18.476,62.084],[18.345,62.084],[18.215,61.953],[17.822,61.953],[17.822,61.822],[17.953,61.691],[18.084,61.691],[17.953,61.691],[17.953,61.56],[17.822,61.429],[17.822,61.167],[17.953,61.167],[17.56,61.167],[17.691,61.036],[17.56,61.036],[17.56,60.644],[17.691,60.382],[17.691,60.12],[18.084,60.12],[18.084,59.989],[18.476,59.989],[18.607,59.858],[18.738,59.858],[18.869,59.727],[19.0,59.727],[19.0,59.596],[19.393,59.335],[19.393,59.204],[19.262,59.204],[19.131,59.073],[19.0,59.073],[18.869,58.942],[18.738,58.942],[18.607,58.811],[18.345,58.811],[19.0,58.811],[18.869,58.68],[18.738,58.68],[18.738,58.549],[18.476,58.549],[18.345,58.418],[18.084,58.418],[17.56,58.156],[16.775,58.156],[16.644,58.025],[17.167,58.025],[17.298,57.895],[17.036,57.895],[17.167,57.764],[17.167,57.371],[17.036,57.371],[17.036,56.847],[16.905,56.716],[16.905,56.324],[16.513,55.931],[16.251,55.538],[16.12,55.669],[15.989,55.669],[15.727,55.538],[15.465,55.669],[15.204,55.669],[15.204,55.538],[15.073,55.407],[14.942,55.538],[14.942,55.407],[14.811,55.407],[14.68,55.276],[14.68,55.145],[14.811,55.015],[14.549,54.884],[14.287,54.884],[13.764,54.753],[13.371,54.884],[13.371,55.276],[13.24,55.276],[12.978,55.538],[12.978,55.669],[12.847,55.669],[12.978,55.8],[13.109,55.669],[13.24,55.669],[13.109,55.8],[13.109,55.931],[13.371,55.931],[13.371,56.062],[13.109,56.062],[12.978,56.324],[12.847,56.324],[12.455,56.847],[12.324,56.847],[12.324,57.109],[12.193,57.109],[12.193,57.371],[11.931,57.502],[11.8,57.764],[11.669,57.764],[11.669,58.287],[11.538,58.418],[11.538,58.549],[11.669,58.549],[11.8,58.418],[11.931,58.418],[11.931,58.287],[12.062,58.418],[12.193,58.418],[12.193,58.811],[12.062,58.942],[12.062,59.073],[12.324,59.204],[12.324,59.335],[12.585,59.335],[12.716,59.465],[12.847,59.465],[12.847,59.596],[12.978,59.727],[12.978,59.989],[12.716,60.382],[12.716,60.513],[13.109,60.513],[13.24,60.644],[13.24,60.775],[13.371,60.775],[12.978,61.036],[12.716,61.036],[12.585,61.167],[12.716,61.429],[12.716,61.691],[12.585,62.084],[12.585,62.476],[12.455,62.738],[12.585,63.0],[13.371,63.524],[14.156,63.524],[14.418,63.393],[14.418,63.524],[14.549,63.524],[14.549,63.916],[14.287,63.916],[14.025,64.047],[14.811,64.571],[14.811,64.702],[14.942,64.702],[14.942,65.095],[15.073,65.225],[15.073,65.356],[14.942,65.618],[15.596,65.618],[15.858,65.749],[15.858,65.88],[16.251,66.273],[16.644,66.404],[16.775,66.535],[16.905,66.535],[16.513,66.927],[16.775,66.927],[16.905,67.058],[17.036,67.058],[17.167,67.32],[17.56,67.451],[17.691,67.582],[17.953,67.451],[18.345,67.451],[18.476,67.582],[18.607,67.582],[18.607,67.975],[19.524,67.975],[19.655,67.844],[20.44,67.844],[20.702,67.975],[20.44,67.975],[20.571,68.105],[20.702,68.105],[20.702,68.236],[20.833,68.236],[20.571,68.498],[21.095,68.498],[21.618,68.236],[21.749,68.236],[21.88,68.105],[22.142,68.105],[22.273,67.975],[22.665,67.975],[22.796,67.844],[23.32,67.844]]]]}},{"type":"Feature","properties":{"iso3":"SWZ","name":"Eswatini"},"geometry":{"type":"MultiPolygon","coordinates":[[[[32.353,-26.411],[32.484,-26.411],[32.484,-27.327],[32.484,-27.196],[32.353,-27.327],[32.353,-27.72],[31.698,-27.72],[31.436,-27.589],[31.305,-27.327],[31.305,-27.196],[31.175,-27.196],[31.175,-26.804],[31.698,-26.28],[31.698,-26.149],[31.829,-26.149],[32.353,-26.411]]]]}},{"type":"Feature","properties":{"iso3":"SXM","name":"Sint Maarten"},"geometry":{"type":"MultiPolygon","coordinates":[[[[-62.556,17.575],[-62.425,17.575],[-62.425,17.444],[-62.556,17.444],[-62.556,17.575]]]]}},{"type":"Feature","properties":{"iso3":"SYC","name":"Seychelles"},"geometry":{"type":"MultiPolygon","coordinates":[[[[55.916,-5.073],[55.916,-5.204],[55.916,-5.073],[55.785,-5.073],[55.916,-4.942],[55.916,-5.073]]]]}},{"type":"Feature","properties":{"iso3":"SYR","name":"Syria"},"geometry":{"type":"MultiPolygon","coordinates":[[[[42.825,36.556],[42.433,36.164],[42.171,36.033],[42.04,36.033],[41.778,35.902],[41.778,35.771],[41.647,35.771],[41.647,35.509],[41.778,35.378],[41.778,34.985],[41.647,34.855],[41.647,34.2],[41.385,33.807],[41.124,33.807],[39.684,33.022],[39.422,33.022],[39.16,32.76],[38.636,32.498],[38.505,32.498],[38.244,32.236],[37.982,32.236],[37.72,31.975],[37.458,31.975],[37.196,31.713],[36.935,31.844],[36.673,31.844],[36.673,31.975],[36.542,31.975],[36.149,32.236],[36.28,32.236],[36.28,32.891],[36.411,32.891],[36.411,33.284],[36.804,33.284],[36.673,33.284],[36.673,33.415],[36.804,33.415],[36.804,33.545],[36.935,33.545],[37.065,33.676],[36.935,33.938],[36.804,33.938],[36.804,34.069],[36.411,34.069],[36.28,34.331],[36.28,34.462],[36.411,34.724],[36.28,34.724],[36.28,34.855],[36.149,34.985],[36.28,35.247],[36.28,35.378],[36.411,35.378],[36.542,35.247],[36.804,35.509],[36.804,35.64],[37.065,35.64],[37.065,35.771],[36.935,35.902],[37.065,36.164],[37.065,36.295],[37.196,36.295],[37.327,36.164],[37.458,36.164],[37.458,36.033],[37.589,36.164],[37.72,36.033],[37.851,36.033],[37.982,36.164],[38.244,36.164],[38.375,36.295],[39.029,36.295],[39.16,36.164],[40.076,36.164],[41.124,36.556],[42.302,36.556],[42.433,36.687],[42.695,36.687],[42.825,36.556]]]]}},{"type":"Feature","properties":{"iso3":"TCA","name":"Turks and Caicos Islands"},"geometry":{"type":"MultiPolygon","coordinates":[[[[-71.72,21.24],[-71.589,21.24],[-71.851,21.24],[-71.72,21.24]]],[[[-71.327,21.24],[-71.458,21.371],[-71.327,21.371],[-71.327,21.24]]]]}},{"type":"Feature","properties":{"iso3":"TCD","name":"Chad"},"geometry":{"type":"MultiPolygon","coordinates":[[[[24.367,18.884],[24.367,15.087],[24.105,15.218],[23.844,15.218],[23.713,15.087],[23.451,15.087],[23.32,14.956],[23.451,14.695],[23.189,14.433],[23.189,14.302],[23.058,14.302],[23.058,14.171],[22.927,14.171],[22.927,14.04],[22.796,14.04],[22.796,13.909],[22.927,13.778],[22.927,13.516],[22.796,13.516],[22.665,13.385],[22.535,13.385],[22.535,13.124],[22.665,12.993],[22.665,12.731],[22.273,12.469],[22.273,12.207],[22.404,12.076],[22.535,12.076],[22.665,12.207],[22.796,12.076],[22.796,11.815],[22.927,11.553],[22.927,11.422],[23.058,11.422],[22.927,11.16],[23.058,11.029],[23.058,10.898],[23.32,10.898],[23.32,10.375],[22.665,10.375],[22.665,10.244],[22.404,10.244],[22.142,10.113],[22.142,9.72],[22.011,9.72],[22.011,9.589],[21.88,9.589],[21.88,9.458],[21.749,9.458],[21.356,9.065],[21.356,8.935],[21.225,8.804],[21.095,8.804],[20.833,8.542],[20.309,8.542],[20.047,8.411],[19.393,8.411],[19.262,8.28],[19.524,8.149],[19.524,8.018],[19.393,8.018],[19.393,7.887],[19.131,7.625],[19.0,7.625],[19.0,7.495],[18.607,7.495],[18.345,7.364],[17.822,7.364],[17.56,7.102],[17.298,7.102],[17.298,6.971],[17.167,6.971],[17.036,7.102],[17.036,7.233],[16.905,7.364],[16.905,7.233],[16.775,7.233],[16.775,7.102],[16.644,7.102],[16.513,6.971],[15.858,6.971],[15.989,7.102],[15.989,7.233],[15.858,7.233],[15.727,7.495],[15.727,7.756],[15.596,8.018],[15.335,8.149],[15.335,8.28],[15.204,8.28],[14.942,8.411],[14.811,8.673],[14.68,8.673],[14.418,9.065],[14.418,9.196],[14.68,9.458],[15.073,9.458],[15.204,9.327],[15.465,9.458],[16.12,9.458],[15.596,9.982],[15.596,10.113],[15.465,10.244],[15.465,10.767],[15.596,11.029],[15.465,11.029],[15.465,11.291],[15.335,11.553],[15.335,11.945],[15.073,12.207],[14.942,12.207],[14.942,12.469],[14.549,12.469],[14.418,12.731],[14.025,13.124],[13.895,13.516],[13.895,13.909],[14.287,14.433],[14.549,14.956],[15.204,15.611],[15.858,16.396],[15.989,16.789],[15.989,17.836],[16.12,18.229],[16.12,19.407],[16.251,19.407],[16.382,19.8],[15.989,20.193],[15.989,20.455],[15.727,20.847],[15.596,20.847],[15.596,21.371],[15.465,21.895],[15.465,22.418],[16.382,22.942],[16.775,22.68],[17.691,22.287],[19.131,21.502],[19.655,21.371],[22.011,20.062],[22.535,19.931],[24.367,18.884]]]]}},{"type":"Feature","properties":{"iso3":"TGO","name":"Togo"},"geometry":{"type":"MultiPolygon","coordinates":[[[[1.458,10.375],[1.327,10.244],[1.327,9.851],[1.851,9.458],[1.851,9.065],[1.982,8.935],[1.982,8.673],[2.113,8.542],[2.113,8.018],[2.244,7.756],[2.244,6.447],[2.113,6.447],[2.113,6.055],[2.244,6.055],[2.244,5.924],[2.375,5.793],[2.113,5.662],[2.244,5.662],[1.851,5.531],[1.72,5.531],[1.72,5.662],[1.589,5.662],[1.589,5.793],[1.327,5.793],[1.327,6.055],[1.196,6.055],[1.196,6.185],[1.065,6.185],[1.065,6.447],[1.196,6.447],[1.196,6.84],[1.065,6.84],[1.065,6.971],[1.196,7.233],[1.196,7.887],[0.935,8.149],[1.065,8.28],[1.065,8.935],[0.804,8.935],[0.804,9.065],[0.935,9.065],[0.804,9.065],[0.935,9.196],[0.935,9.72],[0.804,9.851],[0.673,9.851],[0.673,9.982],[0.542,9.982],[0.542,10.113],[0.411,10.113],[0.542,10.244],[0.542,10.505],[1.065,10.375],[1.458,10.375]]]]}},{"type":"Feature","properties":{"iso3":"THA","name":"Thailand"},"geometry":{"type":"MultiPolygon","coordinates":[[[[100.033,5.924],[100.033,6.185],[100.164,6.055],[100.033,5.924]]],[[[98.855,7.364],[98.855,7.233],[98.724,7.233],[98.724,7.625],[98.724,7.495],[98.855,7.495],[98.855,7.364]]],[[[100.556,9.065],[100.556,8.935],[100.425,8.935],[100.425,8.804],[100.295,8.935],[100.425,9.065],[100.556,9.065]]],[[[100.556,9.196],[100.425,9.065],[100.425,9.196],[100.556,9.196]]],[[[103.044,11.16],[103.044,11.029],[102.913,11.029],[102.913,11.16],[103.044,11.16]]],[[[102.913,11.422],[102.782,11.422],[102.651,11.553],[102.782,11.553],[102.782,11.422],[102.913,11.422]]],[[[100.425,19.8],[100.556,19.8],[100.556,19.669],[100.687,19.8],[100.818,19.8],[100.818,19.669],[100.949,19.669],[100.949,19.276],[100.818,19.145],[101.08,18.884],[101.211,19.015],[101.604,19.015],[101.604,18.622],[101.735,18.491],[101.735,18.36],[101.473,17.967],[101.473,17.836],[101.604,17.705],[101.604,17.444],[101.342,17.051],[101.342,16.92],[101.604,16.92],[101.996,17.313],[102.127,17.313],[102.127,17.444],[102.258,17.444],[102.389,17.575],[102.52,17.575],[102.52,17.705],[102.782,17.444],[102.913,17.444],[103.044,17.313],[103.175,17.313],[103.175,17.444],[103.436,17.444],[103.567,17.575],[103.567,17.705],[103.698,17.705],[103.698,17.836],[104.091,17.836],[104.222,17.705],[104.484,17.705],[104.615,17.444],[105.007,17.051],[105.138,17.051],[105.138,16.92],[105.269,16.789],[105.138,16.527],[105.138,16.135],[105.269,15.873],[105.531,15.611],[105.531,15.48],[105.793,15.48],[105.793,15.218],[105.924,15.218],[106.055,15.087],[106.055,14.825],[105.924,14.825],[105.924,13.909],[105.793,13.909],[105.662,13.778],[105.531,13.778],[105.531,13.647],[105.4,13.647],[105.4,13.778],[105.269,13.909],[105.007,13.778],[104.222,13.778],[104.091,13.909],[103.96,13.909],[103.829,13.778],[103.567,13.778],[103.175,13.385],[103.175,13.255],[103.044,13.124],[102.913,13.124],[103.044,13.124],[102.913,12.993],[102.782,12.993],[102.782,12.6],[102.913,12.469],[102.913,12.076],[103.044,12.076],[103.175,11.945],[103.175,11.553],[103.305,11.16],[103.175,11.291],[103.175,11.422],[103.044,11.553],[103.044,11.684],[103.044,11.553],[102.913,11.553],[102.913,11.684],[102.782,11.684],[102.52,11.945],[102.389,11.945],[102.258,12.076],[101.342,12.076],[101.342,12.862],[101.08,12.993],[100.687,12.993],[100.556,12.862],[100.425,12.862],[100.425,12.6],[100.556,12.469],[100.425,12.207],[100.425,11.553],[100.295,11.553],[100.295,11.422],[100.033,10.898],[100.033,10.636],[99.902,10.505],[99.771,9.982],[99.64,9.851],[99.64,9.065],[99.771,8.804],[99.64,8.804],[99.64,8.673],[100.164,8.804],[100.295,8.673],[100.425,8.018],[100.556,7.887],[100.687,7.887],[100.818,6.84],[100.949,6.84],[100.949,6.709],[100.818,6.709],[100.818,6.971],[100.687,6.971],[100.687,7.233],[100.556,7.233],[100.556,7.102],[100.687,6.971],[100.818,6.709],[100.818,6.578],[101.08,6.578],[101.473,6.316],[101.865,6.316],[102.52,5.662],[102.52,5.531],[102.258,5.269],[101.996,5.269],[101.996,5.4],[101.604,5.138],[101.473,5.138],[101.342,5.269],[101.473,5.269],[101.473,5.662],[101.342,5.662],[101.211,5.793],[101.211,5.924],[100.949,5.924],[100.687,6.185],[100.556,6.055],[100.556,5.924],[100.164,6.316],[100.164,6.578],[100.033,6.578],[100.033,6.84],[99.902,6.709],[99.902,6.84],[99.771,6.84],[99.771,6.971],[99.64,7.102],[99.509,7.102],[99.509,7.364],[99.378,7.364],[99.247,7.495],[99.116,7.756],[98.985,7.756],[98.855,7.625],[98.724,7.625],[98.724,7.887],[98.593,8.018],[98.724,8.149],[98.724,8.411],[98.855,8.673],[98.855,9.065],[99.116,9.589],[99.116,9.851],[99.247,9.851],[99.247,10.244],[99.64,10.505],[99.771,10.898],[100.033,11.16],[99.902,11.553],[99.902,11.815],[99.64,12.207],[99.64,12.469],[99.509,12.469],[99.509,12.6],[99.64,12.731],[99.64,12.993],[99.509,13.124],[99.509,13.255],[99.378,13.385],[99.378,13.516],[98.985,13.778],[98.985,13.909],[98.724,14.171],[98.724,14.302],[98.593,14.433],[98.593,14.695],[98.724,14.695],[98.855,14.825],[98.985,14.825],[98.985,15.48],[99.247,15.611],[99.247,15.742],[99.378,15.742],[99.247,15.873],[99.116,15.742],[98.985,16.004],[98.985,16.135],[98.855,16.135],[98.855,16.396],[98.331,16.92],[98.2,17.182],[98.069,17.182],[98.069,17.313],[98.2,17.444],[98.069,17.575],[98.069,17.705],[97.938,17.705],[97.938,17.836],[97.807,17.967],[98.2,17.967],[98.2,18.098],[98.069,18.36],[98.2,18.491],[98.2,18.884],[98.462,19.145],[98.462,19.276],[98.593,19.145],[98.855,19.145],[99.378,19.276],[99.509,19.538],[99.902,19.538],[99.902,19.8],[100.295,19.8],[100.295,19.931],[100.425,19.8]]]]}},{"type":"Feature","properties":{"iso3":"TJK","name":"Tajikistan"},"geometry":{"type":"MultiPolygon","coordinates":[[[[71.102,39.305],[71.102,39.175],[70.971,39.175],[70.971,39.305],[71.102,39.305]]],[[[71.102,40.353],[70.971,40.484],[71.102,40.484],[71.102,40.353]]],[[[71.102,40.091],[70.971,39.96],[70.84,39.96],[70.84,39.829],[70.971,39.829],[70.971,39.698],[71.364,39.698],[71.364,39.567],[71.102,39.567],[71.102,39.436],[70.84,39.436],[70.84,39.567],[70.447,39.567],[70.447,39.698],[70.185,39.567],[69.924,39.567],[69.924,39.305],[69.793,39.305],[69.793,39.436],[69.662,39.305],[69.662,38.913],[69.924,38.913],[70.055,39.044],[70.971,39.044],[71.233,38.782],[71.495,38.913],[71.625,38.913],[71.756,39.044],[71.887,39.044],[71.887,38.913],[72.149,38.913],[72.149,38.782],[72.542,38.782],[72.542,38.651],[72.673,38.651],[72.673,38.782],[73.72,38.782],[73.72,38.913],[74.113,38.913],[74.113,38.782],[73.982,38.651],[74.244,38.389],[74.113,38.389],[74.113,38.258],[74.244,38.127],[74.244,37.996],[74.505,37.996],[74.505,38.127],[74.767,38.127],[74.898,37.996],[75.16,37.996],[75.291,37.865],[75.16,37.735],[75.16,37.604],[75.291,37.473],[75.291,37.211],[75.422,37.211],[75.291,37.08],[75.422,36.949],[75.553,36.949],[75.553,36.818],[75.422,36.687],[75.291,36.687],[75.16,36.818],[74.505,36.818],[74.375,36.687],[74.113,36.687],[74.113,36.818],[73.982,36.949],[73.851,36.949],[73.327,36.687],[73.065,36.425],[72.804,36.425],[72.411,36.164],[72.018,36.164],[72.018,36.295],[71.887,36.425],[71.887,37.08],[72.018,37.211],[72.018,37.342],[71.756,37.342],[71.756,37.604],[71.495,37.865],[71.102,37.865],[71.102,37.735],[70.84,37.473],[70.709,37.473],[70.709,37.342],[70.578,37.342],[70.709,37.211],[70.709,37.08],[70.578,37.08],[70.578,36.949],[70.447,36.949],[70.316,37.08],[70.055,37.08],[69.924,36.949],[69.793,36.949],[69.793,36.556],[69.662,36.556],[69.4,36.818],[69.269,36.818],[69.269,36.687],[69.007,36.687],[68.876,36.556],[68.745,36.556],[68.745,36.425],[68.353,36.425],[68.222,36.556],[68.222,36.949],[68.353,36.949],[68.484,37.211],[68.484,37.342],[68.615,37.342],[68.745,37.473],[68.745,37.735],[68.615,37.735],[68.615,37.865],[68.484,37.865],[68.484,38.127],[68.615,38.389],[68.091,38.389],[68.091,38.651],[67.829,38.651],[67.829,38.913],[67.96,38.913],[67.96,39.044],[68.745,39.044],[68.876,38.913],[68.876,39.044],[69.007,39.044],[69.007,39.305],[69.269,39.305],[69.269,39.567],[69.4,39.567],[69.007,39.567],[69.138,39.567],[69.4,39.698],[69.531,39.698],[69.662,39.567],[69.662,39.698],[69.793,39.829],[69.662,39.96],[69.662,40.091],[69.793,40.091],[69.793,40.222],[69.924,40.222],[70.055,40.091],[70.185,40.091],[70.447,40.222],[70.578,40.222],[70.84,40.484],[71.102,40.222],[71.233,40.222],[71.102,40.091]]]]}},{"type":"Feature","properties":{"iso3":"TKM","name":"Turkmenistan"},"geometry":{"type":"MultiPolygon","coordinates":[[[[53.56,38.258],[53.429,38.389],[53.429,38.52],[53.56,38.52],[53.429,38.52],[53.56,38.258]]],[[[59.189,42.055],[59.32,42.055],[59.32,41.924],[59.582,41.924],[59.713,41.793],[60.236,41.793],[60.367,41.662],[60.367,41.4],[60.498,41.4],[60.629,41.269],[60.498,41.269],[60.498,40.876],[60.891,40.615],[61.153,40.745],[61.284,40.745],[61.415,40.615],[61.807,40.615],[61.807,40.745],[62.069,40.745],[62.462,40.353],[62.462,40.091],[62.855,39.829],[62.855,39.436],[62.985,39.436],[64.556,38.389],[65.08,38.258],[65.08,38.127],[65.211,38.127],[65.865,37.735],[66.389,37.735],[66.782,37.473],[67.044,37.473],[67.044,37.342],[66.913,37.211],[66.913,36.818],[66.52,36.818],[66.389,36.949],[66.127,36.949],[65.996,36.818],[65.996,36.687],[65.342,36.687],[65.211,36.556],[65.08,36.033],[64.818,35.64],[64.556,35.64],[64.556,35.509],[64.295,35.509],[64.164,35.378],[63.902,35.378],[63.771,35.247],[63.509,35.247],[63.64,35.116],[63.509,35.116],[63.509,34.855],[63.247,34.855],[63.116,34.724],[62.855,34.724],[62.724,34.593],[62.724,34.724],[62.593,34.724],[62.462,34.855],[61.938,34.855],[61.807,34.985],[61.807,35.116],[61.676,35.116],[61.676,35.378],[61.545,35.378],[61.545,35.509],[61.676,35.509],[61.676,35.64],[61.545,35.771],[61.545,36.033],[60.76,36.033],[60.498,36.425],[60.367,36.425],[59.975,36.687],[59.844,36.687],[59.844,36.818],[59.713,36.949],[59.32,37.08],[58.665,37.08],[58.273,37.342],[57.88,37.342],[57.749,37.473],[57.749,37.604],[57.356,37.604],[57.225,37.735],[56.833,37.735],[56.833,37.604],[56.702,37.604],[56.702,37.473],[56.44,37.473],[56.309,37.604],[56.047,37.604],[55.785,37.473],[55.655,37.473],[55.262,37.211],[55.131,36.949],[55.0,36.949],[54.869,36.818],[54.345,36.818],[54.215,37.08],[54.215,38.127],[54.345,38.127],[54.345,38.389],[53.953,38.782],[53.691,38.782],[53.56,38.651],[53.56,38.913],[53.691,39.044],[53.822,39.044],[53.953,38.913],[54.084,39.044],[53.953,39.044],[53.953,39.175],[53.822,39.175],[53.822,39.305],[53.953,39.305],[53.822,39.436],[53.429,39.436],[53.429,39.175],[53.429,39.305],[53.298,39.305],[53.167,39.436],[53.167,39.96],[53.298,40.091],[53.298,40.353],[53.429,40.484],[53.429,40.353],[53.56,40.222],[54.084,40.222],[54.215,40.091],[54.476,40.091],[54.607,40.222],[54.738,40.091],[54.738,40.353],[55.0,40.222],[55.131,40.353],[55.131,40.615],[55.0,40.615],[54.738,40.745],[54.476,41.007],[54.476,41.269],[54.345,41.269],[54.215,41.531],[53.56,41.531],[53.429,41.4],[53.298,41.4],[53.298,40.615],[53.167,40.745],[52.905,41.269],[53.298,41.531],[53.429,41.531],[53.691,41.662],[53.953,41.662],[54.084,41.793],[54.607,41.793],[54.738,41.662],[54.869,41.662],[55.131,41.531],[55.262,41.4],[55.393,41.4],[55.393,41.269],[55.524,41.138],[55.524,41.007],[55.655,40.876],[55.785,40.876],[55.785,40.745],[57.487,40.745],[57.356,41.269],[57.618,41.531],[57.749,41.531],[57.749,41.662],[58.273,41.662],[58.404,41.793],[58.404,41.924],[58.665,41.924],[58.796,41.793],[58.927,41.793],[58.796,41.793],[58.665,41.924],[58.665,42.055],[58.535,42.055],[58.665,42.055],[58.665,42.185],[58.796,42.055],[58.927,42.055],[58.927,42.185],[59.058,42.185],[59.189,42.055]]]]}},{"type":"Feature","properties":{"iso3":"TLS","name":"Timor-Leste"},"geometry":{"type":"MultiPolygon","coordinates":[[[[124.775,-9.785],[124.644,-9.916],[124.513,-9.785],[124.644,-9.655],[124.905,-9.655],[124.775,-9.785]]],[[[127.785,-8.869],[127.393,-9.131],[127.262,-9.131],[127.131,-9.262],[127.0,-9.262],[126.869,-9.393],[126.607,-9.393],[126.476,-9.524],[126.215,-9.524],[125.822,-9.655],[125.429,-9.916],[125.429,-9.655],[125.56,-9.655],[125.56,-9.393],[125.429,-9.524],[125.298,-9.524],[125.298,-9.393],[125.691,-9.0],[126.215,-8.869],[127.131,-8.869],[127.262,-8.738],[127.655,-8.738],[127.655,-8.869],[127.785,-8.869]]],[[[126.084,-8.607],[125.953,-8.738],[125.953,-8.607],[126.084,-8.607]]]]}},{"type":"Feature","properties":{"iso3":"TON","name":"Tonga"},"geometry":{"type":"MultiPolygon","coordinates":[[[[185.418,-21.567],[185.418,-21.567],[185.418,-21.698],[185.091,-21.567],[185.091,-21.436],[185.091,-21.567],[185.418,-21.567]]],[[[186.4,-19.08],[186.4,-19.08],[186.4,-18.949],[186.727,-18.949],[186.727,-19.08],[186.4,-19.08]]]]}},{"type":"Feature","properties":{"iso3":"TTO","name":"Trinidad and Tobago"},"geometry":{"type":"MultiPolygon","coordinates":[[[[-60.462,9.589],[-60.593,9.458],[-60.985,9.458],[-61.247,9.589],[-61.378,9.458],[-61.116,9.589],[-61.116,9.72],[-60.985,9.72],[-60.855,9.982],[-60.985,9.982],[-60.985,10.113],[-61.116,10.113],[-60.985,10.244],[-60.331,10.244],[-60.462,10.113],[-60.462,9.589]]],[[[-60.2,10.636],[-60.2,10.767],[-59.938,10.767],[-60.2,10.636]]]]}},{"type":"Feature","properties":{"iso3":"TUN","name":"Tunisia"},"geometry":{"type":"MultiPolygon","coordinates":[[[[11.407,33.153],[11.145,33.153],[11.145,33.284],[11.407,33.284],[11.407,33.153]]],[[[11.669,34.2],[11.538,34.069],[11.538,34.2],[11.669,34.2]]],[[[10.36,36.687],[10.36,36.556],[10.491,36.687],[10.622,36.687],[10.622,36.425],[10.753,36.295],[10.753,36.164],[10.884,36.164],[10.884,36.295],[11.015,36.295],[11.145,36.425],[11.407,36.556],[11.538,36.556],[11.538,36.295],[11.276,35.902],[11.015,35.902],[11.015,35.771],[10.884,35.64],[10.884,35.509],[11.145,35.247],[11.407,35.116],[11.407,34.724],[11.538,34.724],[11.145,34.069],[11.015,33.938],[10.622,33.807],[10.491,33.676],[10.491,33.545],[10.753,33.153],[11.145,33.153],[11.145,33.022],[11.538,33.022],[11.538,32.76],[11.669,32.76],[11.669,32.629],[11.931,32.629],[11.931,31.844],[11.8,31.844],[11.407,31.582],[11.276,31.582],[11.015,31.32],[11.015,31.189],[10.753,31.189],[10.622,31.058],[10.622,30.927],[10.491,30.927],[10.622,30.665],[10.622,30.273],[10.491,30.142],[10.491,29.88],[10.098,29.618],[9.967,29.88],[9.967,30.273],[9.836,30.535],[9.836,30.796],[9.705,31.058],[9.705,31.32],[9.575,31.451],[9.575,31.582],[9.444,31.713],[9.182,31.713],[8.92,31.975],[8.92,32.105],[8.658,32.498],[8.396,32.629],[8.265,32.629],[8.135,33.153],[8.004,33.284],[8.004,33.415],[8.527,33.938],[8.658,33.938],[8.658,34.069],[8.789,34.069],[8.789,34.462],[8.92,34.593],[8.92,35.116],[8.789,35.116],[8.789,35.509],[8.92,35.64],[8.92,35.902],[8.789,35.902],[8.789,36.033],[8.92,36.033],[9.051,36.164],[9.051,36.295],[9.182,36.295],[9.182,36.425],[9.444,36.425],[9.705,36.687],[10.229,36.818],[10.36,36.818],[10.36,36.687]]]]}},{"type":"Feature","properties":{"iso3":"TUR","name":"Turkey"},"geometry":{"type":"MultiPolygon","coordinates":[[[[26.331,39.567],[26.069,39.567],[26.2,39.698],[26.331,39.698],[26.462,39.567],[26.331,39.567]]],[[[35.495,41.4],[35.756,41.138],[36.542,41.138],[36.542,40.876],[36.673,40.745],[37.458,40.745],[37.458,40.615],[37.851,40.615],[38.767,40.353],[39.029,40.353],[39.291,40.484],[39.815,40.615],[40.207,40.484],[40.338,40.353],[40.469,40.484],[40.6,40.353],[40.731,40.353],[41.124,40.615],[41.385,40.615],[41.909,41.007],[42.04,40.876],[42.956,40.876],[42.956,41.007],[43.218,41.007],[43.218,40.876],[43.349,40.876],[43.48,40.745],[43.611,40.745],[43.611,40.615],[43.873,40.615],[43.873,40.484],[44.004,40.484],[44.004,40.353],[44.135,40.222],[44.135,39.96],[44.004,39.96],[44.004,39.829],[44.135,39.698],[44.135,39.567],[44.265,39.567],[44.396,39.436],[44.789,39.436],[45.182,39.175],[45.182,39.044],[45.182,39.175],[44.92,39.175],[44.789,38.913],[44.789,38.782],[44.658,38.782],[44.527,38.913],[44.527,38.782],[44.396,38.782],[44.527,38.782],[44.527,38.651],[44.658,38.651],[44.658,38.52],[44.527,38.52],[44.527,38.389],[44.658,38.389],[44.658,37.865],[44.92,37.865],[44.92,37.735],[44.789,37.735],[44.789,37.604],[44.658,37.473],[44.658,37.342],[44.789,37.342],[44.789,37.211],[45.051,37.211],[44.92,37.08],[45.051,37.08],[45.051,36.818],[45.182,36.818],[45.182,36.556],[44.789,36.556],[44.789,36.425],[44.658,36.425],[44.658,36.687],[44.527,36.687],[44.527,36.818],[44.396,36.818],[44.396,36.687],[44.004,36.687],[43.742,36.818],[43.218,36.818],[42.825,36.556],[42.695,36.687],[42.433,36.687],[42.302,36.556],[41.124,36.556],[40.076,36.164],[39.16,36.164],[39.029,36.295],[38.375,36.295],[38.244,36.164],[37.982,36.164],[37.851,36.033],[37.72,36.033],[37.589,36.164],[37.458,36.033],[37.458,36.164],[37.327,36.164],[37.196,36.295],[37.065,36.295],[37.065,36.164],[36.935,35.902],[37.065,35.771],[37.065,35.64],[36.804,35.64],[36.804,35.509],[36.542,35.247],[36.411,35.378],[36.28,35.378],[36.411,35.378],[36.28,35.64],[36.28,35.902],[36.411,35.902],[36.673,36.164],[36.542,36.295],[36.28,36.295],[36.28,36.164],[36.149,36.164],[36.018,36.033],[35.625,36.033],[35.233,36.295],[35.102,36.295],[34.447,35.771],[34.316,35.771],[34.185,35.64],[33.924,35.64],[33.531,35.509],[33.007,35.509],[32.745,35.64],[32.745,35.771],[32.484,36.033],[32.222,36.033],[31.829,36.295],[31.044,36.295],[31.044,36.033],[30.782,35.64],[30.782,35.771],[30.651,35.771],[30.52,35.64],[29.735,35.64],[29.473,36.033],[29.473,36.164],[29.08,36.164],[28.949,36.295],[28.687,36.295],[28.556,36.164],[28.556,36.033],[28.425,36.033],[28.425,36.164],[28.556,36.164],[27.902,36.164],[28.033,36.164],[28.033,36.295],[28.425,36.295],[28.556,36.425],[28.687,36.425],[27.64,36.425],[27.64,36.556],[27.902,36.556],[27.902,36.687],[27.771,36.687],[27.771,36.818],[27.64,36.818],[27.64,36.949],[27.509,37.08],[27.64,37.211],[27.64,37.473],[27.247,37.473],[27.247,37.604],[26.855,37.604],[26.724,37.735],[26.724,37.865],[26.855,37.865],[26.855,38.127],[26.985,38.127],[26.985,37.865],[27.116,37.735],[27.116,37.865],[27.509,37.865],[27.378,37.865],[27.247,37.996],[27.247,38.127],[27.378,38.258],[27.378,38.389],[27.247,38.389],[27.247,38.52],[27.116,38.651],[27.116,38.782],[27.247,38.913],[27.378,38.913],[27.378,39.044],[26.855,38.913],[26.462,38.913],[26.462,39.044],[26.593,39.044],[26.593,39.436],[26.724,39.436],[26.855,39.698],[27.116,39.829],[27.378,39.829],[27.509,39.96],[27.771,39.96],[27.771,39.829],[27.902,39.698],[28.164,39.829],[28.295,39.829],[28.164,39.96],[28.425,39.96],[28.425,39.829],[28.295,39.829],[29.473,39.829],[29.342,39.96],[29.211,39.96],[29.342,40.091],[29.996,40.091],[30.258,40.222],[29.735,40.222],[29.735,40.353],[29.473,40.353],[29.473,40.615],[30.782,40.615],[31.175,40.484],[31.829,40.615],[31.829,40.745],[33.4,41.4],[35.233,41.4],[35.495,41.531],[35.625,41.531],[35.625,41.4],[35.495,41.4]]],[[[27.771,41.531],[27.902,41.4],[28.425,41.4],[28.425,41.138],[28.818,40.876],[29.342,40.745],[29.473,40.615],[29.473,40.484],[29.342,40.484],[29.211,40.353],[28.687,40.484],[28.164,40.484],[27.902,40.353],[27.902,40.222],[27.378,39.96],[27.247,39.96],[26.724,39.567],[26.593,39.567],[26.724,39.698],[26.724,39.829],[26.855,39.829],[27.247,40.091],[26.462,40.091],[26.462,40.222],[26.593,40.222],[26.724,40.353],[26.724,40.745],[26.985,40.745],[26.985,41.138],[26.724,41.138],[26.724,41.269],[26.985,41.269],[26.985,41.4],[27.247,41.4],[27.378,41.531],[27.771,41.531]]]]}},{"type":"Feature","properties":{"iso3":"TWN","name":"Taiwan"},"geometry":{"type":"MultiPolygon","coordinates":[[[[118.884,23.989],[118.884,23.858],[118.753,23.858],[118.884,23.989]]],[[[121.371,22.025],[121.371,21.764],[121.24,21.764],[121.24,21.371],[121.109,21.371],[121.109,21.633],[120.716,22.025],[120.716,22.156],[120.455,22.549],[120.455,22.68],[120.585,22.811],[120.585,23.204],[121.371,24.251],[121.371,24.382],[121.764,24.644],[121.895,24.644],[121.895,24.775],[122.025,24.775],[122.025,24.644],[122.156,24.644],[122.418,24.382],[122.287,24.382],[122.287,23.989],[122.025,23.596],[122.025,23.335],[121.895,23.073],[121.895,22.811],[121.764,22.68],[121.764,22.418],[121.633,22.156],[121.371,22.025]]]]}},{"type":"Feature","properties":{"iso3":"TZA","name":"Tanzania"},"geometry":{"type":"MultiPolygon","coordinates":[[[[40.076,-8.345],[40.076,-8.476],[40.076,-8.345],[40.338,-8.084],[40.338,-8.215],[40.207,-8.345],[40.076,-8.345]]],[[[39.945,-6.644],[39.945,-6.905],[39.815,-6.905],[39.815,-6.775],[39.684,-6.644],[39.553,-6.644],[39.684,-6.513],[39.553,-6.382],[39.684,-6.251],[39.684,-6.12],[39.815,-6.251],[39.815,-6.513],[39.945,-6.644]]],[[[40.338,-5.335],[40.338,-5.727],[40.207,-5.858],[40.076,-5.858],[40.076,-5.335],[40.338,-5.335]]],[[[31.305,-1.407],[34.447,-1.407],[34.709,-1.669],[35.887,-2.193],[37.065,-2.978],[37.982,-3.371],[38.113,-3.502],[38.113,-3.895],[37.982,-3.895],[38.113,-3.895],[38.113,-4.025],[38.244,-4.025],[38.244,-4.156],[38.375,-4.156],[38.767,-4.549],[38.898,-4.549],[39.553,-5.073],[39.684,-5.073],[39.553,-5.596],[39.422,-5.596],[39.422,-5.989],[39.291,-5.989],[39.291,-6.775],[39.422,-6.905],[39.553,-6.905],[39.553,-7.036],[39.684,-7.167],[39.684,-7.298],[39.945,-7.298],[39.945,-7.56],[39.684,-7.953],[39.684,-8.215],[39.815,-8.215],[39.815,-8.607],[39.684,-8.738],[39.684,-8.869],[39.945,-9.262],[39.945,-9.393],[39.815,-9.393],[40.076,-9.655],[40.076,-10.047],[40.207,-10.178],[40.207,-10.44],[40.338,-10.44],[40.338,-10.571],[40.6,-10.571],[40.6,-10.702],[40.862,-10.833],[40.469,-11.225],[40.207,-11.356],[39.945,-11.356],[39.553,-11.618],[39.16,-11.618],[38.898,-11.88],[38.767,-11.749],[38.244,-11.749],[38.244,-11.88],[37.982,-12.142],[37.589,-12.142],[37.589,-12.011],[37.196,-12.011],[37.065,-12.142],[36.673,-12.142],[36.28,-11.88],[36.149,-11.88],[36.149,-12.011],[35.364,-12.011],[35.364,-11.88],[35.102,-11.618],[35.102,-11.487],[34.971,-11.487],[34.971,-11.356],[35.102,-11.356],[35.102,-11.095],[34.971,-10.964],[34.971,-10.44],[34.709,-10.178],[34.578,-9.916],[34.447,-9.916],[34.316,-10.047],[34.447,-10.047],[33.793,-10.047],[33.793,-9.916],[33.531,-9.916],[33.4,-9.785],[33.138,-9.785],[33.007,-9.655],[32.876,-9.655],[32.876,-9.524],[32.353,-9.524],[32.353,-9.393],[32.091,-9.393],[32.091,-9.262],[31.96,-9.262],[31.96,-9.131],[31.829,-9.131],[31.829,-9.0],[31.436,-9.0],[31.175,-8.738],[31.175,-8.476],[31.044,-8.345],[31.044,-8.215],[30.782,-7.822],[30.782,-7.691],[30.651,-7.429],[30.389,-7.167],[30.258,-7.167],[30.127,-7.036],[29.996,-6.775],[29.996,-6.644],[29.865,-6.513],[29.865,-6.382],[29.996,-6.251],[29.996,-5.989],[29.865,-5.858],[29.865,-5.596],[29.735,-5.465],[29.735,-5.073],[29.865,-4.942],[29.865,-4.811],[30.127,-4.942],[30.651,-4.418],[30.651,-4.287],[30.782,-4.156],[30.782,-4.025],[30.913,-4.025],[30.913,-3.895],[31.044,-3.895],[31.044,-3.764],[31.175,-3.764],[31.175,-3.371],[30.913,-3.371],[30.913,-2.847],[31.175,-2.847],[31.305,-2.716],[31.305,-2.455],[31.175,-2.324],[31.305,-2.062],[31.175,-1.931],[31.175,-1.8],[31.044,-1.8],[30.913,-1.669],[30.913,-1.538],[31.044,-1.538],[31.175,-1.407],[31.305,-1.407]]]]}},{"type":"Feature","properties":{"iso3":"UGA","name":"Uganda"},"geometry":{"type":"MultiPolygon","coordinates":[[[[34.316,-1.407],[31.175,-1.407],[31.044,-1.538],[30.782,-1.538],[30.389,-1.931],[30.258,-1.931],[30.258,-1.8],[29.996,-1.8],[29.996,-1.145],[30.127,-1.015],[29.996,-0.884],[30.127,-0.36],[30.258,-0.36],[30.258,-0.098],[30.389,-0.098],[30.389,0.295],[30.52,0.295],[30.782,0.687],[30.913,0.687],[31.698,1.473],[31.698,1.604],[31.567,1.735],[31.436,1.735],[31.436,1.865],[31.175,1.865],[31.175,2.127],[31.305,2.258],[31.305,2.389],[31.175,2.389],[31.175,2.651],[31.305,2.782],[31.305,3.044],[31.436,3.175],[32.091,3.175],[32.222,3.305],[32.222,3.175],[32.353,3.175],[32.353,3.044],[32.484,3.044],[32.484,2.913],[32.615,2.913],[32.615,3.044],[32.745,3.175],[33.138,3.175],[33.269,3.305],[33.4,3.305],[33.531,3.175],[33.924,3.175],[34.447,3.698],[34.578,3.305],[34.709,3.175],[34.84,3.175],[34.84,2.651],[34.971,2.52],[34.971,2.389],[35.102,2.258],[35.233,2.258],[35.233,1.996],[35.364,1.865],[35.364,0.949],[35.233,0.949],[35.233,0.687],[35.102,0.687],[34.971,0.556],[34.971,0.425],[34.578,0.033],[34.578,-0.098],[34.316,-0.36],[34.316,-1.407]]]]}},{"type":"Feature","properties":{"iso3":"UKR","name":"Ukraine"},"geometry":{"type":"MultiPolygon","coordinates":[[[[32.484,45.589],[31.96,45.72],[31.96,45.851],[31.96,45.72],[32.484,45.589]]],[[[33.924,51.742],[34.316,51.742],[34.84,51.218],[34.709,51.087],[34.578,51.087],[34.578,50.825],[34.709,50.825],[34.709,50.695],[34.578,50.695],[35.102,50.695],[35.102,50.564],[35.233,50.564],[35.233,50.695],[35.495,50.695],[35.495,50.564],[35.625,50.564],[35.625,50.433],[35.756,50.433],[35.756,50.302],[35.887,50.171],[35.887,50.04],[35.756,50.04],[35.887,50.04],[35.887,49.909],[36.018,49.909],[36.018,49.778],[36.149,49.778],[36.28,49.909],[36.542,49.909],[36.673,49.778],[36.935,49.778],[36.935,49.647],[37.065,49.647],[37.196,49.778],[37.72,49.778],[37.72,49.909],[37.851,49.909],[37.982,49.778],[37.982,49.647],[38.375,49.385],[38.636,49.385],[38.636,49.516],[38.898,49.385],[39.16,49.385],[39.291,49.255],[39.684,49.255],[39.684,49.124],[40.076,49.124],[40.207,48.993],[40.469,48.993],[40.469,48.862],[40.6,48.862],[40.6,48.731],[40.469,48.731],[40.469,48.6],[40.338,48.6],[40.338,48.469],[40.076,48.469],[40.076,48.338],[40.469,48.338],[40.469,48.207],[40.076,48.207],[40.076,48.076],[40.207,48.076],[40.207,47.945],[40.338,47.945],[40.338,47.553],[40.207,47.422],[40.207,47.291],[39.291,47.291],[39.16,47.16],[39.029,47.16],[38.898,47.029],[38.767,47.029],[38.636,46.898],[38.636,46.767],[38.767,46.767],[38.636,46.636],[38.636,46.505],[37.982,46.505],[37.72,46.375],[37.458,46.375],[37.196,46.113],[37.065,46.244],[36.935,46.244],[36.804,46.113],[36.28,46.113],[35.625,45.589],[35.495,45.589],[35.625,45.72],[35.756,45.72],[35.756,45.851],[35.625,45.851],[35.495,45.72],[35.364,45.72],[35.233,45.589],[35.233,45.458],[35.756,44.804],[36.542,44.804],[36.542,44.935],[36.804,44.935],[37.065,44.804],[36.935,44.804],[36.935,44.673],[36.673,44.411],[36.28,44.411],[36.28,44.542],[35.887,44.542],[35.625,44.28],[35.102,44.28],[34.447,43.887],[34.055,43.887],[33.924,44.018],[33.924,44.149],[34.055,44.411],[33.793,44.673],[33.662,44.673],[33.4,44.804],[32.876,44.804],[33.531,45.196],[34.055,45.327],[34.055,45.589],[33.924,45.458],[33.793,45.458],[33.662,45.589],[32.745,45.589],[32.484,45.72],[32.222,45.72],[32.222,45.851],[32.484,45.851],[32.091,45.851],[32.091,45.982],[31.96,45.982],[33.007,45.982],[33.007,46.113],[32.745,45.982],[32.615,45.982],[32.484,46.113],[32.353,46.113],[32.353,46.505],[32.222,46.636],[32.222,46.505],[32.353,46.505],[32.353,46.113],[31.96,46.113],[31.96,46.244],[31.829,46.113],[31.567,46.113],[31.175,45.982],[31.175,45.851],[30.651,45.327],[30.389,45.196],[29.996,45.196],[29.996,45.065],[30.127,44.935],[30.127,44.673],[30.127,44.804],[29.473,44.804],[29.342,44.673],[29.211,44.804],[29.211,44.673],[28.818,44.673],[28.687,44.804],[28.687,44.935],[28.949,44.935],[28.949,45.196],[29.08,45.196],[29.211,45.327],[29.211,45.458],[29.342,45.458],[29.342,45.589],[29.473,45.589],[29.342,45.72],[29.342,45.851],[29.473,45.982],[29.604,45.982],[29.604,45.851],[30.52,45.851],[30.389,45.982],[30.389,46.244],[30.258,46.244],[30.127,46.375],[29.996,46.375],[29.996,46.767],[29.735,46.767],[29.604,46.898],[29.604,47.422],[29.342,47.422],[29.211,47.553],[28.687,47.553],[28.818,47.684],[28.556,47.684],[28.164,47.945],[27.902,47.945],[27.771,47.815],[27.247,47.815],[27.116,47.684],[26.724,47.684],[26.724,47.553],[26.593,47.422],[26.069,47.422],[25.938,47.291],[25.545,47.291],[25.545,47.16],[25.284,47.16],[25.022,47.291],[25.022,47.422],[24.76,47.422],[24.76,47.291],[24.629,47.291],[24.498,47.422],[23.844,47.422],[23.582,47.553],[23.451,47.553],[23.451,47.422],[23.32,47.422],[23.32,47.553],[23.058,47.553],[22.927,47.684],[22.796,47.684],[22.665,47.815],[22.535,47.815],[22.535,48.076],[22.665,48.076],[22.927,48.469],[23.32,48.469],[23.189,48.6],[23.189,48.862],[23.058,48.993],[23.189,48.993],[23.451,49.385],[23.844,49.647],[23.975,49.647],[24.105,49.778],[24.367,49.909],[24.498,49.909],[24.498,50.171],[24.367,50.171],[24.367,50.302],[24.498,50.302],[24.105,50.695],[24.105,50.956],[23.975,50.956],[23.975,51.087],[24.498,51.087],[24.76,51.218],[24.76,51.349],[26.855,51.349],[26.855,51.218],[27.509,51.218],[27.64,51.087],[28.033,51.087],[28.164,50.956],[28.295,50.956],[28.295,51.087],[28.425,50.956],[28.556,50.956],[28.556,51.087],[28.687,51.087],[28.818,50.956],[29.08,50.956],[29.08,50.825],[29.211,50.825],[29.211,50.956],[29.342,50.956],[29.473,51.087],[29.604,51.087],[29.604,50.956],[29.735,50.825],[30.127,50.825],[30.389,50.956],[30.651,50.956],[30.913,50.695],[31.044,50.825],[31.044,50.956],[30.913,51.087],[31.044,51.087],[31.044,51.218],[31.175,51.349],[31.305,51.349],[31.436,51.48],[31.698,51.48],[31.829,51.611],[31.96,51.611],[32.222,51.48],[32.615,51.48],[32.745,51.611],[32.745,51.742],[33.924,51.742]]]]}},{"type":"Feature","properties":{"iso3":"URY","name":"Uruguay"},"geometry":{"type":"MultiPolygon","coordinates":[[[[-52.869,-34.135],[-52.869,-34.265],[-53.131,-34.658],[-53.393,-34.92],[-53.785,-35.182],[-54.309,-35.313],[-54.702,-35.313],[-54.833,-35.182],[-55.356,-35.182],[-55.618,-35.313],[-55.88,-35.313],[-55.88,-35.182],[-56.665,-34.92],[-57.32,-34.92],[-57.32,-34.789],[-57.451,-34.789],[-57.844,-34.396],[-57.844,-33.611],[-57.713,-33.611],[-57.582,-33.48],[-57.582,-32.302],[-57.451,-32.171],[-57.451,-31.778],[-57.32,-31.647],[-57.32,-31.385],[-57.189,-31.255],[-57.32,-31.124],[-57.32,-30.862],[-57.189,-30.862],[-57.058,-30.731],[-57.058,-30.6],[-57.058,-30.731],[-56.665,-30.731],[-56.404,-30.469],[-56.273,-30.469],[-55.88,-30.862],[-55.487,-31.124],[-55.487,-31.516],[-55.225,-31.516],[-55.225,-31.385],[-55.095,-31.385],[-55.095,-31.255],[-54.964,-31.255],[-54.833,-31.385],[-54.833,-31.516],[-54.702,-31.516],[-54.702,-31.647],[-54.571,-31.647],[-54.571,-31.778],[-54.44,-31.647],[-54.309,-31.778],[-54.047,-31.909],[-53.916,-31.909],[-53.916,-32.04],[-53.655,-32.302],[-53.393,-32.302],[-53.393,-32.433],[-53.262,-32.433],[-53.131,-32.564],[-53.131,-32.695],[-52.869,-32.956],[-52.738,-33.087],[-52.607,-33.087],[-52.607,-33.218],[-52.869,-33.48],[-53.0,-33.48],[-53.0,-34.135],[-52.869,-34.135]]]]}},{"type":"Feature","properties":{"iso3":"USA","name":"United States"},"geometry":{"type":"MultiPolygon","coordinates":[[[[-154.978,18.491],[-155.109,18.36],[-155.371,18.491],[-155.371,19.015],[-155.502,19.145],[-155.24,19.407],[-155.371,19.669],[-155.109,19.669],[-154.585,19.407],[-154.585,19.276],[-154.324,19.015],[-154.193,19.015],[-154.455,18.753],[-154.716,18.753],[-154.978,18.491]]],[[[-156.287,20.193],[-156.418,20.193],[-156.418,20.324],[-156.549,20.324],[-156.287,20.324],[-156.287,20.193]]],[[[-155.895,20.324],[-155.764,20.324],[-155.764,20.455],[-155.633,20.324],[-155.502,20.324],[-155.502,20.193],[-155.371,20.193],[-155.502,20.193],[-155.502,20.062],[-155.895,20.062],[-155.895,20.193],[-156.025,20.193],[-156.025,20.324],[-156.156,20.324],[-156.156,20.455],[-156.025,20.455],[-155.895,20.324]]],[[[-156.68,20.716],[-156.418,20.585],[-156.156,20.585],[-156.287,20.455],[-156.418,20.585],[-156.68,20.585],[-156.68,20.716]]],[[[-157.204,20.847],[-157.073,20.716],[-157.335,20.716],[-157.335,20.847],[-157.465,20.716],[-157.465,20.847],[-157.465,20.716],[-157.596,20.716],[-157.596,20.847],[-157.727,20.978],[-157.596,21.109],[-157.465,21.109],[-157.204,20.847]]],[[[-159.56,21.24],[-159.691,21.24],[-159.691,21.371],[-159.56,21.371],[-159.56,21.502],[-159.429,21.502],[-159.56,21.371],[-159.56,21.24]]],[[[-158.775,21.371],[-159.167,21.371],[-159.298,21.502],[-159.167,21.633],[-158.775,21.633],[-158.775,21.371]]],[[[-80.753,24.12],[-80.884,24.12],[-80.884,24.251],[-80.753,24.12]]],[[[-80.491,24.12],[-80.622,24.12],[-80.491,24.12],[-80.36,24.251],[-80.491,24.12]]],[[[-79.836,24.644],[-79.967,24.382],[-79.967,24.513],[-79.836,24.644],[-79.836,24.775],[-79.705,24.775],[-79.836,24.644]]],[[[-81.538,25.953],[-81.538,25.822],[-81.538,25.953],[-81.669,25.953],[-81.538,25.953]]],[[[-81.538,25.953],[-81.538,26.084],[-81.669,26.084],[-81.538,26.084],[-81.538,25.953]]],[[[-96.593,25.56],[-96.855,26.215],[-96.855,26.607],[-96.855,26.215],[-96.593,25.691],[-96.593,25.56]]],[[[-96.855,26.738],[-96.593,27.262],[-96.462,27.262],[-96.724,27.0],[-96.855,26.738]]],[[[-79.575,26.738],[-79.575,26.607],[-79.705,26.869],[-79.836,27.131],[-79.836,27.262],[-79.836,27.131],[-79.575,26.738]]],[[[-96.2,27.655],[-96.069,27.655],[-95.938,27.785],[-95.807,27.785],[-95.938,27.655],[-96.2,27.655]]],[[[-91.225,28.964],[-91.487,28.964],[-91.487,29.095],[-91.225,29.095],[-91.225,28.964]]],[[[-84.287,29.095],[-84.549,29.095],[-84.287,29.095],[-84.287,29.225],[-84.156,29.225],[-84.287,29.095]]],[[[-88.215,29.225],[-88.345,29.225],[-88.215,29.356],[-88.345,29.487],[-88.215,29.487],[-88.215,29.225]]],[[[-88.607,29.487],[-88.738,29.487],[-88.738,29.618],[-88.607,29.618],[-88.607,29.487]]],[[[-87.953,29.618],[-88.084,29.618],[-88.215,29.749],[-87.953,29.618]]],[[[-87.56,29.749],[-87.56,29.618],[-87.691,29.618],[-87.822,29.749],[-87.56,29.749]]],[[[-117.8,32.236],[-117.931,32.236],[-117.931,32.367],[-118.062,32.498],[-117.8,32.236]]],[[[-118.847,32.629],[-118.978,32.629],[-118.978,32.76],[-118.847,32.629]]],[[[-117.8,32.891],[-117.8,32.76],[-117.931,32.76],[-117.931,32.891],[-118.062,32.891],[-117.8,32.891]]],[[[-119.502,33.415],[-119.502,33.284],[-119.633,33.415],[-119.371,33.415],[-119.502,33.415]]],[[[-119.764,33.415],[-119.895,33.415],[-119.895,33.545],[-119.764,33.545],[-119.764,33.415]]],[[[-119.371,33.545],[-119.109,33.415],[-118.978,33.545],[-118.978,33.415],[-119.371,33.415],[-119.371,33.545]]],[[[-76.04,34.069],[-76.171,34.069],[-76.171,34.2],[-76.04,34.2],[-76.04,34.069]]],[[[-75.909,34.069],[-75.909,34.2],[-75.647,34.331],[-75.909,34.069]]],[[[-74.993,34.724],[-75.124,34.593],[-75.124,34.724],[-74.993,34.724],[-74.993,34.985],[-74.862,34.985],[-74.993,35.116],[-74.993,35.247],[-74.862,35.116],[-74.862,34.855],[-74.993,34.724]]],[[[-74.731,37.342],[-74.862,37.342],[-74.6,37.735],[-74.6,37.473],[-74.731,37.342]]],[[[-73.553,39.175],[-73.684,38.913],[-73.684,39.044],[-73.553,39.175]]],[[[-73.684,39.96],[-73.684,40.091],[-73.553,40.091],[-73.553,39.96],[-73.684,39.96]]],[[[-71.982,40.484],[-71.982,40.353],[-71.851,40.353],[-71.72,40.484],[-71.327,40.484],[-71.851,40.353],[-71.982,40.222],[-72.244,40.222],[-72.636,40.091],[-73.16,40.091],[-73.291,39.96],[-73.291,40.091],[-73.422,40.091],[-73.422,39.96],[-73.422,40.222],[-73.16,40.222],[-73.16,40.353],[-73.16,40.222],[-73.029,40.353],[-72.244,40.353],[-71.851,40.615],[-71.72,40.615],[-71.851,40.484],[-71.982,40.484]]],[[[-69.364,40.745],[-69.625,40.745],[-69.495,40.745],[-69.495,40.876],[-69.495,40.745],[-69.364,40.745]]],[[[-70.018,40.876],[-70.28,40.745],[-70.149,40.876],[-70.018,40.876]]],[[[-70.673,40.876],[-70.804,40.876],[-70.804,41.007],[-70.673,41.007],[-70.673,41.138],[-70.673,40.876]]],[[[-68.055,43.625],[-68.185,43.625],[-68.185,43.756],[-68.055,43.625]]],[[[-67.662,43.756],[-67.793,43.756],[-67.793,43.887],[-67.662,43.887],[-67.662,43.756]]],[[[-122.251,46.636],[-122.382,46.636],[-122.382,46.767],[-122.251,46.636]]],[[[-121.858,46.898],[-121.858,46.767],[-121.858,46.898],[-121.989,46.767],[-121.989,46.898],[-121.858,46.898]]],[[[-121.989,47.553],[-121.989,47.422],[-121.989,47.553],[-121.858,47.422],[-121.989,47.422],[-121.989,47.553],[-122.12,47.553],[-122.12,47.684],[-122.251,47.684],[-122.12,47.684],[-122.12,47.815],[-121.989,47.815],[-121.989,47.684],[-122.12,47.684],[-121.989,47.684],[-121.989,47.553]]],[[[-122.251,47.815],[-122.382,47.815],[-122.382,47.945],[-122.251,47.945],[-122.251,47.815]]],[[[-122.513,47.945],[-122.382,47.945],[-122.644,47.945],[-122.644,48.076],[-122.513,48.076],[-122.513,47.945]]],[[[-122.251,48.076],[-122.382,48.076],[-122.382,48.207],[-122.251,48.076]]],[[[-94.236,48.469],[-94.105,48.338],[-94.105,48.207],[-93.844,48.207],[-93.32,48.076],[-93.189,47.945],[-92.927,47.945],[-92.796,48.076],[-92.273,48.076],[-91.88,47.815],[-91.88,47.684],[-91.749,47.684],[-91.749,47.815],[-91.618,47.815],[-91.487,47.684],[-91.356,47.684],[-91.095,47.553],[-90.702,47.553],[-90.44,47.684],[-90.309,47.684],[-90.178,47.553],[-89.524,47.553],[-89.393,47.422],[-88.738,47.422],[-88.607,47.553],[-88.345,47.553],[-88.084,47.684],[-87.56,47.684],[-87.429,47.553],[-87.167,47.553],[-86.12,47.029],[-85.858,47.029],[-85.465,46.767],[-84.942,46.636],[-84.549,46.375],[-84.287,46.375],[-84.287,46.113],[-84.025,45.851],[-83.895,45.851],[-83.895,45.982],[-83.502,45.982],[-83.633,45.982],[-83.633,45.851],[-83.502,45.851],[-83.502,45.589],[-83.371,45.589],[-83.371,45.458],[-83.24,45.589],[-83.109,45.589],[-82.978,45.458],[-82.978,45.196],[-82.847,45.196],[-81.931,44.804],[-81.931,44.411],[-81.8,44.149],[-81.8,43.887],[-81.669,43.625],[-81.669,43.233],[-81.538,42.971],[-81.669,42.971],[-81.8,42.709],[-81.8,42.447],[-81.931,42.185],[-81.931,42.055],[-82.062,42.055],[-82.324,41.793],[-82.455,41.793],[-82.585,41.662],[-82.585,41.4],[-82.324,41.138],[-81.931,41.138],[-81.669,41.269],[-81.407,41.269],[-80.753,41.662],[-80.491,41.662],[-80.098,41.793],[-79.705,41.793],[-79.444,41.924],[-79.182,41.924],[-78.658,42.185],[-78.527,42.185],[-78.396,42.316],[-78.396,42.447],[-78.527,42.447],[-78.527,42.84],[-78.658,42.971],[-78.265,42.971],[-78.135,43.102],[-76.302,43.102],[-75.909,43.495],[-75.647,43.625],[-75.647,43.756],[-75.516,43.756],[-75.255,43.887],[-74.862,44.28],[-74.6,44.28],[-74.469,44.411],[-70.935,44.411],[-70.804,44.673],[-70.542,44.673],[-70.542,44.804],[-70.411,44.804],[-70.411,44.673],[-70.28,44.673],[-70.28,44.804],[-70.149,44.804],[-70.149,44.935],[-69.756,45.327],[-69.756,45.72],[-69.625,45.851],[-69.495,45.851],[-69.495,46.113],[-69.102,46.375],[-69.102,46.505],[-68.709,46.898],[-68.447,46.898],[-68.447,46.636],[-68.055,46.636],[-67.924,46.767],[-67.531,46.767],[-67.269,46.505],[-67.269,45.196],[-67.138,45.065],[-66.876,45.065],[-66.876,44.673],[-66.745,44.673],[-66.745,44.542],[-66.745,44.673],[-66.615,44.673],[-66.615,44.542],[-66.484,44.542],[-66.484,44.411],[-66.615,44.411],[-66.615,44.28],[-66.484,44.28],[-66.615,44.149],[-67.007,44.149],[-67.007,44.018],[-67.269,44.018],[-67.4,43.887],[-67.531,43.887],[-67.662,44.018],[-67.662,43.887],[-67.924,43.887],[-67.924,43.756],[-68.316,43.756],[-68.185,43.887],[-68.185,44.018],[-68.316,43.887],[-68.447,43.887],[-68.447,43.495],[-68.84,43.495],[-68.84,43.364],[-69.102,43.364],[-69.102,43.495],[-69.102,43.364],[-69.233,43.233],[-69.233,43.364],[-69.233,43.233],[-69.364,43.233],[-69.364,43.364],[-69.495,43.233],[-69.625,43.233],[-69.756,43.102],[-69.625,43.102],[-70.018,42.84],[-70.28,42.447],[-70.28,42.185],[-70.149,42.055],[-70.018,42.055],[-70.28,42.055],[-70.28,41.924],[-70.411,41.924],[-70.542,41.793],[-70.411,41.793],[-70.018,41.531],[-70.149,41.4],[-70.018,41.4],[-70.018,41.269],[-69.887,41.138],[-69.756,41.138],[-69.625,41.269],[-69.495,41.269],[-69.495,41.531],[-69.625,41.531],[-69.495,41.531],[-69.364,41.4],[-69.364,41.138],[-69.887,41.007],[-70.149,41.007],[-70.149,41.138],[-70.411,41.007],[-70.542,41.007],[-70.673,40.876],[-70.673,41.138],[-70.542,41.138],[-70.804,41.138],[-70.804,41.269],[-70.804,41.138],[-70.935,41.138],[-70.935,40.876],[-71.196,40.745],[-72.375,40.745],[-72.505,40.615],[-73.029,40.484],[-73.291,40.222],[-73.422,40.222],[-73.291,40.353],[-73.291,40.615],[-73.422,40.615],[-73.422,40.745],[-73.422,40.615],[-73.291,40.484],[-73.422,40.353],[-73.422,40.222],[-73.553,40.222],[-73.553,40.091],[-73.684,40.091],[-73.684,39.96],[-73.553,39.829],[-73.422,39.96],[-73.422,39.567],[-73.553,39.305],[-73.553,39.175],[-73.553,39.436],[-73.684,39.175],[-73.684,39.044],[-73.815,39.044],[-73.815,38.782],[-74.076,38.782],[-74.076,38.651],[-74.207,38.389],[-74.338,38.389],[-74.338,38.651],[-74.6,38.651],[-74.993,38.913],[-74.993,39.044],[-74.862,39.175],[-74.862,39.305],[-74.6,39.305],[-74.6,39.436],[-74.469,39.436],[-74.6,39.305],[-74.862,39.305],[-74.862,39.175],[-74.993,39.175],[-74.993,38.782],[-74.862,38.782],[-74.862,38.52],[-74.731,38.389],[-74.6,38.258],[-74.469,38.258],[-74.469,38.127],[-74.6,38.127],[-74.6,37.996],[-74.469,37.996],[-74.469,37.865],[-74.6,37.865],[-74.6,37.735],[-74.731,37.735],[-74.731,37.604],[-74.862,37.473],[-74.993,36.949],[-75.255,36.949],[-75.255,36.687],[-75.385,36.556],[-75.385,37.08],[-75.255,37.211],[-75.124,37.211],[-75.124,37.473],[-75.255,37.473],[-75.255,37.604],[-75.385,37.604],[-75.255,37.735],[-75.385,37.735],[-75.255,37.865],[-75.385,37.735],[-75.516,37.735],[-75.778,37.996],[-75.647,37.996],[-75.647,38.127],[-75.516,37.996],[-75.385,37.996],[-75.516,38.127],[-75.647,38.127],[-75.647,38.258],[-75.778,38.258],[-75.778,38.127],[-75.778,38.258],[-75.647,38.258],[-75.647,38.389],[-75.778,38.389],[-75.647,38.389],[-75.516,38.52],[-75.647,38.52],[-75.647,38.782],[-75.255,38.782],[-75.385,38.782],[-75.385,38.913],[-75.255,38.913],[-75.385,38.913],[-75.385,39.044],[-75.516,39.044],[-75.516,38.913],[-75.647,38.782],[-75.647,38.913],[-75.647,38.782],[-75.778,38.782],[-75.778,38.913],[-75.778,38.782],[-75.909,38.782],[-75.909,38.651],[-76.04,38.651],[-75.909,38.651],[-75.909,38.52],[-76.04,38.52],[-75.909,38.389],[-75.909,38.258],[-76.04,38.127],[-75.909,37.996],[-75.909,37.865],[-75.778,37.865],[-76.04,37.865],[-76.04,37.996],[-76.171,37.996],[-75.778,37.604],[-75.778,37.473],[-76.04,37.735],[-76.171,37.735],[-76.302,37.865],[-76.302,37.735],[-76.433,37.735],[-76.433,37.865],[-76.695,37.865],[-76.695,37.996],[-76.564,38.127],[-76.433,38.127],[-76.433,38.389],[-76.433,38.258],[-76.695,37.996],[-76.695,37.735],[-76.564,37.865],[-76.433,37.865],[-76.302,37.604],[-76.04,37.604],[-76.04,37.473],[-75.909,37.473],[-75.778,37.342],[-75.647,37.342],[-75.778,37.211],[-75.778,37.08],[-75.909,37.08],[-76.302,37.342],[-76.433,37.604],[-76.564,37.604],[-76.171,37.211],[-76.04,37.211],[-76.04,37.08],[-75.778,37.08],[-75.778,36.949],[-75.647,36.949],[-75.647,36.818],[-75.909,36.818],[-75.778,36.687],[-75.909,36.687],[-76.171,36.949],[-75.778,36.556],[-75.778,36.425],[-75.909,36.425],[-75.909,36.556],[-76.04,36.556],[-76.04,36.687],[-76.171,36.687],[-76.433,36.818],[-76.695,36.818],[-76.695,36.687],[-76.171,36.687],[-76.171,36.556],[-76.04,36.556],[-75.909,36.425],[-75.909,36.295],[-75.778,36.295],[-75.647,36.425],[-75.385,36.295],[-75.255,35.64],[-74.993,35.378],[-74.993,35.247],[-74.993,35.378],[-75.124,35.509],[-75.385,36.033],[-75.385,36.164],[-75.385,35.771],[-75.255,35.771],[-75.255,35.509],[-75.647,35.771],[-75.647,35.64],[-75.778,35.64],[-75.647,35.509],[-75.778,35.64],[-75.909,35.509],[-76.171,35.509],[-76.171,35.64],[-76.171,35.378],[-75.516,35.378],[-75.516,35.116],[-75.385,35.116],[-75.385,35.378],[-75.255,35.378],[-75.255,35.247],[-75.124,35.247],[-75.516,34.855],[-75.909,34.855],[-76.04,34.985],[-76.04,34.855],[-76.302,34.855],[-76.433,34.985],[-76.433,34.855],[-75.909,34.724],[-76.04,34.724],[-76.04,34.462],[-76.302,34.462],[-76.564,34.593],[-76.171,34.331],[-75.909,34.462],[-75.778,34.331],[-75.909,34.331],[-75.909,34.2],[-76.564,34.2],[-76.695,34.069],[-76.825,34.069],[-76.825,34.2],[-76.825,33.938],[-76.956,33.938],[-77.087,33.807],[-77.349,33.545],[-77.349,33.415],[-77.349,33.676],[-77.349,33.415],[-77.873,33.415],[-78.265,33.153],[-78.396,33.153],[-78.658,32.629],[-78.658,32.891],[-78.789,32.76],[-78.658,32.629],[-78.92,32.498],[-79.051,32.498],[-79.051,32.367],[-79.182,32.236],[-79.313,32.236],[-79.575,31.975],[-80.098,31.975],[-79.967,31.975],[-79.967,31.713],[-80.098,31.713],[-80.098,31.844],[-80.229,31.844],[-80.229,31.713],[-80.098,31.713],[-80.491,31.32],[-80.622,31.32],[-80.491,31.32],[-80.491,31.189],[-80.622,31.189],[-80.622,31.058],[-80.753,30.927],[-80.622,30.927],[-80.753,30.927],[-80.753,30.796],[-80.884,30.796],[-80.753,30.796],[-80.753,30.665],[-80.884,30.665],[-80.884,30.404],[-81.015,30.273],[-80.884,30.142],[-80.884,29.749],[-80.753,29.618],[-80.753,29.225],[-80.491,28.964],[-80.36,28.44],[-79.967,28.047],[-79.967,27.524],[-79.836,27.393],[-79.967,27.393],[-80.098,27.655],[-80.098,27.916],[-80.098,27.785],[-80.229,27.916],[-80.098,28.047],[-80.229,28.047],[-80.229,28.178],[-80.229,27.785],[-80.098,27.655],[-79.705,26.607],[-79.444,26.215],[-79.575,25.298],[-79.705,25.167],[-79.705,25.036],[-79.836,24.905],[-79.836,24.775],[-79.967,24.644],[-80.36,24.644],[-80.491,24.513],[-80.491,24.644],[-80.622,24.644],[-80.622,24.775],[-80.491,24.775],[-80.36,24.644],[-80.36,24.775],[-80.622,24.775],[-80.622,25.036],[-80.753,25.167],[-80.753,25.298],[-81.015,25.298],[-81.276,25.56],[-81.276,25.822],[-81.407,25.953],[-81.276,26.084],[-81.407,26.084],[-81.407,25.953],[-81.538,25.953],[-81.538,26.345],[-81.407,26.345],[-81.8,26.345],[-81.931,26.476],[-82.062,26.869],[-82.193,27.0],[-82.062,27.0],[-81.931,27.131],[-81.931,27.262],[-81.8,27.262],[-81.931,27.393],[-81.931,27.262],[-82.062,27.393],[-82.062,27.131],[-82.193,27.131],[-82.193,27.262],[-82.324,27.262],[-82.062,27.916],[-82.062,28.309],[-82.716,28.833],[-83.109,29.356],[-83.502,29.487],[-83.764,29.487],[-83.764,29.356],[-84.025,29.356],[-84.68,29.095],[-84.811,29.095],[-84.811,29.356],[-84.942,29.356],[-85.073,29.618],[-85.073,29.749],[-85.204,29.749],[-85.204,29.618],[-85.335,29.618],[-85.858,29.88],[-85.596,29.88],[-86.382,29.88],[-86.644,29.749],[-86.644,29.88],[-86.382,29.88],[-86.382,30.011],[-86.513,30.011],[-86.513,29.88],[-86.513,30.011],[-86.644,30.011],[-86.644,29.88],[-86.775,29.749],[-86.905,29.749],[-86.905,29.88],[-86.905,29.749],[-87.429,29.618],[-87.429,29.749],[-87.298,29.749],[-87.298,29.88],[-87.429,29.88],[-87.429,30.142],[-87.56,30.011],[-87.56,29.749],[-87.691,29.749],[-87.822,29.88],[-88.084,29.749],[-88.215,29.88],[-88.345,29.88],[-88.476,29.749],[-88.738,29.749],[-88.869,29.618],[-89.0,29.618],[-89.524,29.749],[-89.655,29.88],[-89.916,29.618],[-89.785,29.487],[-89.393,29.487],[-89.393,29.618],[-89.131,29.618],[-89.131,29.487],[-89.262,29.487],[-89.131,29.356],[-89.0,29.356],[-89.0,29.487],[-88.869,29.487],[-88.869,29.356],[-88.738,29.356],[-88.869,29.225],[-88.738,29.225],[-89.0,29.225],[-89.0,29.095],[-89.131,29.095],[-89.131,28.964],[-89.0,28.964],[-89.0,28.833],[-88.607,28.833],[-88.607,28.702],[-88.476,28.702],[-88.476,28.571],[-88.607,28.571],[-88.607,28.44],[-88.738,28.571],[-88.738,28.44],[-88.869,28.44],[-88.738,28.571],[-88.869,28.571],[-88.869,28.702],[-89.131,28.702],[-89.262,28.833],[-89.262,28.964],[-89.655,28.964],[-89.524,28.964],[-89.524,28.571],[-89.655,28.571],[-89.785,28.702],[-90.047,28.702],[-90.178,28.571],[-90.44,28.702],[-90.702,28.702],[-90.702,28.833],[-90.571,28.702],[-90.571,28.833],[-90.702,28.964],[-90.964,28.964],[-90.964,29.095],[-91.095,29.225],[-91.487,29.225],[-91.618,29.095],[-91.487,29.095],[-91.749,28.964],[-92.142,29.095],[-92.404,29.095],[-92.665,29.225],[-93.32,29.225],[-93.189,29.356],[-93.32,29.487],[-93.451,29.225],[-93.32,29.225],[-93.32,29.095],[-93.582,29.095],[-94.236,28.833],[-93.975,28.964],[-94.236,28.964],[-94.105,29.095],[-94.236,29.225],[-94.367,29.095],[-94.498,29.095],[-94.498,28.964],[-94.367,28.964],[-94.367,28.833],[-94.891,28.309],[-95.284,28.047],[-95.415,28.047],[-95.676,27.916],[-95.545,28.047],[-95.415,28.047],[-95.938,28.047],[-95.938,28.178],[-96.069,28.178],[-95.938,27.916],[-95.807,27.916],[-95.938,27.785],[-96.069,27.785],[-96.2,27.916],[-96.2,27.655],[-96.593,27.655],[-96.593,27.524],[-96.462,27.524],[-96.462,27.393],[-96.593,27.262],[-96.855,27.262],[-96.724,27.131],[-96.855,26.869],[-96.855,26.738],[-96.985,26.738],[-97.116,26.869],[-97.247,26.869],[-96.855,26.607],[-96.985,26.476],[-96.985,26.215],[-96.855,26.084],[-96.855,25.822],[-96.593,25.56],[-96.593,25.429],[-96.724,25.429],[-96.724,25.298],[-96.855,25.298],[-96.985,25.429],[-97.247,25.429],[-97.509,25.56],[-97.771,25.56],[-97.771,25.691],[-98.164,25.691],[-98.164,25.822],[-98.425,25.822],[-98.556,25.953],[-98.687,26.215],[-98.687,26.345],[-98.949,26.476],[-98.949,27.0],[-99.342,27.262],[-99.473,27.524],[-99.735,27.785],[-99.735,27.916],[-100.127,28.44],[-100.127,28.571],[-100.258,28.571],[-100.52,28.833],[-100.52,28.964],[-100.782,29.095],[-100.782,29.225],[-101.567,29.225],[-101.698,29.356],[-101.829,29.356],[-101.829,29.225],[-102.091,29.225],[-102.222,29.095],[-102.222,28.833],[-102.353,28.702],[-102.353,28.571],[-102.484,28.571],[-102.484,28.44],[-102.745,28.44],[-103.138,28.702],[-103.4,28.702],[-103.662,28.964],[-103.793,28.964],[-104.185,29.487],[-104.316,30.011],[-104.447,30.142],[-104.578,30.142],[-104.971,30.404],[-105.625,30.927],[-105.756,30.927],[-105.756,31.058],[-105.887,31.189],[-107.72,31.189],[-107.72,30.796],[-110.469,30.796],[-112.825,31.451],[-113.349,31.713],[-114.265,31.975],[-114.135,32.105],[-115.705,32.105],[-115.967,31.975],[-116.622,31.975],[-116.622,32.105],[-116.753,32.236],[-116.753,32.498],[-116.884,32.76],[-117.276,33.022],[-117.407,33.022],[-117.538,33.153],[-117.8,33.153],[-117.8,33.284],[-117.931,33.415],[-118.324,33.415],[-118.585,33.545],[-118.716,33.545],[-118.716,33.676],[-118.847,33.807],[-119.24,33.807],[-119.502,33.938],[-120.025,33.938],[-120.025,34.2],[-120.156,34.331],[-120.025,34.462],[-120.156,34.593],[-120.287,34.593],[-120.287,34.855],[-120.418,34.985],[-120.549,34.985],[-120.811,35.247],[-120.942,35.247],[-120.942,35.378],[-121.073,35.64],[-121.335,35.771],[-121.335,36.164],[-121.204,36.164],[-121.204,36.295],[-121.335,36.425],[-121.596,36.425],[-121.858,36.687],[-121.858,36.818],[-121.989,36.949],[-121.989,37.211],[-121.858,37.211],[-121.858,37.08],[-121.727,37.08],[-121.727,36.949],[-121.465,36.949],[-121.596,36.949],[-121.596,37.08],[-121.727,37.211],[-121.727,37.342],[-121.858,37.342],[-121.727,37.473],[-120.942,37.473],[-121.335,37.473],[-121.465,37.604],[-121.596,37.473],[-121.727,37.604],[-121.989,37.604],[-121.989,37.342],[-121.858,37.342],[-121.989,37.211],[-121.989,37.342],[-122.251,37.342],[-122.382,37.473],[-122.382,37.735],[-122.382,37.604],[-122.382,37.735],[-122.513,37.735],[-122.513,37.865],[-122.775,37.996],[-123.167,38.389],[-123.167,38.52],[-123.298,38.782],[-123.167,38.913],[-123.167,39.044],[-123.298,39.175],[-123.298,39.305],[-123.56,39.567],[-123.822,39.698],[-123.822,40.091],[-123.691,40.091],[-123.691,40.222],[-123.691,40.091],[-123.691,40.222],[-123.56,40.353],[-123.56,41.138],[-123.822,41.531],[-123.822,42.055],[-123.953,42.055],[-123.953,42.447],[-123.822,42.84],[-123.691,42.84],[-123.691,43.102],[-123.56,43.102],[-123.56,43.756],[-123.429,43.887],[-123.56,44.018],[-123.429,44.149],[-123.56,44.28],[-123.429,44.804],[-123.429,45.72],[-123.298,45.589],[-123.167,45.589],[-122.905,45.72],[-122.905,45.589],[-122.644,45.589],[-122.775,45.589],[-122.905,45.72],[-123.56,45.72],[-123.429,45.851],[-123.429,46.113],[-123.429,45.851],[-123.298,45.982],[-123.298,46.113],[-123.429,46.113],[-123.56,46.244],[-123.298,46.375],[-123.429,46.375],[-123.429,46.505],[-123.56,46.505],[-123.56,46.375],[-123.56,46.505],[-123.691,46.636],[-123.691,46.898],[-123.822,47.16],[-123.953,47.291],[-124.084,47.291],[-124.084,47.684],[-124.215,47.815],[-124.084,47.815],[-123.822,47.684],[-123.56,47.684],[-123.429,47.553],[-122.251,47.553],[-122.12,47.422],[-122.12,47.291],[-122.251,47.16],[-122.251,47.291],[-122.513,47.029],[-122.513,46.898],[-122.644,46.767],[-122.513,46.767],[-122.382,46.898],[-122.513,46.898],[-122.251,47.16],[-122.12,47.16],[-121.989,47.291],[-121.989,47.422],[-121.989,47.16],[-122.12,47.16],[-122.12,47.029],[-121.989,47.029],[-121.989,46.767],[-122.12,46.767],[-122.251,46.636],[-122.251,46.767],[-122.382,46.767],[-122.382,46.636],[-122.513,46.636],[-122.251,46.636],[-122.12,46.505],[-122.12,46.636],[-121.989,46.636],[-121.989,46.767],[-121.858,46.767],[-121.858,47.291],[-121.727,47.291],[-121.727,47.553],[-121.858,47.553],[-121.858,47.684],[-121.858,47.553],[-121.989,47.553],[-121.989,47.684],[-121.858,47.684],[-121.989,47.815],[-122.12,47.815],[-122.12,47.945],[-121.989,47.945],[-121.989,48.207],[-122.12,48.207],[-122.12,48.338],[-122.251,48.469],[-94.629,48.469],[-94.629,48.862],[-94.367,48.731],[-94.236,48.731],[-94.367,48.731],[-94.236,48.6],[-94.236,48.469]]],[[[179.855,50.825],[179.527,50.956],[179.2,51.087],[179.2,51.087],[179.527,51.087],[179.527,50.956],[179.527,50.956],[179.855,50.825]]],[[[184.436,51.218],[184.109,51.218],[184.109,51.349],[184.436,51.349],[184.436,51.218]]],[[[182.473,51.087],[182.473,51.087],[182.473,51.218],[182.473,51.218],[182.473,51.218],[182.145,51.349],[182.8,51.349],[182.8,51.218],[182.8,51.218],[182.8,51.087],[182.473,51.087]]],[[[183.455,51.218],[183.455,51.087],[182.8,51.087],[182.8,51.218],[183.127,51.218],[183.127,51.349],[183.455,51.349],[183.455,51.349],[183.455,51.218]]],[[[183.782,51.349],[183.782,51.218],[184.109,51.218],[183.782,51.218],[183.782,51.087],[183.455,51.087],[183.455,51.218],[183.782,51.218],[183.782,51.48],[183.782,51.48],[183.782,51.349]]],[[[178.873,51.349],[178.873,51.349],[178.873,51.48],[178.873,51.349]]],[[[180.182,51.349],[179.855,51.349],[179.855,51.48],[180.182,51.48],[180.182,51.349]]],[[[177.891,51.349],[177.564,51.349],[178.218,51.611],[178.218,51.349],[177.891,51.349]]],[[[186.727,51.611],[187.055,51.48],[187.382,51.48],[186.4,51.48],[186.4,51.611],[186.727,51.611]]],[[[188.036,51.742],[187.709,51.742],[188.036,51.742],[188.036,51.873],[188.036,51.742]]],[[[185.745,51.48],[185.091,51.48],[185.418,51.48],[185.745,51.611],[186.073,51.611],[186.073,51.742],[186.073,51.742],[186.073,51.873],[186.4,51.873],[186.4,51.742],[186.4,51.611],[186.073,51.48],[185.745,51.48]]],[[[174.291,51.742],[173.964,51.873],[173.964,51.873],[173.964,51.873],[174.291,52.004],[174.291,52.004],[174.291,51.873],[174.291,51.742]]],[[[189.673,52.004],[189.673,52.004],[189.673,52.135],[190.0,52.135],[190.0,52.004],[189.673,52.004]]],[[[173.309,52.396],[173.636,52.396],[173.964,52.265],[173.636,52.265],[173.309,52.135],[172.982,52.396],[172.982,52.396],[173.309,52.396]]],[[[-167.415,52.789],[-167.676,52.658],[-167.807,52.658],[-168.069,52.396],[-168.593,52.265],[-168.462,52.265],[-168.462,52.396],[-168.331,52.396],[-168.331,52.527],[-168.2,52.527],[-168.2,52.658],[-167.938,52.658],[-167.807,52.789],[-167.807,52.92],[-167.676,52.92],[-167.545,53.051],[-167.415,53.051],[-167.284,52.92],[-167.284,52.789],[-167.415,52.789]]],[[[-165.713,53.182],[-165.582,53.313],[-165.582,53.182],[-165.713,53.182]]],[[[-166.105,53.313],[-165.844,53.313],[-165.844,53.444],[-165.713,53.313],[-165.975,53.182],[-165.713,53.182],[-165.844,53.182],[-165.844,53.051],[-165.975,53.051],[-166.105,52.92],[-166.367,52.92],[-166.629,52.789],[-166.891,52.789],[-167.022,52.658],[-167.153,52.658],[-167.284,52.789],[-167.022,52.789],[-166.891,52.92],[-166.629,52.92],[-166.498,53.051],[-166.498,53.182],[-166.367,53.182],[-166.236,53.051],[-166.236,53.182],[-166.498,53.182],[-166.498,53.313],[-166.629,53.313],[-166.498,53.313],[-166.498,53.444],[-166.105,53.444],[-166.105,53.313]]],[[[-165.32,53.575],[-165.32,53.444],[-165.451,53.444],[-165.582,53.575],[-165.451,53.575],[-165.451,53.705],[-165.32,53.705],[-165.189,53.575],[-165.32,53.575]]],[[[-165.058,53.575],[-165.058,53.705],[-164.796,53.705],[-164.927,53.575],[-165.058,53.575]]],[[[-162.047,53.836],[-162.309,53.836],[-162.309,53.967],[-162.047,53.967],[-162.047,53.836]]],[[[-161.785,54.229],[-161.785,54.36],[-161.916,54.36],[-161.785,54.491],[-161.655,54.491],[-161.655,54.36],[-161.785,54.229]]],[[[-162.964,54.36],[-162.833,54.229],[-162.571,54.229],[-162.571,54.098],[-162.833,54.229],[-162.964,54.098],[-163.618,54.098],[-163.618,53.967],[-163.749,53.967],[-163.88,53.836],[-164.273,53.836],[-164.273,53.967],[-164.404,53.967],[-164.273,54.098],[-164.142,54.098],[-164.011,54.36],[-163.618,54.36],[-163.356,54.491],[-162.964,54.491],[-162.964,54.36]]],[[[-158.775,54.36],[-158.905,54.36],[-158.905,54.491],[-158.775,54.491],[-158.775,54.36]]],[[[-158.905,54.622],[-158.905,54.491],[-159.036,54.491],[-159.036,54.622],[-158.905,54.622]]],[[[-130.76,54.491],[-130.629,54.36],[-130.891,54.36],[-130.891,54.491],[-131.022,54.491],[-131.022,54.753],[-130.891,54.753],[-130.891,54.622],[-130.76,54.491]]],[[[-159.298,54.622],[-159.56,54.36],[-159.691,54.36],[-159.56,54.491],[-159.56,54.622],[-159.429,54.622],[-159.429,54.753],[-159.298,54.753],[-159.298,54.622]]],[[[-132.331,54.36],[-132.069,54.36],[-132.069,54.229],[-132.2,54.098],[-132.462,54.36],[-132.593,54.36],[-132.593,54.491],[-132.724,54.622],[-132.855,54.622],[-132.855,54.753],[-132.724,54.753],[-132.593,54.622],[-132.462,54.622],[-132.462,54.491],[-132.331,54.491],[-132.331,54.36]]],[[[-160.084,54.753],[-159.953,54.884],[-159.953,54.753],[-160.084,54.753],[-159.953,54.622],[-160.215,54.622],[-160.345,54.753],[-160.215,54.884],[-160.084,54.884],[-160.084,54.753]]],[[[-132.724,55.015],[-132.724,54.884],[-132.855,54.884],[-132.985,54.753],[-133.116,54.753],[-133.116,55.015],[-132.724,55.015]]],[[[-154.978,55.276],[-155.24,55.276],[-155.109,55.407],[-154.978,55.407],[-154.978,55.276]]],[[[-130.367,54.884],[-130.498,54.884],[-130.498,54.753],[-130.629,54.622],[-130.76,54.622],[-130.76,54.753],[-130.891,54.753],[-130.891,54.884],[-130.891,54.753],[-131.022,54.753],[-131.153,54.622],[-131.284,54.622],[-131.284,54.884],[-131.153,54.884],[-131.153,55.015],[-131.022,55.276],[-130.76,55.407],[-130.629,55.407],[-130.629,55.276],[-130.498,55.145],[-130.367,55.145],[-130.367,54.884]]],[[[-132.985,55.8],[-132.593,55.8],[-132.593,55.669],[-132.462,55.669],[-132.462,55.538],[-132.593,55.538],[-132.2,55.407],[-132.069,55.276],[-131.938,55.276],[-131.938,55.145],[-131.676,55.015],[-131.676,54.884],[-131.676,55.015],[-131.938,55.015],[-132.069,54.884],[-131.676,54.884],[-131.545,54.753],[-131.676,54.753],[-131.676,54.622],[-131.415,54.622],[-131.415,54.229],[-131.545,54.098],[-131.807,54.36],[-131.938,54.36],[-132.069,54.491],[-132.069,54.622],[-132.2,54.622],[-132.069,54.491],[-132.2,54.491],[-132.462,54.753],[-132.593,54.753],[-132.462,54.884],[-132.462,55.015],[-132.724,55.015],[-132.724,55.145],[-133.116,55.145],[-133.116,55.276],[-132.724,55.276],[-132.724,55.407],[-132.855,55.538],[-132.985,55.407],[-133.247,55.407],[-132.985,55.538],[-132.985,55.8]]],[[[-132.2,55.669],[-132.331,55.669],[-132.462,55.8],[-132.331,55.931],[-132.069,55.931],[-132.069,55.669],[-132.2,55.669]]],[[[-131.545,55.538],[-131.545,55.407],[-131.807,55.407],[-131.938,55.538],[-132.2,55.538],[-132.2,55.669],[-132.069,55.669],[-131.807,55.931],[-131.545,55.669],[-131.545,55.538]]],[[[-154.062,55.931],[-154.193,55.8],[-154.193,55.931],[-154.062,56.062],[-153.931,56.062],[-153.931,55.931],[-154.062,55.931]]],[[[-153.669,55.931],[-153.8,55.931],[-153.8,56.062],[-153.538,56.062],[-153.538,55.931],[-153.669,55.931]]],[[[-169.247,56.062],[-168.855,56.062],[-168.985,55.931],[-169.116,55.931],[-169.247,56.062]]],[[[-132.2,55.931],[-132.331,55.931],[-132.331,56.193],[-132.069,56.193],[-132.069,56.062],[-132.2,55.931]]],[[[-133.378,56.324],[-133.378,56.193],[-133.247,56.193],[-133.247,56.062],[-133.378,55.931],[-133.378,55.538],[-133.64,55.538],[-133.64,55.8],[-133.509,55.931],[-133.64,55.931],[-133.771,56.062],[-133.771,56.324],[-133.378,56.324]]],[[[-132.855,56.455],[-132.462,56.455],[-132.462,56.324],[-132.331,56.324],[-132.462,56.193],[-132.462,56.062],[-132.593,56.062],[-132.724,56.193],[-132.724,56.324],[-132.724,56.193],[-132.593,56.062],[-132.593,55.931],[-133.116,55.931],[-133.116,56.193],[-133.378,56.455],[-132.855,56.455]]],[[[-152.491,56.585],[-152.622,56.585],[-152.622,56.455],[-152.884,56.455],[-152.753,56.585],[-152.36,56.585],[-152.491,56.585]]],[[[-134.425,56.847],[-134.164,56.455],[-134.164,56.324],[-134.033,56.193],[-134.033,56.062],[-134.164,55.931],[-134.033,55.931],[-134.033,55.669],[-134.295,55.669],[-134.295,55.8],[-134.425,55.931],[-134.425,56.062],[-134.295,56.062],[-134.425,56.062],[-134.556,56.193],[-134.556,56.324],[-134.687,56.193],[-134.818,56.324],[-134.687,56.455],[-134.949,56.716],[-135.08,56.455],[-135.211,56.455],[-135.211,56.716],[-135.08,56.716],[-135.08,56.847],[-134.949,56.847],[-134.949,56.978],[-134.425,56.847]]],[[[-152.622,57.24],[-152.753,57.24],[-152.753,57.371],[-153.015,57.371],[-152.753,57.371],[-152.622,57.24]]],[[[-152.36,57.24],[-151.836,57.24],[-151.967,57.24],[-151.967,57.109],[-151.705,57.109],[-151.705,56.978],[-151.836,56.978],[-151.836,56.847],[-152.098,56.978],[-152.36,56.978],[-152.491,56.847],[-152.098,56.847],[-152.098,56.716],[-152.753,56.716],[-152.884,56.585],[-153.015,56.585],[-153.145,56.455],[-153.015,56.455],[-153.145,56.455],[-153.145,56.324],[-153.407,56.193],[-153.538,56.193],[-153.538,56.324],[-153.276,56.455],[-153.538,56.455],[-153.407,56.585],[-153.8,56.585],[-153.669,56.585],[-153.669,56.324],[-153.8,56.324],[-154.193,56.716],[-154.193,56.847],[-154.062,56.847],[-153.669,57.109],[-153.538,57.109],[-153.145,56.716],[-153.145,56.847],[-153.276,56.847],[-153.276,57.109],[-153.145,57.109],[-153.276,57.109],[-153.276,57.24],[-153.407,57.24],[-153.276,57.371],[-153.145,57.371],[-153.145,57.24],[-152.622,57.24],[-152.622,57.371],[-152.229,57.371],[-152.36,57.24]]],[[[-135.211,57.633],[-135.08,57.633],[-135.08,57.371],[-135.08,57.502],[-134.818,57.502],[-134.818,57.633],[-134.556,57.502],[-134.425,57.502],[-134.425,57.24],[-134.818,57.24],[-134.295,57.109],[-134.295,56.978],[-134.687,56.978],[-134.949,57.109],[-135.08,57.109],[-135.08,56.847],[-135.342,56.847],[-135.473,56.978],[-135.473,57.109],[-135.865,57.24],[-135.865,57.371],[-135.996,57.371],[-135.996,57.502],[-135.865,57.502],[-135.865,57.633],[-135.735,57.633],[-135.604,57.502],[-135.604,57.633],[-135.342,57.633],[-135.211,57.764],[-135.211,57.633]]],[[[-133.771,57.633],[-134.033,57.633],[-134.164,57.764],[-133.902,57.764],[-133.771,57.633]]],[[[-134.164,57.633],[-133.64,57.633],[-133.378,57.371],[-133.378,57.109],[-133.247,57.109],[-133.378,57.109],[-133.378,57.24],[-133.509,57.24],[-133.509,57.371],[-133.64,57.371],[-133.64,57.502],[-133.771,57.502],[-133.771,57.371],[-133.509,57.109],[-133.378,57.109],[-133.378,56.716],[-133.509,56.716],[-133.902,56.455],[-134.033,56.455],[-134.033,56.716],[-133.902,56.847],[-133.902,56.978],[-134.033,56.978],[-134.164,57.109],[-134.164,57.502],[-134.295,57.633],[-134.295,57.764],[-134.425,57.764],[-134.295,57.764],[-134.164,57.633]]],[[[-151.836,57.764],[-151.836,57.895],[-151.705,57.895],[-151.705,57.764],[-151.444,57.764],[-151.444,57.633],[-151.836,57.633],[-151.705,57.633],[-151.836,57.633],[-151.967,57.502],[-151.967,57.633],[-152.098,57.633],[-152.098,57.502],[-152.884,57.502],[-152.36,57.764],[-152.229,57.764],[-152.229,57.895],[-151.967,57.895],[-151.836,57.764]]],[[[-151.967,57.895],[-152.098,58.025],[-151.836,58.025],[-151.967,57.895]]],[[[-160.345,58.025],[-160.476,58.025],[-160.607,58.156],[-160.476,58.156],[-160.215,58.287],[-160.345,58.025]]],[[[-143.982,59.204],[-144.113,59.204],[-143.982,59.335],[-143.851,59.335],[-143.851,59.465],[-143.72,59.465],[-143.982,59.204]]],[[[-147.516,59.465],[-147.778,59.465],[-147.647,59.596],[-147.385,59.596],[-147.516,59.465]]],[[[-147.124,59.204],[-147.255,59.204],[-147.255,59.335],[-147.124,59.335],[-146.862,59.596],[-146.731,59.596],[-146.6,59.727],[-146.6,59.858],[-146.469,59.727],[-146.338,59.727],[-146.469,59.727],[-146.731,59.465],[-146.862,59.465],[-146.862,59.335],[-147.124,59.335],[-147.124,59.204]]],[[[-165.582,59.858],[-165.451,59.727],[-165.189,59.727],[-165.189,59.465],[-165.058,59.465],[-165.058,59.335],[-165.582,59.335],[-165.582,59.204],[-165.713,59.204],[-165.844,59.335],[-166.105,59.335],[-166.367,59.465],[-166.629,59.465],[-166.76,59.596],[-166.891,59.596],[-166.76,59.727],[-166.236,59.596],[-166.236,59.727],[-166.105,59.727],[-165.975,59.858],[-165.582,59.858]]],[[[-144.505,59.727],[-144.767,59.727],[-144.636,59.858],[-144.505,59.858],[-144.505,59.727]]],[[[-145.815,59.858],[-145.553,59.858],[-145.684,59.858],[-145.815,59.727],[-146.076,59.727],[-146.076,59.858],[-146.207,59.858],[-146.076,59.858],[-145.945,59.989],[-145.815,59.858]]],[[[-147.124,59.858],[-147.124,59.727],[-147.255,59.596],[-147.255,59.727],[-147.385,59.727],[-147.255,59.727],[-147.255,59.858],[-147.124,59.858],[-147.124,59.989],[-147.124,59.858]]],[[[-151.444,59.858],[-151.575,59.858],[-151.444,59.858],[-151.444,59.989],[-151.313,59.989],[-151.313,59.858],[-151.444,59.858]]],[[[187.709,59.858],[188.036,59.858],[188.036,59.727],[187.709,59.727],[187.382,59.989],[187.709,59.989],[187.709,59.858]]],[[[-147.385,60.251],[-147.516,60.251],[-147.516,60.382],[-147.385,60.382],[-147.385,60.251]]],[[[-169.409,62.957],[-169.247,62.869],[-168.985,62.869],[-168.855,62.738],[-168.2,62.738],[-168.2,62.607],[-168.855,62.607],[-168.985,62.476],[-169.116,62.476],[-169.116,62.345],[-169.116,62.476],[-169.247,62.476],[-169.247,62.607],[-169.378,62.607],[-169.409,62.683],[-169.409,62.957]]],[[[190.655,62.702],[190.327,62.607],[190.327,62.607],[190.327,62.738],[190.0,62.738],[190.0,62.869],[189.345,62.869],[189.018,62.738],[188.691,62.738],[188.691,62.869],[188.691,63.131],[189.018,63.131],[189.018,63.131],[189.018,63.0],[189.673,63.0],[189.673,63.131],[190.327,63.131],[190.327,63.0],[190.655,62.702]]],[[[-165.582,65.618],[-165.451,65.749],[-165.32,65.749],[-165.451,65.749],[-165.582,65.618]]],[[[-155.371,70.331],[-154.978,70.331],[-154.585,70.593],[-154.324,70.462],[-154.062,70.462],[-154.193,70.331],[-153.8,70.331],[-153.669,70.2],[-153.407,70.331],[-151.705,70.331],[-151.705,70.2],[-151.836,70.2],[-151.967,70.069],[-151.705,70.069],[-151.575,69.938],[-151.182,70.069],[-151.182,69.938],[-151.444,69.938],[-150.658,69.807],[-150.527,69.938],[-148.695,69.938],[-148.302,69.807],[-147.255,69.807],[-147.255,69.676],[-145.684,69.676],[-145.553,69.545],[-144.898,69.545],[-144.636,69.415],[-144.113,69.415],[-143.851,69.545],[-142.673,69.545],[-142.149,69.415],[-141.887,69.415],[-141.756,69.284],[-141.102,69.153],[-140.447,69.153],[-140.447,59.727],[-139.662,59.727],[-139.4,59.596],[-139.269,59.727],[-138.484,59.727],[-138.615,59.596],[-138.615,59.465],[-138.484,59.465],[-138.353,59.335],[-138.091,59.335],[-138.091,59.204],[-137.96,59.073],[-137.698,59.073],[-137.567,58.942],[-137.436,58.942],[-137.175,58.68],[-137.044,58.68],[-137.044,58.549],[-136.913,58.418],[-136.913,58.287],[-136.52,58.549],[-135.996,58.549],[-135.865,58.68],[-135.865,58.942],[-135.735,58.942],[-135.735,59.073],[-135.342,59.073],[-135.211,59.204],[-134.687,59.204],[-134.425,58.942],[-134.556,58.942],[-134.425,58.68],[-134.164,58.68],[-134.033,58.549],[-133.902,58.549],[-133.902,58.418],[-133.771,58.418],[-133.771,58.287],[-133.509,58.287],[-133.378,58.156],[-133.247,58.156],[-132.985,57.895],[-132.855,57.895],[-132.855,57.764],[-132.593,57.502],[-132.462,57.371],[-132.331,57.371],[-132.2,57.24],[-132.2,57.109],[-131.938,56.978],[-131.938,56.847],[-131.676,56.585],[-131.807,56.585],[-131.545,56.455],[-131.415,56.455],[-131.545,56.455],[-131.545,56.324],[-131.415,56.324],[-131.284,56.193],[-131.284,56.062],[-130.891,56.062],[-130.76,55.931],[-130.629,55.931],[-130.498,55.8],[-130.236,55.8],[-129.844,55.538],[-129.451,55.538],[-129.451,55.276],[-129.582,55.276],[-129.582,55.015],[-129.451,54.884],[-129.451,54.753],[-129.713,54.491],[-129.713,54.36],[-129.975,54.229],[-130.236,54.229],[-130.498,54.622],[-130.367,54.753],[-130.236,54.753],[-130.367,54.884],[-130.367,55.276],[-130.629,55.407],[-130.498,55.538],[-130.76,55.407],[-131.022,55.407],[-131.284,55.276],[-131.284,55.145],[-131.415,55.015],[-131.545,55.015],[-131.676,55.145],[-131.415,55.407],[-131.284,55.669],[-131.022,55.669],[-131.415,55.669],[-131.415,55.8],[-131.676,55.8],[-131.676,55.931],[-131.807,55.931],[-131.807,56.062],[-131.938,56.062],[-131.938,56.193],[-132.069,56.193],[-132.2,56.324],[-132.331,56.324],[-132.331,56.455],[-132.2,56.455],[-132.855,56.585],[-132.855,56.716],[-133.116,57.109],[-132.724,57.109],[-132.593,56.978],[-132.985,57.24],[-132.985,57.371],[-132.593,57.371],[-132.985,57.371],[-133.116,57.24],[-133.247,57.24],[-133.247,57.371],[-133.378,57.502],[-133.509,57.502],[-133.509,57.764],[-133.378,57.895],[-133.378,58.025],[-133.378,57.895],[-133.509,57.895],[-133.64,57.764],[-133.64,57.633],[-133.771,57.764],[-134.164,57.764],[-134.164,57.895],[-134.425,58.025],[-134.425,58.156],[-134.818,58.68],[-134.818,58.811],[-134.949,58.811],[-134.818,58.68],[-134.949,58.68],[-134.818,58.549],[-134.687,58.025],[-134.556,57.895],[-134.556,57.633],[-134.687,57.764],[-134.949,57.764],[-135.08,57.895],[-135.342,57.895],[-135.342,58.025],[-135.473,58.287],[-135.211,58.287],[-135.473,58.287],[-135.604,58.418],[-135.604,58.549],[-135.604,58.156],[-135.735,58.156],[-135.735,58.287],[-135.996,58.287],[-135.996,58.418],[-136.389,58.418],[-136.52,58.287],[-135.996,58.287],[-135.996,58.156],[-135.865,58.156],[-135.865,58.025],[-135.604,58.025],[-135.604,57.895],[-135.473,57.895],[-135.473,57.764],[-135.865,57.764],[-135.996,57.633],[-136.127,57.764],[-137.044,58.025],[-137.044,58.156],[-137.175,58.156],[-137.305,58.287],[-137.436,58.287],[-137.436,58.418],[-137.698,58.549],[-137.96,58.549],[-138.091,58.68],[-138.353,58.68],[-139.007,58.942],[-139.269,58.942],[-139.269,59.073],[-139.007,59.073],[-139.007,59.335],[-138.876,59.465],[-138.745,59.335],[-138.745,59.073],[-138.745,59.204],[-138.615,59.204],[-138.615,59.335],[-138.484,59.335],[-138.745,59.335],[-138.876,59.465],[-139.007,59.465],[-139.269,59.335],[-139.4,59.204],[-140.316,59.204],[-140.84,59.335],[-140.709,59.465],[-140.84,59.596],[-140.84,59.465],[-142.018,59.465],[-142.411,59.596],[-142.935,59.465],[-143.589,59.465],[-143.589,59.596],[-143.982,59.596],[-144.113,59.727],[-144.375,59.727],[-144.113,60.12],[-144.505,59.858],[-145.291,59.858],[-145.291,59.989],[-145.16,59.989],[-145.16,60.12],[-145.684,60.12],[-145.684,60.251],[-145.815,60.12],[-146.076,60.12],[-145.945,60.251],[-145.815,60.251],[-146.076,60.251],[-146.076,60.513],[-145.684,60.513],[-145.815,60.644],[-146.076,60.513],[-146.338,60.513],[-146.469,60.382],[-147.385,60.382],[-147.385,60.513],[-147.255,60.644],[-147.385,60.513],[-147.909,60.513],[-147.647,60.513],[-147.778,60.382],[-147.778,60.251],[-148.04,60.251],[-147.778,60.12],[-147.647,60.12],[-147.778,59.989],[-148.04,59.989],[-147.385,59.989],[-147.385,59.858],[-147.647,59.858],[-147.647,59.596],[-147.778,59.596],[-147.909,59.465],[-148.04,59.465],[-148.171,59.335],[-148.302,59.335],[-148.433,59.465],[-148.695,59.465],[-148.825,59.596],[-148.825,59.465],[-148.956,59.465],[-148.956,59.335],[-149.087,59.204],[-149.087,59.335],[-149.218,59.335],[-149.218,59.204],[-149.48,59.204],[-149.349,59.204],[-149.349,59.073],[-149.742,59.073],[-149.873,58.942],[-150.004,58.942],[-150.004,59.073],[-150.004,58.942],[-150.135,58.811],[-150.396,58.811],[-150.396,58.68],[-151.444,58.68],[-151.182,58.942],[-150.789,58.942],[-150.527,59.204],[-150.789,59.073],[-151.313,59.204],[-151.051,59.596],[-150.92,59.596],[-150.789,59.727],[-150.789,60.251],[-150.396,60.251],[-150.265,60.382],[-149.873,60.513],[-149.742,60.513],[-149.742,60.382],[-148.564,60.382],[-149.087,60.382],[-149.349,60.513],[-149.48,60.644],[-149.349,60.644],[-149.087,60.905],[-148.825,60.905],[-149.218,60.905],[-149.349,60.775],[-149.611,60.775],[-149.873,60.644],[-150.004,60.775],[-150.527,60.644],[-150.658,60.513],[-150.92,60.513],[-151.051,60.382],[-151.182,60.382],[-151.182,60.12],[-151.444,60.12],[-151.705,59.989],[-151.705,59.858],[-151.836,59.727],[-152.491,59.727],[-152.36,59.727],[-152.229,59.596],[-152.098,59.596],[-152.098,59.465],[-152.229,59.335],[-152.622,59.335],[-152.491,59.204],[-152.622,59.073],[-152.884,59.073],[-152.753,59.204],[-152.884,59.204],[-153.145,59.073],[-153.015,59.073],[-153.145,58.942],[-153.276,58.942],[-153.538,58.811],[-153.538,58.68],[-153.669,58.549],[-153.276,58.549],[-153.145,58.418],[-152.884,58.418],[-152.753,58.287],[-152.884,58.156],[-153.015,58.156],[-153.145,58.025],[-153.276,58.025],[-153.407,57.895],[-153.538,57.895],[-153.538,57.764],[-153.669,57.764],[-153.669,57.633],[-153.8,57.633],[-154.062,57.502],[-154.455,57.502],[-154.716,57.24],[-154.978,57.24],[-154.978,57.109],[-155.109,57.109],[-155.24,56.978],[-155.502,56.978],[-155.502,56.847],[-155.895,56.847],[-155.895,56.585],[-156.025,56.455],[-156.287,56.455],[-156.68,56.193],[-156.811,56.324],[-156.811,56.193],[-156.942,56.193],[-156.942,56.062],[-157.465,56.062],[-157.465,55.931],[-157.335,55.931],[-157.858,55.931],[-157.989,55.8],[-157.858,55.8],[-157.727,55.669],[-157.858,55.538],[-157.989,55.538],[-157.989,55.669],[-158.251,55.407],[-158.905,55.276],[-159.167,55.015],[-159.167,55.276],[-159.429,55.276],[-159.429,55.145],[-159.691,55.145],[-159.822,55.015],[-160.084,55.015],[-160.215,54.884],[-160.345,55.015],[-160.345,54.884],[-160.607,54.884],[-160.869,54.753],[-160.869,55.015],[-160.607,55.015],[-161.131,55.015],[-161.131,54.884],[-161.393,54.622],[-161.655,54.622],[-161.655,54.491],[-161.916,54.491],[-161.916,54.622],[-162.047,54.622],[-162.047,54.753],[-162.047,54.491],[-162.178,54.491],[-162.309,54.36],[-162.44,54.491],[-162.571,54.491],[-162.571,54.36],[-162.702,54.36],[-162.702,54.229],[-162.833,54.229],[-162.833,54.36],[-162.702,54.36],[-162.702,54.622],[-162.309,54.622],[-162.309,54.753],[-162.047,54.753],[-161.655,55.145],[-161.131,55.407],[-160.345,55.407],[-160.476,55.407],[-160.476,55.276],[-160.345,55.276],[-160.215,55.145],[-160.215,55.276],[-159.691,55.276],[-159.953,55.407],[-159.953,55.538],[-159.691,55.8],[-159.56,55.8],[-159.167,56.062],[-158.644,56.193],[-158.382,56.324],[-158.251,56.193],[-158.12,56.193],[-158.12,56.455],[-157.989,56.585],[-157.858,56.585],[-157.727,56.716],[-157.727,56.847],[-157.465,56.847],[-157.335,56.978],[-156.942,56.978],[-157.073,56.978],[-157.073,57.109],[-157.204,57.109],[-157.073,57.24],[-157.073,57.502],[-156.942,57.633],[-156.68,57.633],[-156.942,57.633],[-156.942,57.895],[-156.418,58.156],[-156.549,58.156],[-156.287,58.549],[-156.549,58.287],[-157.465,58.025],[-157.727,58.025],[-157.858,58.156],[-157.858,58.287],[-157.989,58.287],[-157.858,58.418],[-157.465,58.418],[-157.727,58.418],[-157.858,58.549],[-157.989,58.549],[-157.989,58.418],[-158.251,58.418],[-158.251,57.895],[-158.513,57.895],[-158.905,58.287],[-159.167,58.418],[-159.167,58.287],[-159.56,58.287],[-159.822,58.549],[-160.215,58.287],[-160.738,58.287],[-160.738,58.156],[-161.262,58.025],[-161.524,58.025],[-161.131,58.287],[-161.262,58.287],[-161.262,58.418],[-161.131,58.549],[-161.393,58.549],[-161.524,58.68],[-161.393,58.811],[-161.262,58.811],[-161.262,59.073],[-161.655,59.596],[-161.916,59.727],[-161.524,60.12],[-161.393,60.12],[-161.655,60.12],[-161.655,59.989],[-162.047,59.727],[-162.178,59.727],[-162.047,59.727],[-161.916,59.596],[-161.916,59.465],[-162.178,59.465],[-162.309,59.335],[-162.702,59.335],[-163.095,59.204],[-163.356,59.204],[-163.618,59.335],[-163.618,59.465],[-164.142,59.727],[-164.404,59.727],[-164.535,59.858],[-164.535,59.989],[-164.796,59.989],[-164.404,60.12],[-164.404,60.382],[-164.273,60.382],[-164.142,60.251],[-163.749,60.251],[-163.749,60.12],[-163.88,59.989],[-163.749,59.989],[-163.487,60.251],[-163.356,60.251],[-163.225,60.12],[-163.225,59.989],[-162.833,60.251],[-163.356,60.251],[-163.225,60.382],[-163.095,60.382],[-163.225,60.382],[-163.487,60.251],[-163.88,60.251],[-164.142,60.382],[-164.665,60.382],[-164.404,60.513],[-164.273,60.513],[-164.535,60.513],[-164.535,60.644],[-164.796,60.644],[-164.665,60.775],[-164.796,60.775],[-164.796,60.513],[-165.058,60.513],[-165.058,60.644],[-165.189,60.775],[-165.32,60.775],[-165.32,60.905],[-165.189,60.905],[-165.32,61.036],[-165.451,61.036],[-165.582,60.905],[-165.582,61.036],[-165.32,61.167],[-165.189,61.167],[-165.451,61.167],[-165.582,61.298],[-165.058,61.298],[-165.189,61.429],[-165.189,61.56],[-164.927,61.691],[-164.665,61.953],[-164.142,61.953],[-164.273,61.953],[-164.273,62.084],[-164.011,62.084],[-164.011,62.215],[-164.142,62.084],[-164.273,62.084],[-164.273,62.476],[-163.88,62.476],[-164.011,62.607],[-163.356,62.738],[-163.225,62.607],[-163.095,62.607],[-163.095,62.476],[-163.225,62.476],[-163.095,62.476],[-162.964,62.607],[-162.833,62.476],[-162.571,62.476],[-162.44,62.607],[-162.309,62.607],[-161.785,62.869],[-161.785,63.0],[-161.524,63.0],[-161.524,62.869],[-161.0,62.869],[-160.738,63.0],[-160.215,63.131],[-160.215,63.262],[-160.345,63.393],[-160.345,63.524],[-160.607,63.785],[-160.869,63.916],[-160.476,63.916],[-160.215,64.178],[-160.345,64.178],[-160.476,64.309],[-160.607,64.309],[-160.869,64.178],[-161.131,64.178],[-161.262,64.309],[-161.262,64.178],[-161.655,64.178],[-162.178,63.785],[-162.309,63.785],[-162.309,63.916],[-162.702,64.047],[-162.571,63.916],[-162.44,63.916],[-162.702,63.916],[-162.964,64.047],[-163.749,64.047],[-164.142,63.916],[-164.927,63.916],[-165.713,64.047],[-165.975,64.178],[-165.844,64.309],[-165.975,64.44],[-166.236,64.571],[-166.367,64.571],[-165.975,64.571],[-165.844,64.702],[-165.582,64.702],[-166.105,64.833],[-166.891,64.833],[-167.415,64.964],[-167.415,65.095],[-167.545,65.095],[-167.415,65.225],[-167.415,65.095],[-167.022,65.225],[-166.891,65.356],[-166.367,65.356],[-166.236,65.487],[-165.975,65.487],[-165.844,65.618],[-165.058,65.618],[-165.32,65.749],[-165.189,65.749],[-164.927,65.88],[-164.535,65.88],[-164.142,66.011],[-163.095,66.011],[-163.356,66.011],[-163.225,66.011],[-163.225,65.88],[-163.356,65.88],[-163.356,65.749],[-163.487,65.618],[-163.095,65.487],[-161.262,65.487],[-161.0,65.749],[-160.738,65.749],[-160.607,65.618],[-160.476,65.618],[-160.476,65.749],[-161.0,65.88],[-161.262,65.749],[-161.655,66.142],[-161.916,66.142],[-162.047,66.273],[-161.916,66.404],[-161.655,66.404],[-161.393,66.011],[-161.0,65.88],[-159.691,65.88],[-159.691,66.011],[-160.084,66.011],[-160.345,66.142],[-161.0,66.011],[-161.131,66.142],[-161.262,66.142],[-161.262,66.273],[-161.131,66.404],[-161.393,66.535],[-161.785,66.404],[-161.916,66.535],[-162.047,66.404],[-162.178,66.535],[-162.964,66.535],[-163.225,66.665],[-163.356,66.927],[-163.618,67.058],[-164.796,67.451],[-165.451,67.582],[-165.713,67.713],[-165.975,67.713],[-166.236,67.844],[-165.844,67.844],[-165.713,67.975],[-165.582,68.236],[-165.713,68.367],[-163.618,68.367],[-162.702,68.76],[-162.702,68.891],[-162.571,68.76],[-162.571,69.022],[-162.44,69.153],[-161.524,69.676],[-161.393,69.676],[-161.262,69.807],[-161.262,69.676],[-161.524,69.676],[-161.524,69.545],[-161.393,69.545],[-161.262,69.676],[-160.476,69.807],[-160.084,69.807],[-160.084,69.938],[-159.429,70.069],[-159.56,69.938],[-159.429,69.938],[-159.56,69.807],[-159.298,69.807],[-159.298,69.676],[-159.298,69.938],[-158.775,69.938],[-159.167,69.938],[-159.429,70.069],[-159.56,70.069],[-158.775,70.331],[-158.644,70.331],[-158.644,70.2],[-158.775,70.2],[-157.989,70.2],[-157.989,70.331],[-157.073,70.331],[-156.418,70.724],[-155.895,70.855],[-156.025,70.724],[-154.978,70.593],[-155.109,70.462],[-155.633,70.331],[-155.371,70.331]]]]}},{"type":"Feature","properties":{"iso3":"UZB","name":"Uzbekistan"},"geometry":{"type":"MultiPolygon","coordinates":[[[[72.149,39.436],[72.149,39.305],[72.149,39.436],[72.28,39.436],[72.149,39.436]]],[[[71.625,39.305],[71.495,39.305],[71.495,39.436],[71.364,39.436],[71.364,39.567],[71.495,39.567],[71.625,39.436],[71.625,39.305]]],[[[62.462,42.971],[63.247,42.971],[63.509,43.102],[64.164,43.102],[64.295,42.971],[64.949,42.971],[65.08,43.102],[65.473,43.102],[65.473,42.971],[65.604,42.971],[65.865,42.709],[65.996,42.709],[66.258,42.316],[66.389,42.316],[66.389,42.447],[66.52,42.447],[66.52,41.924],[66.389,41.793],[66.389,41.4],[66.913,41.4],[66.913,41.138],[67.044,41.007],[67.044,40.745],[67.175,40.615],[68.353,40.615],[68.484,40.484],[68.484,40.222],[68.615,40.222],[68.745,40.091],[69.007,40.091],[69.007,40.353],[69.138,40.353],[69.138,40.484],[69.531,40.745],[69.531,40.876],[69.793,40.876],[69.793,41.007],[70.055,41.007],[70.055,41.138],[70.447,41.138],[70.709,41.4],[70.709,41.531],[71.102,41.531],[71.102,41.662],[71.364,41.662],[71.495,41.793],[71.495,41.662],[71.625,41.662],[71.495,41.531],[71.233,41.531],[71.233,41.4],[71.102,41.4],[71.102,41.269],[70.971,41.269],[70.578,41.007],[70.709,40.876],[71.102,40.876],[71.233,40.745],[71.233,40.615],[71.887,40.615],[71.887,40.745],[72.018,40.745],[72.018,41.007],[72.149,41.007],[72.149,40.876],[72.28,40.876],[72.28,40.615],[72.542,40.615],[72.542,40.484],[72.935,40.484],[73.327,40.222],[73.458,40.353],[73.589,40.222],[73.196,40.091],[73.065,39.96],[72.804,39.96],[72.804,39.829],[72.673,39.829],[72.673,39.96],[72.542,39.829],[72.411,39.829],[72.411,39.698],[72.28,39.698],[72.149,39.567],[72.018,39.698],[70.971,39.698],[70.971,39.829],[70.84,39.829],[70.84,39.96],[70.971,39.96],[71.233,40.222],[71.102,40.222],[70.84,40.484],[70.578,40.222],[70.447,40.222],[70.185,40.091],[70.055,40.091],[69.924,40.222],[69.793,40.222],[69.793,40.091],[69.662,40.091],[69.662,39.96],[69.793,39.829],[69.662,39.698],[69.662,39.567],[69.531,39.698],[69.007,39.567],[69.4,39.567],[69.269,39.567],[69.269,39.305],[69.007,39.305],[69.007,39.044],[68.876,39.044],[68.876,38.913],[68.745,39.044],[67.96,39.044],[67.96,38.913],[67.829,38.913],[67.829,38.651],[68.091,38.651],[68.091,38.389],[68.615,38.389],[68.484,38.127],[68.484,37.865],[68.615,37.865],[68.615,37.735],[68.745,37.735],[68.745,37.473],[68.615,37.342],[68.484,37.342],[68.484,37.211],[68.353,36.949],[68.222,36.949],[68.222,36.556],[68.222,36.687],[67.567,36.687],[67.436,36.818],[66.913,36.818],[66.913,37.211],[67.044,37.342],[67.044,37.473],[66.782,37.473],[66.389,37.735],[65.865,37.735],[65.211,38.127],[65.08,38.127],[65.08,38.258],[64.556,38.389],[62.985,39.436],[62.855,39.436],[62.855,39.829],[62.462,40.091],[62.462,40.353],[62.069,40.745],[61.807,40.745],[61.807,40.615],[61.415,40.615],[61.284,40.745],[61.153,40.745],[60.891,40.615],[60.629,40.745],[60.498,40.876],[60.498,41.269],[60.629,41.269],[60.498,41.4],[60.367,41.4],[60.367,41.662],[60.236,41.793],[59.713,41.793],[59.582,41.924],[59.32,41.924],[59.32,42.055],[59.189,42.055],[59.058,42.185],[58.927,42.185],[58.927,42.055],[58.796,42.055],[58.665,42.185],[58.665,42.055],[58.535,42.055],[58.665,42.055],[58.665,41.924],[58.796,41.793],[58.927,41.793],[58.796,41.793],[58.665,41.924],[58.404,41.924],[58.404,41.793],[58.273,41.662],[57.749,41.662],[57.749,41.531],[57.618,41.531],[57.356,41.269],[57.487,40.745],[56.44,40.745],[56.44,44.411],[56.571,44.411],[56.702,44.542],[56.964,44.542],[57.225,44.673],[57.618,44.673],[57.749,44.804],[58.142,44.804],[58.404,44.935],[59.189,44.935],[59.582,44.673],[59.844,44.673],[59.975,44.542],[60.105,44.542],[60.236,44.411],[60.367,44.411],[60.498,44.28],[60.629,44.28],[60.76,44.149],[60.891,44.149],[61.022,44.018],[61.153,44.018],[61.284,43.887],[61.415,43.887],[61.676,43.495],[61.807,43.495],[62.331,42.971],[62.462,42.971]]],[[[70.971,40.484],[71.102,40.353],[71.102,40.484],[70.971,40.484]]]]}},{"type":"Feature","properties":{"iso3":"VCT","name":"Saint Vincent and the Grenadines"},"geometry":{"type":"MultiPolygon","coordinates":[[[[-60.724,12.076],[-60.855,12.076],[-60.855,12.207],[-60.724,12.207],[-60.724,12.076]]],[[[-60.593,12.6],[-60.724,12.6],[-60.724,12.731],[-60.593,12.862],[-60.593,12.6]]]]}},{"type":"Feature","properties":{"iso3":"VEN","name":"Venezuela"},"geometry":{"type":"MultiPolygon","coordinates":[[[[-60.462,8.28],[-60.462,8.411],[-60.331,8.542],[-60.331,8.28],[-60.462,8.28]]],[[[-60.2,8.542],[-60.331,8.542],[-60.331,8.673],[-60.2,8.673],[-60.2,8.542]]],[[[-63.342,10.636],[-63.211,10.505],[-63.211,10.375],[-63.865,10.375],[-63.735,10.505],[-63.473,10.505],[-63.342,10.636]]],[[[-69.233,11.16],[-69.102,11.029],[-69.102,10.898],[-68.316,10.898],[-67.793,10.636],[-67.793,10.375],[-67.662,10.375],[-67.793,10.244],[-67.793,10.113],[-67.662,9.982],[-67.531,9.982],[-67.269,9.851],[-67.007,9.982],[-66.615,9.982],[-66.484,10.113],[-65.698,10.113],[-65.305,9.72],[-65.044,9.72],[-64.913,9.589],[-64.782,9.589],[-64.52,9.458],[-64.389,9.589],[-64.258,9.589],[-63.604,9.851],[-63.211,9.851],[-63.211,9.982],[-63.735,9.982],[-63.735,10.113],[-62.425,10.113],[-62.164,10.244],[-61.64,10.113],[-61.378,10.244],[-61.378,10.113],[-61.64,10.113],[-61.771,9.982],[-62.295,9.982],[-62.295,9.851],[-62.164,9.851],[-62.164,9.458],[-62.033,9.458],[-62.033,9.72],[-62.033,9.589],[-61.902,9.589],[-61.902,9.327],[-61.771,9.196],[-61.64,9.327],[-61.64,9.458],[-61.509,9.458],[-61.247,9.196],[-61.247,9.065],[-61.116,9.065],[-61.116,9.196],[-61.247,9.196],[-61.116,9.196],[-60.985,9.327],[-60.724,9.065],[-60.462,9.065],[-60.2,8.804],[-60.331,8.673],[-60.462,8.673],[-60.462,8.542],[-60.593,8.411],[-60.593,8.149],[-60.724,8.018],[-61.116,8.018],[-60.985,8.018],[-60.855,7.887],[-60.462,7.887],[-60.331,8.018],[-59.415,8.018],[-59.284,7.756],[-59.415,7.625],[-59.415,7.495],[-59.676,7.495],[-59.676,7.364],[-59.807,7.233],[-59.938,7.233],[-60.2,6.971],[-60.069,6.84],[-60.069,6.578],[-59.807,6.578],[-59.807,6.447],[-60.069,6.316],[-60.069,6.185],[-60.593,6.185],[-60.593,5.662],[-60.855,5.4],[-60.593,5.138],[-60.462,4.876],[-60.2,4.615],[-60.069,4.615],[-60.069,4.222],[-60.331,4.222],[-60.331,4.091],[-60.462,3.96],[-60.724,3.96],[-60.855,3.829],[-60.985,3.829],[-60.985,3.698],[-61.247,3.698],[-61.509,3.567],[-62.033,3.567],[-62.033,3.436],[-62.164,3.436],[-62.164,3.175],[-62.295,3.044],[-62.425,3.044],[-62.425,3.175],[-62.556,3.175],[-62.818,3.436],[-62.949,3.305],[-63.08,3.305],[-63.08,3.436],[-63.473,3.436],[-63.604,3.567],[-63.996,3.567],[-64.127,3.698],[-64.258,3.698],[-63.996,3.305],[-63.735,3.044],[-63.604,3.044],[-63.735,2.913],[-63.735,2.782],[-63.604,2.651],[-63.604,2.389],[-63.473,2.258],[-63.473,1.865],[-62.818,1.865],[-62.818,1.604],[-62.949,1.604],[-63.08,1.473],[-63.342,1.473],[-63.604,1.08],[-63.604,0.949],[-63.865,0.949],[-64.127,0.687],[-64.389,0.687],[-64.782,0.295],[-64.913,0.295],[-64.913,0.164],[-65.044,0.164],[-64.913,0.295],[-65.044,0.425],[-65.305,0.425],[-65.305,0.295],[-65.436,0.295],[-65.567,0.164],[-65.829,0.164],[-65.829,0.295],[-66.091,0.425],[-66.353,0.687],[-66.353,0.949],[-66.484,1.08],[-66.484,1.342],[-66.615,1.473],[-66.615,1.865],[-66.745,1.865],[-66.876,1.996],[-66.876,2.127],[-67.007,2.127],[-67.007,2.258],[-67.269,2.258],[-67.269,2.389],[-67.007,2.651],[-66.745,2.782],[-66.745,2.913],[-67.138,3.305],[-67.138,3.567],[-67.269,3.698],[-67.269,4.876],[-67.138,4.876],[-67.138,5.138],[-66.876,5.4],[-66.876,5.662],[-67.007,5.662],[-67.138,5.793],[-67.269,5.793],[-67.4,5.662],[-68.578,5.662],[-68.578,5.531],[-68.84,5.531],[-69.233,5.924],[-69.364,6.185],[-69.625,6.447],[-70.018,6.447],[-70.149,6.578],[-70.28,6.578],[-70.411,6.447],[-71.458,6.447],[-71.589,6.578],[-71.589,6.84],[-71.851,6.84],[-71.851,6.971],[-71.982,7.102],[-71.851,7.233],[-71.851,7.887],[-71.982,7.887],[-72.113,8.018],[-72.113,8.28],[-72.244,8.542],[-72.375,8.542],[-72.505,8.673],[-72.767,8.673],[-72.767,8.804],[-72.505,9.065],[-72.505,9.196],[-72.375,9.458],[-72.375,9.982],[-71.982,10.375],[-71.982,10.505],[-71.851,10.505],[-71.72,10.636],[-71.458,11.029],[-71.458,11.16],[-70.935,11.16],[-70.804,11.291],[-70.804,11.16],[-71.458,11.029],[-71.458,10.898],[-71.327,10.898],[-71.327,10.636],[-71.196,10.636],[-71.065,10.505],[-71.196,10.375],[-71.196,10.244],[-71.065,10.113],[-71.065,9.851],[-71.327,9.589],[-71.458,9.589],[-71.589,9.196],[-71.458,9.065],[-71.458,8.935],[-71.327,8.935],[-71.196,8.804],[-71.196,8.542],[-70.673,8.542],[-70.673,8.673],[-70.542,8.804],[-70.542,9.327],[-70.673,9.458],[-70.673,9.589],[-70.935,9.851],[-70.935,10.375],[-70.018,10.767],[-69.625,10.767],[-69.625,10.898],[-69.495,10.898],[-69.495,11.029],[-69.364,10.898],[-69.233,10.898],[-69.233,11.16],[-69.364,11.16],[-69.625,11.029],[-69.625,11.16],[-69.756,11.291],[-69.495,11.684],[-69.233,11.422],[-69.233,11.16]]]]}},{"type":"Feature","properties":{"iso3":"VGB","name":"Virgin Islands, British"},"geometry":{"type":"MultiPolygon","coordinates":[[[[-63.865,17.967],[-63.865,17.836],[-63.865,17.967],[-63.735,17.967],[-63.865,17.967]]],[[[-63.735,18.229],[-63.735,18.098],[-63.735,18.229],[-63.865,18.229],[-63.735,18.229]]]]}},{"type":"Feature","properties":{"iso3":"VIR","name":"U.S. Virgin Islands"},"geometry":{"type":"MultiPolygon","coordinates":[[[[-64.258,17.182],[-63.996,17.182],[-64.389,17.182],[-64.258,17.182]]],[[[-64.258,17.836],[-64.389,17.705],[-64.52,17.836],[-64.258,17.836]]]]}},{"type":"Feature","properties":{"iso3":"VNM","name":"Vietnam"},"geometry":{"type":"MultiPolygon","coordinates":[[[[104.484,9.851],[104.484,9.458],[104.222,9.851],[104.484,9.851]]],[[[107.625,9.851],[107.495,9.72],[107.495,9.851],[107.625,9.851]]],[[[107.495,20.193],[107.364,20.193],[107.364,20.324],[107.495,20.324],[107.495,20.193]]],[[[107.887,20.324],[107.887,20.455],[108.018,20.455],[107.887,20.324]]],[[[108.018,20.716],[107.887,20.585],[107.887,20.716],[108.018,20.716]]],[[[106.185,22.418],[106.578,22.418],[106.709,22.287],[107.233,22.287],[107.102,22.156],[107.102,22.025],[106.971,22.025],[106.971,21.764],[107.102,21.764],[107.102,21.371],[107.102,21.502],[107.233,21.371],[107.495,21.371],[107.495,21.24],[107.625,21.109],[107.887,21.109],[107.887,20.978],[108.018,21.109],[108.28,21.109],[108.28,20.978],[108.411,20.978],[108.28,20.978],[108.149,20.847],[108.018,20.847],[107.756,20.585],[107.756,20.455],[107.102,20.455],[107.102,20.193],[107.233,20.193],[106.971,19.931],[106.971,19.669],[106.84,19.669],[106.578,19.407],[106.447,19.407],[106.185,19.015],[106.185,18.622],[106.055,18.491],[106.055,18.36],[106.185,18.229],[106.185,18.098],[106.447,17.705],[106.709,17.705],[106.84,17.444],[106.971,17.444],[106.84,17.313],[106.84,17.182],[107.102,16.789],[107.364,16.658],[107.756,16.265],[108.018,16.135],[108.018,16.004],[108.149,15.873],[108.28,15.873],[108.28,15.742],[108.542,15.742],[108.542,15.611],[109.065,15.087],[109.065,14.956],[109.196,14.825],[109.327,14.564],[109.327,14.433],[109.458,14.302],[109.458,14.04],[109.589,13.778],[109.589,13.516],[109.72,13.516],[109.72,12.6],[109.851,12.469],[109.851,12.076],[109.72,12.207],[109.589,12.076],[109.72,11.815],[109.589,11.815],[109.589,11.553],[109.72,11.422],[109.72,11.291],[109.589,11.422],[109.589,11.029],[109.458,11.029],[109.458,10.767],[109.196,10.767],[109.065,10.636],[108.935,10.636],[108.673,10.375],[108.542,10.375],[108.411,10.113],[107.887,9.982],[107.756,9.851],[107.625,9.851],[107.495,9.982],[107.495,10.113],[107.364,10.113],[107.364,9.851],[107.233,9.851],[107.102,9.982],[106.971,9.851],[107.233,9.851],[107.233,9.72],[106.84,9.72],[106.971,9.72],[107.102,9.589],[107.233,9.589],[107.102,9.458],[107.102,9.327],[106.84,9.327],[106.578,9.72],[106.578,9.589],[106.971,9.327],[106.971,9.065],[106.84,8.935],[106.578,9.065],[106.316,9.458],[106.578,9.065],[106.578,8.804],[105.924,8.542],[105.793,8.411],[105.793,8.28],[105.531,8.018],[105.138,8.018],[105.269,8.149],[105.269,9.196],[105.4,9.327],[105.531,9.327],[105.531,9.458],[105.4,9.458],[105.4,9.589],[105.007,9.589],[105.007,9.72],[104.876,9.72],[104.876,9.851],[105.007,9.982],[105.269,9.982],[105.4,10.113],[105.531,10.113],[105.4,10.244],[105.4,10.375],[105.531,10.375],[105.662,10.244],[105.793,10.244],[105.793,10.375],[106.185,10.375],[106.316,10.244],[106.316,10.375],[106.447,10.244],[106.578,10.244],[106.578,10.505],[106.316,10.636],[106.316,11.16],[106.84,11.16],[106.84,11.422],[107.102,11.422],[107.233,11.553],[107.364,11.553],[107.495,11.684],[107.625,11.684],[107.756,11.815],[107.756,11.684],[107.887,11.684],[107.887,11.815],[108.018,11.815],[108.018,12.207],[107.887,12.338],[107.887,12.469],[108.018,12.731],[108.018,13.124],[107.756,13.385],[107.756,13.778],[107.887,13.909],[107.887,14.04],[108.018,14.04],[107.887,14.171],[107.887,14.433],[108.018,14.564],[108.018,14.825],[107.887,14.956],[107.756,14.956],[107.756,15.087],[107.625,15.087],[107.625,15.218],[107.887,15.48],[107.756,15.48],[107.495,15.742],[107.364,15.742],[107.364,15.873],[107.233,16.004],[107.233,15.873],[107.102,15.873],[107.102,16.004],[106.971,16.004],[106.971,16.396],[106.84,16.396],[106.709,16.527],[106.709,16.658],[106.055,17.182],[106.055,17.444],[105.924,17.575],[105.793,17.575],[105.531,17.836],[105.531,18.098],[105.4,18.229],[105.138,18.229],[104.876,18.491],[104.484,18.622],[104.353,18.753],[104.484,18.884],[104.484,19.145],[104.745,19.145],[105.007,19.015],[105.269,19.276],[105.269,19.407],[105.4,19.407],[105.4,19.538],[105.269,19.669],[105.138,19.669],[105.138,19.8],[104.876,19.8],[104.876,19.931],[104.745,19.931],[104.876,19.931],[105.007,20.062],[105.007,20.193],[104.876,20.193],[104.745,20.324],[104.615,20.324],[104.484,20.455],[104.484,20.324],[104.353,20.324],[104.222,20.193],[103.829,20.193],[103.698,20.324],[103.567,20.324],[103.305,20.585],[103.305,20.978],[103.436,20.978],[103.436,21.109],[103.305,21.109],[103.305,21.24],[103.175,21.24],[103.175,21.109],[103.044,21.109],[103.044,21.371],[102.913,21.371],[102.913,21.502],[102.651,21.764],[102.52,21.764],[102.782,22.025],[102.782,22.156],[103.175,22.156],[103.305,22.025],[103.305,21.895],[103.436,21.895],[103.698,22.156],[103.829,22.156],[103.96,22.025],[103.96,22.156],[104.091,22.287],[104.091,22.156],[104.353,22.025],[104.615,22.287],[104.615,22.156],[105.138,22.287],[105.269,22.418],[105.269,22.549],[105.4,22.549],[105.4,22.68],[105.662,22.68],[105.662,22.811],[105.793,22.811],[105.924,22.68],[105.924,22.549],[106.055,22.418],[106.185,22.418]]]]}},{"type":"Feature","properties":{"iso3":"VUT","name":"Vanuatu"},"geometry":{"type":"MultiPolygon","coordinates":[[[[170.364,-20.651],[170.364,-20.651],[170.364,-20.52],[170.364,-20.52],[170.364,-20.651]]],[[[170.036,-19.996],[169.709,-20.127],[169.709,-19.996],[169.709,-19.996],[169.709,-19.735],[169.709,-19.735],[169.709,-19.865],[170.036,-19.996]]],[[[169.709,-19.342],[169.709,-19.473],[169.382,-19.342],[169.382,-19.08],[169.709,-19.08],[169.709,-19.211],[169.709,-19.211],[169.709,-19.342]]],[[[169.055,-18.033],[169.055,-18.164],[169.055,-18.164],[168.727,-18.295],[168.727,-18.164],[168.727,-18.164],[168.727,-18.164],[168.727,-18.033],[169.055,-18.033]]],[[[169.055,-17.247],[168.727,-17.247],[168.4,-17.116],[168.727,-16.985],[168.727,-17.116],[168.727,-17.116],[168.727,-17.247],[169.055,-17.247]]],[[[168.727,-16.724],[168.4,-16.724],[168.4,-16.593],[168.4,-16.593],[168.727,-16.462],[168.727,-16.593],[168.727,-16.724]]],[[[167.745,-16.462],[167.745,-16.593],[168.073,-16.593],[168.073,-16.724],[168.4,-16.724],[168.4,-16.985],[167.745,-16.985],[167.745,-16.724],[167.745,-16.593],[167.745,-16.593],[167.745,-16.331],[167.745,-16.331],[167.745,-16.462]]],[[[167.745,-16.2],[167.745,-16.069],[167.745,-16.069],[167.745,-16.2]]],[[[168.727,-16.331],[168.727,-16.462],[168.727,-16.331],[168.4,-16.069],[168.727,-15.938],[168.727,-16.331]]],[[[168.4,-15.807],[168.4,-15.938],[168.073,-15.938],[168.4,-15.676],[168.4,-15.676],[168.4,-15.807]]],[[[168.727,-15.807],[168.4,-15.807],[168.4,-15.415],[168.727,-15.676],[168.727,-15.807]]],[[[167.091,-15.284],[167.091,-15.545],[167.418,-15.545],[167.418,-15.284],[167.418,-15.545],[167.745,-15.545],[167.745,-16.069],[167.418,-15.938],[167.091,-16.069],[167.091,-15.938],[167.091,-15.807],[167.091,-15.284],[167.091,-15.153],[167.091,-15.022],[167.091,-15.153],[167.091,-15.284]]],[[[168.073,-14.629],[168.073,-14.76],[167.745,-14.76],[167.745,-14.629],[168.073,-14.629]]],[[[168.073,-14.367],[167.745,-14.367],[167.745,-14.105],[168.073,-14.236],[168.073,-14.367]]]]}},{"type":"Feature","properties":{"iso3":"WLF","name":"Wallis and Futuna"},"geometry":{"type":"MultiPolygon","coordinates":[[[[182.473,-14.76],[182.145,-14.76],[182.145,-14.629],[182.473,-14.76]]],[[[184.109,-13.713],[184.436,-13.582],[184.436,-13.713],[184.109,-13.713]]]]}},{"type":"Feature","properties":{"iso3":"WSM","name":"Samoa"},"geometry":{"type":"MultiPolygon","coordinates":[[[[189.018,-14.498],[188.691,-14.498],[188.691,-14.367],[188.364,-14.367],[188.364,-14.236],[189.018,-14.367],[189.018,-14.498]]],[[[188.036,-13.844],[188.364,-13.975],[188.364,-14.236],[188.036,-14.236],[187.709,-14.105],[187.709,-13.975],[187.709,-13.975],[187.709,-13.975],[188.036,-13.844]]]]}},{"type":"Feature","properties":{"iso3":"YEM","name":"Yemen"},"geometry":{"type":"MultiPolygon","coordinates":[[[[54.215,12.076],[54.607,12.076],[55.0,11.945],[54.738,11.945],[54.607,11.815],[53.953,11.815],[53.691,11.945],[53.953,12.207],[54.084,12.207],[54.215,12.076]]],[[[43.218,13.124],[43.087,13.124],[43.218,13.255],[43.218,13.124]]],[[[43.218,13.385],[43.087,13.516],[43.218,13.516],[43.218,13.385]]],[[[42.956,14.695],[42.956,14.825],[43.087,14.825],[42.956,14.695]]],[[[53.298,16.527],[53.56,16.135],[53.036,15.873],[52.905,15.873],[52.644,15.611],[52.644,15.087],[52.513,15.087],[52.12,14.825],[51.989,14.825],[51.465,14.564],[50.811,14.433],[50.549,14.302],[50.287,14.302],[49.502,13.909],[49.24,13.516],[48.978,13.516],[48.847,13.385],[48.324,13.516],[48.324,13.385],[47.8,13.124],[47.669,12.993],[47.407,12.993],[47.276,12.862],[46.36,12.862],[46.098,12.731],[45.967,12.731],[45.836,12.469],[45.575,12.469],[45.575,12.338],[45.444,12.207],[45.051,12.207],[44.789,12.076],[44.265,12.076],[44.004,12.207],[43.873,12.207],[43.873,12.338],[43.611,12.731],[43.742,13.124],[43.48,13.516],[43.48,14.04],[43.349,14.171],[43.349,14.433],[43.087,14.695],[43.087,14.825],[43.218,14.695],[43.218,14.825],[43.087,15.087],[43.218,15.48],[43.218,15.873],[43.349,16.004],[43.48,16.004],[43.48,16.135],[43.611,16.135],[43.611,16.265],[43.48,16.396],[43.611,16.527],[43.611,16.789],[43.742,16.92],[44.135,16.92],[44.135,16.789],[44.527,16.789],[44.789,16.92],[44.92,16.789],[45.182,16.92],[45.575,16.92],[45.705,16.789],[45.967,16.789],[46.229,16.658],[47.145,16.658],[47.407,16.396],[47.669,16.396],[47.8,16.527],[47.931,16.527],[47.931,16.789],[48.455,17.444],[48.716,17.705],[49.24,17.967],[49.502,17.967],[49.633,18.098],[50.156,18.098],[50.418,18.229],[51.073,18.229],[51.335,18.36],[52.12,18.36],[52.382,18.491],[52.513,18.36],[52.513,18.098],[52.644,18.098],[52.644,17.836],[52.905,17.444],[52.905,17.182],[53.036,17.182],[53.036,16.92],[53.167,16.789],[53.167,16.658],[53.298,16.658],[53.298,16.527]]]]}},{"type":"Feature","properties":{"iso3":"ZAF","name":"South Africa"},"geometry":{"type":"MultiPolygon","coordinates":[[[[38.244,-47.356],[37.982,-47.356],[38.113,-47.225],[38.244,-47.225],[38.244,-47.356],[38.375,-47.356],[38.244,-47.356]]],[[[30.651,-22.745],[31.567,-22.745],[31.829,-23.007],[31.829,-23.4],[31.96,-23.662],[31.96,-23.924],[32.091,-23.924],[32.091,-24.185],[32.222,-24.316],[32.222,-24.447],[32.353,-24.709],[32.353,-26.411],[31.829,-26.149],[31.698,-26.149],[31.698,-26.28],[31.175,-26.804],[31.175,-27.196],[31.305,-27.196],[31.305,-27.327],[31.436,-27.589],[31.698,-27.72],[32.353,-27.72],[32.353,-27.327],[32.484,-27.196],[32.484,-27.327],[32.615,-27.196],[32.745,-27.327],[33.269,-27.327],[33.269,-27.458],[33.138,-27.851],[33.007,-28.636],[32.745,-28.898],[32.745,-29.029],[32.484,-29.291],[32.353,-29.291],[31.698,-29.815],[31.436,-30.338],[30.913,-31.124],[30.389,-31.778],[30.258,-31.909],[30.127,-31.909],[29.865,-32.04],[29.342,-32.695],[28.295,-33.48],[28.164,-33.48],[27.771,-33.742],[27.509,-34.004],[26.985,-34.135],[26.2,-34.135],[26.069,-34.265],[26.069,-34.396],[25.415,-34.396],[25.284,-34.527],[25.284,-34.658],[25.022,-34.658],[24.105,-34.396],[23.975,-34.396],[23.713,-34.527],[23.32,-34.527],[23.189,-34.396],[22.927,-34.396],[22.796,-34.527],[22.665,-34.527],[22.273,-34.789],[21.356,-34.789],[21.225,-34.92],[20.833,-34.92],[20.44,-35.182],[20.047,-35.182],[19.785,-35.051],[19.785,-34.92],[19.655,-34.92],[19.655,-34.789],[19.262,-34.789],[19.262,-34.527],[18.869,-34.527],[18.869,-34.789],[18.869,-34.658],[18.738,-34.658],[18.738,-34.396],[18.869,-34.265],[18.869,-34.135],[18.738,-34.004],[18.738,-33.873],[18.345,-33.48],[18.345,-33.349],[18.215,-33.218],[18.345,-33.218],[18.345,-33.087],[18.476,-33.218],[18.607,-33.218],[18.738,-33.087],[18.738,-32.564],[18.607,-32.04],[18.345,-31.778],[17.56,-30.469],[17.429,-29.815],[16.905,-29.029],[17.036,-28.898],[17.167,-28.898],[17.167,-28.767],[17.298,-28.636],[17.298,-28.505],[17.56,-28.505],[17.691,-28.636],[17.822,-28.636],[17.822,-29.16],[18.215,-29.16],[18.345,-29.291],[19.393,-29.291],[19.524,-29.422],[19.655,-29.291],[19.655,-29.16],[19.785,-29.16],[20.047,-28.898],[20.44,-28.898],[20.44,-25.233],[20.833,-25.495],[20.833,-25.625],[20.964,-25.625],[21.095,-25.887],[21.095,-26.149],[21.225,-26.28],[21.225,-26.673],[21.095,-26.804],[21.095,-27.196],[21.225,-27.327],[21.356,-27.196],[21.487,-27.327],[21.88,-27.196],[21.88,-27.327],[22.142,-27.327],[22.142,-27.196],[22.273,-27.196],[22.273,-27.065],[22.535,-27.065],[22.665,-26.804],[22.927,-26.673],[22.927,-26.542],[23.058,-26.542],[23.189,-26.28],[23.189,-26.018],[23.32,-25.887],[23.32,-25.756],[23.975,-25.756],[24.236,-26.018],[24.629,-26.018],[24.76,-26.149],[25.022,-26.149],[25.153,-26.28],[25.284,-26.28],[25.415,-26.149],[25.938,-26.149],[26.069,-26.018],[26.069,-25.756],[26.2,-25.625],[26.331,-25.364],[26.331,-25.233],[26.462,-25.102],[26.855,-25.102],[26.855,-24.971],[26.985,-24.971],[26.985,-24.84],[27.247,-24.709],[27.378,-24.185],[27.509,-24.055],[27.509,-23.924],[27.64,-23.924],[27.771,-23.793],[28.033,-23.793],[28.033,-23.662],[28.164,-23.662],[28.164,-23.531],[28.295,-23.531],[28.295,-23.4],[28.425,-23.4],[28.425,-23.269],[28.818,-23.007],[29.08,-23.007],[29.211,-22.876],[29.342,-22.876],[29.604,-22.615],[30.389,-22.615],[30.651,-22.745]]],[[[28.295,-29.291],[28.164,-29.422],[28.033,-29.422],[28.033,-29.553],[27.902,-29.684],[27.902,-29.815],[27.771,-29.945],[27.64,-29.945],[27.509,-30.076],[27.509,-30.207],[27.64,-30.338],[27.64,-30.469],[27.771,-30.469],[27.771,-30.731],[27.902,-30.731],[27.902,-30.862],[28.033,-30.862],[28.033,-30.993],[28.295,-30.993],[28.425,-31.124],[28.425,-30.993],[28.556,-30.993],[28.556,-30.862],[28.687,-30.6],[29.08,-30.6],[29.211,-30.469],[29.342,-30.469],[29.604,-30.207],[29.604,-30.076],[29.735,-30.076],[29.735,-29.815],[29.865,-29.684],[29.735,-29.684],[29.735,-29.553],[29.604,-29.422],[29.473,-29.422],[29.342,-29.291],[29.342,-29.16],[29.211,-29.16],[29.08,-29.029],[28.949,-29.029],[28.687,-29.16],[28.556,-29.16],[28.425,-29.291],[28.295,-29.291]]]]}},{"type":"Feature","properties":{"iso3":"ZMB","name":"Zambia"},"geometry":{"type":"MultiPolygon","coordinates":[[[[33.4,-9.785],[33.4,-10.047],[33.662,-10.047],[33.662,-10.178],[33.793,-10.178],[33.793,-10.571],[33.924,-10.571],[33.924,-10.833],[34.055,-10.964],[33.924,-11.225],[33.662,-11.225],[33.662,-11.356],[33.793,-11.487],[33.793,-11.618],[33.662,-11.88],[33.662,-12.011],[33.793,-12.142],[33.793,-12.273],[33.662,-12.273],[33.662,-12.535],[33.793,-12.796],[33.924,-12.796],[33.793,-12.927],[33.662,-12.927],[33.4,-13.058],[33.4,-13.713],[33.269,-13.844],[33.269,-13.975],[33.138,-13.975],[33.138,-14.105],[33.269,-14.105],[33.138,-14.236],[33.269,-14.236],[33.4,-14.367],[33.4,-14.498],[33.531,-14.498],[33.531,-14.367],[33.662,-14.498],[33.269,-14.498],[32.745,-14.76],[32.484,-14.76],[32.353,-14.891],[32.091,-14.891],[32.091,-15.022],[31.698,-15.022],[31.567,-15.153],[31.305,-15.153],[30.651,-15.415],[30.651,-15.545],[30.782,-15.676],[30.782,-16.069],[29.865,-16.069],[29.473,-16.331],[29.342,-16.331],[29.342,-16.724],[29.211,-16.855],[29.211,-16.985],[28.295,-17.378],[28.033,-17.64],[27.509,-18.425],[26.985,-18.425],[26.724,-18.295],[26.593,-18.295],[26.462,-18.425],[26.331,-18.425],[26.2,-18.295],[25.938,-18.295],[25.545,-18.033],[25.415,-18.033],[25.153,-17.902],[24.498,-17.902],[24.236,-18.033],[23.844,-18.033],[23.32,-17.771],[23.189,-17.509],[22.927,-17.378],[22.927,-17.247],[22.535,-16.985],[22.404,-16.724],[22.404,-13.451],[24.367,-13.451],[24.367,-12.011],[24.498,-11.88],[24.498,-11.618],[24.367,-11.487],[24.367,-11.356],[24.498,-11.356],[24.498,-11.487],[24.76,-11.487],[24.76,-11.88],[24.891,-11.88],[25.153,-11.749],[25.545,-11.749],[25.545,-11.618],[25.807,-11.618],[25.676,-11.749],[25.676,-11.88],[25.807,-12.011],[25.807,-12.142],[26.069,-12.142],[26.724,-12.404],[27.378,-12.404],[27.378,-12.273],[27.509,-12.142],[27.509,-12.011],[27.64,-12.011],[27.64,-12.273],[27.902,-12.404],[27.902,-12.665],[28.295,-12.665],[28.556,-12.796],[28.687,-12.796],[28.818,-12.927],[28.818,-13.058],[28.949,-13.058],[28.949,-13.32],[29.211,-13.32],[29.211,-13.451],[29.342,-13.582],[29.342,-13.713],[29.473,-13.844],[29.735,-13.844],[29.865,-13.713],[29.996,-13.713],[30.127,-13.844],[30.258,-13.844],[30.258,-12.535],[30.127,-12.535],[30.127,-12.665],[29.865,-12.665],[29.865,-12.796],[29.473,-12.796],[28.818,-12.142],[28.818,-11.749],[28.949,-11.487],[28.949,-11.225],[29.08,-11.095],[29.08,-10.047],[28.818,-9.655],[28.949,-9.655],[29.08,-9.524],[29.08,-9.393],[29.211,-9.393],[29.211,-9.262],[29.342,-9.262],[29.342,-8.869],[29.865,-8.869],[30.127,-8.738],[30.782,-8.738],[31.044,-8.607],[31.175,-8.607],[31.175,-8.738],[31.436,-9.0],[31.829,-9.0],[31.829,-9.131],[31.96,-9.131],[31.96,-9.262],[32.091,-9.262],[32.091,-9.393],[32.353,-9.393],[32.353,-9.524],[32.876,-9.524],[32.876,-9.655],[33.007,-9.655],[33.138,-9.785],[33.4,-9.785]]]]}},{"type":"Feature","properties":{"iso3":"ZWE","name":"Zimbabwe"},"geometry":{"type":"MultiPolygon","coordinates":[[[[31.698,-22.876],[31.567,-22.745],[30.651,-22.745],[30.389,-22.615],[29.735,-22.615],[29.604,-22.484],[29.473,-22.484],[29.473,-22.222],[29.342,-22.222],[29.211,-22.091],[28.949,-22.091],[28.425,-21.96],[28.295,-21.829],[28.295,-21.698],[28.033,-21.436],[28.164,-21.305],[28.164,-20.913],[27.771,-20.913],[27.64,-20.782],[27.64,-20.52],[27.509,-20.52],[26.724,-19.996],[26.593,-19.996],[26.331,-19.473],[26.331,-19.342],[26.2,-19.211],[26.2,-19.08],[25.807,-18.687],[25.807,-18.556],[25.676,-18.425],[25.676,-18.164],[25.938,-18.295],[26.2,-18.295],[26.331,-18.425],[26.462,-18.425],[26.593,-18.295],[26.724,-18.295],[26.985,-18.425],[27.509,-18.425],[27.64,-18.164],[28.164,-17.509],[28.295,-17.378],[28.818,-17.116],[29.211,-16.985],[29.211,-16.855],[29.342,-16.724],[29.342,-16.331],[29.473,-16.331],[29.865,-16.069],[30.782,-16.069],[30.782,-16.462],[31.698,-16.462],[31.829,-16.593],[32.091,-16.593],[32.353,-16.855],[32.615,-16.855],[32.876,-16.985],[33.007,-16.985],[33.138,-17.116],[33.4,-17.116],[33.4,-17.247],[33.269,-17.247],[33.269,-17.509],[33.4,-17.64],[33.4,-18.949],[33.269,-19.08],[33.269,-19.211],[33.138,-19.211],[33.138,-19.473],[33.269,-19.473],[33.269,-19.604],[33.138,-19.865],[33.269,-19.996],[33.269,-20.127],[33.4,-20.258],[33.4,-20.389],[33.269,-20.651],[33.269,-20.782],[33.007,-21.044],[32.876,-21.044],[32.876,-21.436],[32.745,-21.567],[32.876,-21.698],[32.745,-21.698],[32.615,-21.96],[31.698,-22.876]]]]}}]}